ISO-10303-21;
HEADER;
/* Generated by software containing ST-Developer
 * from STEP Tools, Inc. (www.steptools.com) 
 */

FILE_DESCRIPTION(
/* description */ (''),
/* implementation_level */ '2;1');

FILE_NAME(
/* name */ 'BaseTop.step',
/* time_stamp */ '2026-04-09T15:04:54+02:00',
/* author */ (''),
/* organization */ (''),
/* preprocessor_version */ 'ST-DEVELOPER v20.1',
/* originating_system */ 'Autodesk Translation Framework v14.24.0.0',
/* authorisation */ '');

FILE_SCHEMA (('AUTOMOTIVE_DESIGN { 1 0 10303 214 3 1 1 }'));
ENDSEC;

DATA;
#10=MECHANICAL_DESIGN_GEOMETRIC_PRESENTATION_REPRESENTATION('',(#13),#3443);
#11=SHAPE_REPRESENTATION_RELATIONSHIP('SRR','None',#3450,#12);
#12=ADVANCED_BREP_SHAPE_REPRESENTATION('',(#14),#3442);
#13=STYLED_ITEM('',(#3460),#14);
#14=MANIFOLD_SOLID_BREP('Body1',#1949);
#15=B_SPLINE_CURVE_WITH_KNOTS('',3,(#2702,#2703,#2704,#2705,#2706,#2707,
#2708,#2709,#2710,#2711,#2712,#2713,#2714,#2715,#2716,#2717,#2718,#2719,
#2720,#2721,#2722,#2723),.UNSPECIFIED.,.F.,.F.,(4,2,2,2,2,2,2,2,2,2,4),
(0.,0.0523979495491309,0.104795899098262,0.209591798196524,0.347570470534949,
0.485549142873375,0.659073045303608,0.832596947733841,0.929449610569666,
0.977875941987579,1.02630227340549),.UNSPECIFIED.);
#16=B_SPLINE_CURVE_WITH_KNOTS('',3,(#2724,#2725,#2726,#2727,#2728,#2729,
#2730,#2731,#2732,#2733,#2734,#2735,#2736,#2737,#2738,#2739,#2740,#2741,
#2742,#2743),.UNSPECIFIED.,.F.,.F.,(4,2,2,2,2,2,2,2,2,4),(1.02630227340549,
1.0747286048234,1.12315493624132,1.22000759907714,1.39353150150738,1.56705540393761,
1.71794871501806,1.8688420260985,1.96056051463307,2.05227900316764),
 .UNSPECIFIED.);
#17=B_SPLINE_CURVE_WITH_KNOTS('',3,(#2746,#2747,#2748,#2749,#2750,#2751,
#2752,#2753,#2754,#2755,#2756,#2757,#2758,#2759,#2760,#2761,#2762,#2763,
#2764,#2765),.UNSPECIFIED.,.F.,.F.,(4,2,2,2,2,2,2,2,2,4),(0.,0.0917184885345696,
0.183436977069139,0.334330288149588,0.485223599230037,0.65874750166027,
0.832271404090503,0.929124066926328,0.977550398344241,1.02597672976215),
 .UNSPECIFIED.);
#18=B_SPLINE_CURVE_WITH_KNOTS('',3,(#2766,#2767,#2768,#2769,#2770,#2771,
#2772,#2773,#2774,#2775,#2776,#2777,#2778,#2779,#2780,#2781,#2782,#2783,
#2784,#2785),.UNSPECIFIED.,.F.,.F.,(4,2,2,2,2,2,2,2,2,4),(1.02597672976215,
1.07440306118007,1.12282939259798,1.2196820554338,1.39320595786404,1.56672986029427,
1.71762317137472,1.86851648245517,1.96023497098974,2.05195345952431),
 .UNSPECIFIED.);
#19=B_SPLINE_CURVE_WITH_KNOTS('',3,(#2869,#2870,#2871,#2872,#2873,#2874,
#2875,#2876,#2877,#2878,#2879,#2880,#2881,#2882,#2883,#2884,#2885,#2886,
#2887,#2888,#2889,#2890,#2891,#2892,#2893,#2894,#2895,#2896,#2897,#2898,
#2899,#2900,#2901,#2902,#2903,#2904,#2905,#2906,#2907,#2908),
 .UNSPECIFIED.,.T.,.F.,(4,2,2,2,2,2,2,2,2,2,2,2,2,2,2,2,2,2,2,4),(0.,0.0484263314179125,
0.0968526628358249,0.19370532567165,0.367229228101884,0.540753130532117,
0.691646441612565,0.842539752693013,0.934258241227583,1.02597672976215,
1.07837467931128,1.13077262886042,1.23556852795868,1.3735472002971,1.51152587263553,
1.68504977506576,1.858573677496,1.95542634033182,2.00385267174973,2.05227900316765),
 .UNSPECIFIED.);
#20=B_SPLINE_CURVE_WITH_KNOTS('',3,(#2911,#2912,#2913,#2914,#2915,#2916,
#2917,#2918,#2919,#2920,#2921,#2922,#2923,#2924,#2925,#2926,#2927,#2928,
#2929,#2930),.UNSPECIFIED.,.F.,.F.,(4,2,2,2,2,2,2,2,2,4),(0.,0.0917184885345698,
0.18343697706914,0.334330288149588,0.485223599230036,0.658747501660268,
0.832271404090501,0.929124066926326,0.977550398344239,1.02597672976215),
 .UNSPECIFIED.);
#21=B_SPLINE_CURVE_WITH_KNOTS('',3,(#2931,#2932,#2933,#2934,#2935,#2936,
#2937,#2938,#2939,#2940,#2941,#2942,#2943,#2944,#2945,#2946,#2947,#2948,
#2949,#2950),.UNSPECIFIED.,.F.,.F.,(4,2,2,2,2,2,2,2,2,4),(1.02597672976215,
1.07440306118006,1.12282939259798,1.2196820554338,1.39320595786404,1.56672986029427,
1.71762317137472,1.86851648245516,1.96023497098973,2.0519534595243),
 .UNSPECIFIED.);
#22=B_SPLINE_CURVE_WITH_KNOTS('',3,(#3024,#3025,#3026,#3027,#3028,#3029,
#3030,#3031,#3032,#3033,#3034,#3035,#3036,#3037,#3038,#3039,#3040,#3041,
#3042,#3043,#3044,#3045,#3046,#3047,#3048,#3049,#3050,#3051,#3052,#3053,
#3054,#3055,#3056,#3057,#3058,#3059,#3060,#3061),.UNSPECIFIED.,.T.,.F.,
(4,2,2,2,2,2,2,2,2,2,2,2,2,2,2,2,2,2,4),(0.,0.0484263314179124,0.0968526628358249,
0.19370532567165,0.367229228101883,0.540753130532117,0.691646441612565,
0.842539752693013,0.934258241227583,1.02597672976215,1.11769521829672,1.20941370683129,
1.36030701791174,1.51120032899219,1.68472423142242,1.85824813385266,1.95510079668848,
2.00352712810639,2.05195345952431),.UNSPECIFIED.);
#23=B_SPLINE_CURVE_WITH_KNOTS('',3,(#3064,#3065,#3066,#3067,#3068,#3069,
#3070,#3071,#3072,#3073,#3074,#3075,#3076,#3077,#3078,#3079,#3080,#3081,
#3082,#3083,#3084,#3085),.UNSPECIFIED.,.F.,.F.,(4,2,2,2,2,2,2,2,2,2,4),
(0.,0.052397949549131,0.104795899098262,0.209591798196524,0.347570470534949,
0.485549142873374,0.659073045303607,0.832596947733839,0.929449610569665,
0.977875941987578,1.02630227340549),.UNSPECIFIED.);
#24=B_SPLINE_CURVE_WITH_KNOTS('',3,(#3086,#3087,#3088,#3089,#3090,#3091,
#3092,#3093,#3094,#3095,#3096,#3097,#3098,#3099,#3100,#3101,#3102,#3103,
#3104,#3105),.UNSPECIFIED.,.F.,.F.,(4,2,2,2,2,2,2,2,2,4),(1.02630227340549,
1.0747286048234,1.12315493624132,1.22000759907714,1.39353150150737,1.56705540393761,
1.71794871501806,1.8688420260985,1.96056051463307,2.05227900316764),
 .UNSPECIFIED.);
#25=B_SPLINE_CURVE_WITH_KNOTS('',3,(#3135,#3136,#3137,#3138,#3139,#3140,
#3141,#3142,#3143,#3144,#3145,#3146,#3147,#3148,#3149,#3150,#3151,#3152,
#3153,#3154,#3155,#3156),.UNSPECIFIED.,.F.,.F.,(4,2,2,2,2,2,2,2,2,2,4),
(0.,0.052397949549131,0.104795899098262,0.209591798196524,0.347570470534949,
0.485549142873375,0.659073045303608,0.832596947733841,0.929449610569666,
0.977875941987579,1.02630227340549),.UNSPECIFIED.);
#26=B_SPLINE_CURVE_WITH_KNOTS('',3,(#3157,#3158,#3159,#3160,#3161,#3162,
#3163,#3164,#3165,#3166,#3167,#3168,#3169,#3170,#3171,#3172,#3173,#3174,
#3175,#3176),.UNSPECIFIED.,.F.,.F.,(4,2,2,2,2,2,2,2,2,4),(1.02630227340549,
1.0747286048234,1.12315493624132,1.22000759907714,1.39353150150738,1.56705540393761,
1.71794871501806,1.86884202609851,1.96056051463308,2.05227900316765),
 .UNSPECIFIED.);
#27=B_SPLINE_CURVE_WITH_KNOTS('',3,(#3179,#3180,#3181,#3182,#3183,#3184,
#3185,#3186,#3187,#3188,#3189,#3190,#3191,#3192,#3193,#3194,#3195,#3196,
#3197,#3198),.UNSPECIFIED.,.F.,.F.,(4,2,2,2,2,2,2,2,2,4),(0.,0.0917184885345696,
0.183436977069139,0.334330288149588,0.485223599230036,0.658747501660269,
0.832271404090502,0.929124066926327,0.97755039834424,1.02597672976215),
 .UNSPECIFIED.);
#28=B_SPLINE_CURVE_WITH_KNOTS('',3,(#3199,#3200,#3201,#3202,#3203,#3204,
#3205,#3206,#3207,#3208,#3209,#3210,#3211,#3212,#3213,#3214,#3215,#3216,
#3217,#3218),.UNSPECIFIED.,.F.,.F.,(4,2,2,2,2,2,2,2,2,4),(1.02597672976215,
1.07440306118007,1.12282939259798,1.2196820554338,1.39320595786404,1.56672986029427,
1.71762317137472,1.86851648245517,1.96023497098974,2.05195345952431),
 .UNSPECIFIED.);
#29=CYLINDRICAL_SURFACE('',#1971,32.5);
#30=CYLINDRICAL_SURFACE('',#1984,32.5);
#31=CYLINDRICAL_SURFACE('',#2001,32.5);
#32=CYLINDRICAL_SURFACE('',#2005,32.5);
#33=CYLINDRICAL_SURFACE('',#2031,2.5);
#34=CYLINDRICAL_SURFACE('',#2032,2.5);
#35=CYLINDRICAL_SURFACE('',#2033,2.5);
#36=CYLINDRICAL_SURFACE('',#2034,2.5);
#37=CYLINDRICAL_SURFACE('',#2035,2.5);
#38=CYLINDRICAL_SURFACE('',#2036,2.5);
#39=CYLINDRICAL_SURFACE('',#2037,2.5);
#40=CYLINDRICAL_SURFACE('',#2038,2.5);
#41=CYLINDRICAL_SURFACE('',#2039,31.75);
#42=CYLINDRICAL_SURFACE('',#2040,1.1);
#43=CYLINDRICAL_SURFACE('',#2043,1.1);
#44=CYLINDRICAL_SURFACE('',#2046,1.1);
#45=CYLINDRICAL_SURFACE('',#2049,1.1);
#46=FACE_BOUND('',#195,.T.);
#47=FACE_BOUND('',#198,.T.);
#48=FACE_BOUND('',#200,.T.);
#49=FACE_BOUND('',#201,.T.);
#50=FACE_BOUND('',#203,.T.);
#51=FACE_BOUND('',#207,.T.);
#52=FACE_BOUND('',#209,.T.);
#53=FACE_BOUND('',#210,.T.);
#54=FACE_BOUND('',#212,.T.);
#55=FACE_BOUND('',#215,.T.);
#56=FACE_BOUND('',#219,.T.);
#57=FACE_BOUND('',#221,.T.);
#58=FACE_BOUND('',#223,.T.);
#59=FACE_BOUND('',#224,.T.);
#60=FACE_BOUND('',#227,.T.);
#61=FACE_BOUND('',#228,.T.);
#62=FACE_BOUND('',#238,.T.);
#63=FACE_BOUND('',#240,.T.);
#64=FACE_BOUND('',#269,.T.);
#65=FACE_BOUND('',#275,.T.);
#66=FACE_BOUND('',#281,.T.);
#67=FACE_BOUND('',#287,.T.);
#68=CIRCLE('',#1964,2.5);
#69=CIRCLE('',#1967,32.5);
#70=CIRCLE('',#1968,32.5);
#71=CIRCLE('',#1969,32.5);
#72=CIRCLE('',#1970,31.75);
#73=CIRCLE('',#1972,32.5);
#74=CIRCLE('',#1973,32.5);
#75=CIRCLE('',#1974,32.5);
#76=CIRCLE('',#1976,2.5);
#77=CIRCLE('',#1978,31.75);
#78=CIRCLE('',#1981,32.5);
#79=CIRCLE('',#1982,32.5);
#80=CIRCLE('',#1983,32.5);
#81=CIRCLE('',#1985,32.5);
#82=CIRCLE('',#1986,32.5);
#83=CIRCLE('',#1987,32.5);
#84=CIRCLE('',#1989,2.5);
#85=CIRCLE('',#1991,31.75);
#86=CIRCLE('',#1993,2.5);
#87=CIRCLE('',#1996,31.75);
#88=CIRCLE('',#1998,2.5);
#89=CIRCLE('',#2000,2.5);
#90=CIRCLE('',#2002,32.5);
#91=CIRCLE('',#2003,32.5);
#92=CIRCLE('',#2006,32.5);
#93=CIRCLE('',#2007,32.5);
#94=CIRCLE('',#2017,2.5);
#95=CIRCLE('',#2019,2.5);
#96=CIRCLE('',#2021,1.1);
#97=CIRCLE('',#2023,1.1);
#98=CIRCLE('',#2024,1.1);
#99=CIRCLE('',#2026,1.1);
#100=CIRCLE('',#2027,1.1);
#101=CIRCLE('',#2029,1.1);
#102=CIRCLE('',#2041,1.1);
#103=CIRCLE('',#2042,1.1);
#104=CIRCLE('',#2044,1.1);
#105=CIRCLE('',#2045,1.1);
#106=CIRCLE('',#2047,1.1);
#107=CIRCLE('',#2048,1.1);
#108=CIRCLE('',#2050,1.1);
#109=CIRCLE('',#2051,1.1);
#110=FACE_OUTER_BOUND('',#194,.T.);
#111=FACE_OUTER_BOUND('',#196,.T.);
#112=FACE_OUTER_BOUND('',#197,.T.);
#113=FACE_OUTER_BOUND('',#199,.T.);
#114=FACE_OUTER_BOUND('',#202,.T.);
#115=FACE_OUTER_BOUND('',#204,.T.);
#116=FACE_OUTER_BOUND('',#205,.T.);
#117=FACE_OUTER_BOUND('',#206,.T.);
#118=FACE_OUTER_BOUND('',#208,.T.);
#119=FACE_OUTER_BOUND('',#211,.T.);
#120=FACE_OUTER_BOUND('',#213,.T.);
#121=FACE_OUTER_BOUND('',#214,.T.);
#122=FACE_OUTER_BOUND('',#216,.T.);
#123=FACE_OUTER_BOUND('',#217,.T.);
#124=FACE_OUTER_BOUND('',#218,.T.);
#125=FACE_OUTER_BOUND('',#220,.T.);
#126=FACE_OUTER_BOUND('',#222,.T.);
#127=FACE_OUTER_BOUND('',#225,.T.);
#128=FACE_OUTER_BOUND('',#226,.T.);
#129=FACE_OUTER_BOUND('',#229,.T.);
#130=FACE_OUTER_BOUND('',#230,.T.);
#131=FACE_OUTER_BOUND('',#231,.T.);
#132=FACE_OUTER_BOUND('',#232,.T.);
#133=FACE_OUTER_BOUND('',#233,.T.);
#134=FACE_OUTER_BOUND('',#234,.T.);
#135=FACE_OUTER_BOUND('',#235,.T.);
#136=FACE_OUTER_BOUND('',#236,.T.);
#137=FACE_OUTER_BOUND('',#237,.T.);
#138=FACE_OUTER_BOUND('',#239,.T.);
#139=FACE_OUTER_BOUND('',#241,.T.);
#140=FACE_OUTER_BOUND('',#242,.T.);
#141=FACE_OUTER_BOUND('',#243,.T.);
#142=FACE_OUTER_BOUND('',#244,.T.);
#143=FACE_OUTER_BOUND('',#245,.T.);
#144=FACE_OUTER_BOUND('',#246,.T.);
#145=FACE_OUTER_BOUND('',#247,.T.);
#146=FACE_OUTER_BOUND('',#248,.T.);
#147=FACE_OUTER_BOUND('',#249,.T.);
#148=FACE_OUTER_BOUND('',#250,.T.);
#149=FACE_OUTER_BOUND('',#251,.T.);
#150=FACE_OUTER_BOUND('',#252,.T.);
#151=FACE_OUTER_BOUND('',#253,.T.);
#152=FACE_OUTER_BOUND('',#254,.T.);
#153=FACE_OUTER_BOUND('',#255,.T.);
#154=FACE_OUTER_BOUND('',#256,.T.);
#155=FACE_OUTER_BOUND('',#257,.T.);
#156=FACE_OUTER_BOUND('',#258,.T.);
#157=FACE_OUTER_BOUND('',#259,.T.);
#158=FACE_OUTER_BOUND('',#260,.T.);
#159=FACE_OUTER_BOUND('',#261,.T.);
#160=FACE_OUTER_BOUND('',#262,.T.);
#161=FACE_OUTER_BOUND('',#263,.T.);
#162=FACE_OUTER_BOUND('',#264,.T.);
#163=FACE_OUTER_BOUND('',#265,.T.);
#164=FACE_OUTER_BOUND('',#266,.T.);
#165=FACE_OUTER_BOUND('',#267,.T.);
#166=FACE_OUTER_BOUND('',#268,.T.);
#167=FACE_OUTER_BOUND('',#270,.T.);
#168=FACE_OUTER_BOUND('',#271,.T.);
#169=FACE_OUTER_BOUND('',#272,.T.);
#170=FACE_OUTER_BOUND('',#273,.T.);
#171=FACE_OUTER_BOUND('',#274,.T.);
#172=FACE_OUTER_BOUND('',#276,.T.);
#173=FACE_OUTER_BOUND('',#277,.T.);
#174=FACE_OUTER_BOUND('',#278,.T.);
#175=FACE_OUTER_BOUND('',#279,.T.);
#176=FACE_OUTER_BOUND('',#280,.T.);
#177=FACE_OUTER_BOUND('',#282,.T.);
#178=FACE_OUTER_BOUND('',#283,.T.);
#179=FACE_OUTER_BOUND('',#284,.T.);
#180=FACE_OUTER_BOUND('',#285,.T.);
#181=FACE_OUTER_BOUND('',#286,.T.);
#182=FACE_OUTER_BOUND('',#288,.T.);
#183=FACE_OUTER_BOUND('',#289,.T.);
#184=FACE_OUTER_BOUND('',#290,.T.);
#185=FACE_OUTER_BOUND('',#291,.T.);
#186=FACE_OUTER_BOUND('',#292,.T.);
#187=FACE_OUTER_BOUND('',#293,.T.);
#188=FACE_OUTER_BOUND('',#294,.T.);
#189=FACE_OUTER_BOUND('',#295,.T.);
#190=FACE_OUTER_BOUND('',#296,.T.);
#191=FACE_OUTER_BOUND('',#297,.T.);
#192=FACE_OUTER_BOUND('',#298,.T.);
#193=FACE_OUTER_BOUND('',#299,.T.);
#194=EDGE_LOOP('',(#1230,#1231,#1232,#1233,#1234,#1235,#1236,#1237));
#195=EDGE_LOOP('',(#1238));
#196=EDGE_LOOP('',(#1239,#1240,#1241,#1242,#1243,#1244,#1245,#1246,#1247,
#1248,#1249,#1250,#1251,#1252,#1253,#1254));
#197=EDGE_LOOP('',(#1255,#1256,#1257,#1258,#1259,#1260,#1261,#1262,#1263,
#1264,#1265,#1266,#1267,#1268,#1269,#1270));
#198=EDGE_LOOP('',(#1271,#1272,#1273,#1274,#1275,#1276,#1277,#1278,#1279,
#1280,#1281,#1282,#1283,#1284,#1285,#1286,#1287,#1288,#1289,#1290));
#199=EDGE_LOOP('',(#1291,#1292,#1293,#1294,#1295,#1296,#1297,#1298));
#200=EDGE_LOOP('',(#1299,#1300));
#201=EDGE_LOOP('',(#1301,#1302));
#202=EDGE_LOOP('',(#1303,#1304,#1305,#1306,#1307,#1308,#1309,#1310,#1311,
#1312,#1313));
#203=EDGE_LOOP('',(#1314));
#204=EDGE_LOOP('',(#1315,#1316,#1317));
#205=EDGE_LOOP('',(#1318,#1319,#1320,#1321));
#206=EDGE_LOOP('',(#1322,#1323,#1324,#1325,#1326,#1327,#1328,#1329));
#207=EDGE_LOOP('',(#1330,#1331,#1332,#1333,#1334,#1335,#1336,#1337,#1338,
#1339,#1340,#1341,#1342,#1343,#1344,#1345,#1346,#1347,#1348,#1349));
#208=EDGE_LOOP('',(#1350,#1351,#1352,#1353,#1354,#1355,#1356,#1357));
#209=EDGE_LOOP('',(#1358));
#210=EDGE_LOOP('',(#1359,#1360));
#211=EDGE_LOOP('',(#1361,#1362,#1363,#1364,#1365,#1366,#1367,#1368));
#212=EDGE_LOOP('',(#1369));
#213=EDGE_LOOP('',(#1370,#1371,#1372));
#214=EDGE_LOOP('',(#1373,#1374,#1375,#1376,#1377,#1378,#1379,#1380,#1381,
#1382,#1383));
#215=EDGE_LOOP('',(#1384));
#216=EDGE_LOOP('',(#1385,#1386,#1387,#1388));
#217=EDGE_LOOP('',(#1389,#1390,#1391,#1392,#1393,#1394));
#218=EDGE_LOOP('',(#1395,#1396,#1397,#1398,#1399,#1400,#1401,#1402));
#219=EDGE_LOOP('',(#1403));
#220=EDGE_LOOP('',(#1404,#1405,#1406,#1407,#1408,#1409,#1410,#1411));
#221=EDGE_LOOP('',(#1412));
#222=EDGE_LOOP('',(#1413,#1414,#1415,#1416,#1417,#1418,#1419,#1420));
#223=EDGE_LOOP('',(#1421));
#224=EDGE_LOOP('',(#1422,#1423));
#225=EDGE_LOOP('',(#1424,#1425,#1426,#1427,#1428,#1429,#1430,#1431,#1432,
#1433,#1434,#1435,#1436,#1437,#1438,#1439));
#226=EDGE_LOOP('',(#1440,#1441,#1442,#1443,#1444,#1445,#1446,#1447));
#227=EDGE_LOOP('',(#1448,#1449));
#228=EDGE_LOOP('',(#1450,#1451));
#229=EDGE_LOOP('',(#1452,#1453,#1454,#1455,#1456,#1457));
#230=EDGE_LOOP('',(#1458,#1459,#1460,#1461,#1462,#1463));
#231=EDGE_LOOP('',(#1464,#1465,#1466,#1467,#1468,#1469));
#232=EDGE_LOOP('',(#1470,#1471,#1472,#1473,#1474,#1475));
#233=EDGE_LOOP('',(#1476,#1477,#1478,#1479));
#234=EDGE_LOOP('',(#1480,#1481,#1482,#1483));
#235=EDGE_LOOP('',(#1484,#1485,#1486,#1487));
#236=EDGE_LOOP('',(#1488,#1489,#1490,#1491));
#237=EDGE_LOOP('',(#1492,#1493,#1494,#1495,#1496,#1497,#1498,#1499));
#238=EDGE_LOOP('',(#1500));
#239=EDGE_LOOP('',(#1501,#1502,#1503,#1504,#1505,#1506,#1507,#1508));
#240=EDGE_LOOP('',(#1509));
#241=EDGE_LOOP('',(#1510,#1511,#1512));
#242=EDGE_LOOP('',(#1513,#1514,#1515,#1516));
#243=EDGE_LOOP('',(#1517,#1518,#1519,#1520));
#244=EDGE_LOOP('',(#1521,#1522,#1523));
#245=EDGE_LOOP('',(#1524,#1525,#1526,#1527,#1528,#1529,#1530,#1531,#1532,
#1533,#1534,#1535,#1536,#1537,#1538,#1539));
#246=EDGE_LOOP('',(#1540,#1541,#1542,#1543,#1544));
#247=EDGE_LOOP('',(#1545,#1546,#1547,#1548,#1549));
#248=EDGE_LOOP('',(#1550,#1551,#1552,#1553,#1554));
#249=EDGE_LOOP('',(#1555,#1556,#1557,#1558,#1559));
#250=EDGE_LOOP('',(#1560,#1561,#1562,#1563,#1564));
#251=EDGE_LOOP('',(#1565,#1566,#1567,#1568,#1569));
#252=EDGE_LOOP('',(#1570,#1571,#1572,#1573));
#253=EDGE_LOOP('',(#1574,#1575,#1576,#1577));
#254=EDGE_LOOP('',(#1578,#1579,#1580,#1581,#1582,#1583));
#255=EDGE_LOOP('',(#1584,#1585,#1586,#1587,#1588,#1589,#1590));
#256=EDGE_LOOP('',(#1591,#1592,#1593,#1594,#1595,#1596,#1597));
#257=EDGE_LOOP('',(#1598,#1599,#1600,#1601,#1602,#1603,#1604,#1605));
#258=EDGE_LOOP('',(#1606,#1607,#1608,#1609,#1610,#1611,#1612,#1613));
#259=EDGE_LOOP('',(#1614,#1615,#1616,#1617,#1618,#1619,#1620,#1621,#1622,
#1623,#1624,#1625,#1626,#1627,#1628,#1629));
#260=EDGE_LOOP('',(#1630,#1631,#1632,#1633,#1634));
#261=EDGE_LOOP('',(#1635,#1636,#1637,#1638,#1639));
#262=EDGE_LOOP('',(#1640,#1641,#1642,#1643,#1644));
#263=EDGE_LOOP('',(#1645,#1646,#1647,#1648,#1649));
#264=EDGE_LOOP('',(#1650,#1651,#1652,#1653));
#265=EDGE_LOOP('',(#1654,#1655,#1656,#1657));
#266=EDGE_LOOP('',(#1658,#1659,#1660,#1661,#1662,#1663));
#267=EDGE_LOOP('',(#1664,#1665,#1666,#1667,#1668,#1669));
#268=EDGE_LOOP('',(#1670,#1671,#1672,#1673));
#269=EDGE_LOOP('',(#1674));
#270=EDGE_LOOP('',(#1675,#1676,#1677,#1678));
#271=EDGE_LOOP('',(#1679,#1680,#1681,#1682));
#272=EDGE_LOOP('',(#1683,#1684,#1685,#1686,#1687,#1688));
#273=EDGE_LOOP('',(#1689,#1690,#1691,#1692,#1693,#1694));
#274=EDGE_LOOP('',(#1695,#1696,#1697,#1698));
#275=EDGE_LOOP('',(#1699));
#276=EDGE_LOOP('',(#1700,#1701,#1702,#1703,#1704,#1705));
#277=EDGE_LOOP('',(#1706,#1707,#1708,#1709));
#278=EDGE_LOOP('',(#1710,#1711,#1712,#1713));
#279=EDGE_LOOP('',(#1714,#1715,#1716,#1717,#1718,#1719));
#280=EDGE_LOOP('',(#1720,#1721,#1722,#1723));
#281=EDGE_LOOP('',(#1724));
#282=EDGE_LOOP('',(#1725,#1726,#1727,#1728,#1729,#1730));
#283=EDGE_LOOP('',(#1731,#1732,#1733,#1734));
#284=EDGE_LOOP('',(#1735,#1736,#1737,#1738));
#285=EDGE_LOOP('',(#1739,#1740,#1741,#1742,#1743,#1744));
#286=EDGE_LOOP('',(#1745,#1746,#1747,#1748));
#287=EDGE_LOOP('',(#1749));
#288=EDGE_LOOP('',(#1750,#1751,#1752,#1753));
#289=EDGE_LOOP('',(#1754,#1755,#1756,#1757));
#290=EDGE_LOOP('',(#1758,#1759,#1760,#1761));
#291=EDGE_LOOP('',(#1762,#1763,#1764,#1765));
#292=EDGE_LOOP('',(#1766,#1767,#1768,#1769));
#293=EDGE_LOOP('',(#1770,#1771,#1772,#1773));
#294=EDGE_LOOP('',(#1774,#1775,#1776,#1777));
#295=EDGE_LOOP('',(#1778,#1779,#1780,#1781));
#296=EDGE_LOOP('',(#1782,#1783,#1784,#1785));
#297=EDGE_LOOP('',(#1786,#1787,#1788,#1789));
#298=EDGE_LOOP('',(#1790,#1791,#1792,#1793));
#299=EDGE_LOOP('',(#1794,#1795,#1796,#1797));
#300=LINE('',#2575,#528);
#301=LINE('',#2577,#529);
#302=LINE('',#2579,#530);
#303=LINE('',#2581,#531);
#304=LINE('',#2583,#532);
#305=LINE('',#2585,#533);
#306=LINE('',#2587,#534);
#307=LINE('',#2588,#535);
#308=LINE('',#2593,#536);
#309=LINE('',#2595,#537);
#310=LINE('',#2597,#538);
#311=LINE('',#2599,#539);
#312=LINE('',#2601,#540);
#313=LINE('',#2603,#541);
#314=LINE('',#2605,#542);
#315=LINE('',#2607,#543);
#316=LINE('',#2609,#544);
#317=LINE('',#2611,#545);
#318=LINE('',#2613,#546);
#319=LINE('',#2615,#547);
#320=LINE('',#2617,#548);
#321=LINE('',#2619,#549);
#322=LINE('',#2620,#550);
#323=LINE('',#2623,#551);
#324=LINE('',#2627,#552);
#325=LINE('',#2629,#553);
#326=LINE('',#2631,#554);
#327=LINE('',#2635,#555);
#328=LINE('',#2637,#556);
#329=LINE('',#2639,#557);
#330=LINE('',#2643,#558);
#331=LINE('',#2645,#559);
#332=LINE('',#2647,#560);
#333=LINE('',#2650,#561);
#334=LINE('',#2653,#562);
#335=LINE('',#2655,#563);
#336=LINE('',#2657,#564);
#337=LINE('',#2659,#565);
#338=LINE('',#2661,#566);
#339=LINE('',#2663,#567);
#340=LINE('',#2665,#568);
#341=LINE('',#2667,#569);
#342=LINE('',#2669,#570);
#343=LINE('',#2671,#571);
#344=LINE('',#2673,#572);
#345=LINE('',#2675,#573);
#346=LINE('',#2677,#574);
#347=LINE('',#2679,#575);
#348=LINE('',#2681,#576);
#349=LINE('',#2682,#577);
#350=LINE('',#2684,#578);
#351=LINE('',#2686,#579);
#352=LINE('',#2687,#580);
#353=LINE('',#2692,#581);
#354=LINE('',#2696,#582);
#355=LINE('',#2699,#583);
#356=LINE('',#2789,#584);
#357=LINE('',#2791,#585);
#358=LINE('',#2793,#586);
#359=LINE('',#2794,#587);
#360=LINE('',#2796,#588);
#361=LINE('',#2797,#589);
#362=LINE('',#2799,#590);
#363=LINE('',#2801,#591);
#364=LINE('',#2802,#592);
#365=LINE('',#2808,#593);
#366=LINE('',#2811,#594);
#367=LINE('',#2812,#595);
#368=LINE('',#2818,#596);
#369=LINE('',#2822,#597);
#370=LINE('',#2825,#598);
#371=LINE('',#2826,#599);
#372=LINE('',#2828,#600);
#373=LINE('',#2830,#601);
#374=LINE('',#2832,#602);
#375=LINE('',#2834,#603);
#376=LINE('',#2836,#604);
#377=LINE('',#2838,#605);
#378=LINE('',#2840,#606);
#379=LINE('',#2842,#607);
#380=LINE('',#2844,#608);
#381=LINE('',#2846,#609);
#382=LINE('',#2848,#610);
#383=LINE('',#2850,#611);
#384=LINE('',#2852,#612);
#385=LINE('',#2854,#613);
#386=LINE('',#2855,#614);
#387=LINE('',#2856,#615);
#388=LINE('',#2863,#616);
#389=LINE('',#2866,#617);
#390=LINE('',#2867,#618);
#391=LINE('',#2953,#619);
#392=LINE('',#2954,#620);
#393=LINE('',#2956,#621);
#394=LINE('',#2958,#622);
#395=LINE('',#2959,#623);
#396=LINE('',#2966,#624);
#397=LINE('',#2967,#625);
#398=LINE('',#2970,#626);
#399=LINE('',#2971,#627);
#400=LINE('',#2973,#628);
#401=LINE('',#2975,#629);
#402=LINE('',#2976,#630);
#403=LINE('',#2978,#631);
#404=LINE('',#2979,#632);
#405=LINE('',#2984,#633);
#406=LINE('',#2985,#634);
#407=LINE('',#2990,#635);
#408=LINE('',#2992,#636);
#409=LINE('',#2993,#637);
#410=LINE('',#2995,#638);
#411=LINE('',#2997,#639);
#412=LINE('',#2998,#640);
#413=LINE('',#3003,#641);
#414=LINE('',#3005,#642);
#415=LINE('',#3007,#643);
#416=LINE('',#3008,#644);
#417=LINE('',#3010,#645);
#418=LINE('',#3011,#646);
#419=LINE('',#3018,#647);
#420=LINE('',#3021,#648);
#421=LINE('',#3022,#649);
#422=LINE('',#3108,#650);
#423=LINE('',#3110,#651);
#424=LINE('',#3112,#652);
#425=LINE('',#3113,#653);
#426=LINE('',#3115,#654);
#427=LINE('',#3117,#655);
#428=LINE('',#3119,#656);
#429=LINE('',#3121,#657);
#430=LINE('',#3122,#658);
#431=LINE('',#3123,#659);
#432=LINE('',#3127,#660);
#433=LINE('',#3129,#661);
#434=LINE('',#3132,#662);
#435=LINE('',#3220,#663);
#436=LINE('',#3221,#664);
#437=LINE('',#3225,#665);
#438=LINE('',#3226,#666);
#439=LINE('',#3227,#667);
#440=LINE('',#3228,#668);
#441=LINE('',#3230,#669);
#442=LINE('',#3231,#670);
#443=LINE('',#3233,#671);
#444=LINE('',#3234,#672);
#445=LINE('',#3237,#673);
#446=LINE('',#3238,#674);
#447=LINE('',#3243,#675);
#448=LINE('',#3245,#676);
#449=LINE('',#3246,#677);
#450=LINE('',#3251,#678);
#451=LINE('',#3253,#679);
#452=LINE('',#3254,#680);
#453=LINE('',#3260,#681);
#454=LINE('',#3267,#682);
#455=LINE('',#3274,#683);
#456=LINE('',#3277,#684);
#457=LINE('',#3279,#685);
#458=LINE('',#3281,#686);
#459=LINE('',#3283,#687);
#460=LINE('',#3284,#688);
#461=LINE('',#3286,#689);
#462=LINE('',#3288,#690);
#463=LINE('',#3289,#691);
#464=LINE('',#3290,#692);
#465=LINE('',#3292,#693);
#466=LINE('',#3294,#694);
#467=LINE('',#3296,#695);
#468=LINE('',#3298,#696);
#469=LINE('',#3300,#697);
#470=LINE('',#3302,#698);
#471=LINE('',#3304,#699);
#472=LINE('',#3306,#700);
#473=LINE('',#3310,#701);
#474=LINE('',#3317,#702);
#475=LINE('',#3319,#703);
#476=LINE('',#3323,#704);
#477=LINE('',#3327,#705);
#478=LINE('',#3330,#706);
#479=LINE('',#3333,#707);
#480=LINE('',#3335,#708);
#481=LINE('',#3336,#709);
#482=LINE('',#3338,#710);
#483=LINE('',#3339,#711);
#484=LINE('',#3342,#712);
#485=LINE('',#3343,#713);
#486=LINE('',#3346,#714);
#487=LINE('',#3347,#715);
#488=LINE('',#3350,#716);
#489=LINE('',#3351,#717);
#490=LINE('',#3354,#718);
#491=LINE('',#3355,#719);
#492=LINE('',#3358,#720);
#493=LINE('',#3360,#721);
#494=LINE('',#3361,#722);
#495=LINE('',#3364,#723);
#496=LINE('',#3365,#724);
#497=LINE('',#3368,#725);
#498=LINE('',#3369,#726);
#499=LINE('',#3371,#727);
#500=LINE('',#3375,#728);
#501=LINE('',#3377,#729);
#502=LINE('',#3378,#730);
#503=LINE('',#3381,#731);
#504=LINE('',#3382,#732);
#505=LINE('',#3385,#733);
#506=LINE('',#3386,#734);
#507=LINE('',#3388,#735);
#508=LINE('',#3392,#736);
#509=LINE('',#3394,#737);
#510=LINE('',#3395,#738);
#511=LINE('',#3398,#739);
#512=LINE('',#3399,#740);
#513=LINE('',#3402,#741);
#514=LINE('',#3403,#742);
#515=LINE('',#3405,#743);
#516=LINE('',#3409,#744);
#517=LINE('',#3411,#745);
#518=LINE('',#3412,#746);
#519=LINE('',#3415,#747);
#520=LINE('',#3416,#748);
#521=LINE('',#3419,#749);
#522=LINE('',#3420,#750);
#523=LINE('',#3422,#751);
#524=LINE('',#3426,#752);
#525=LINE('',#3429,#753);
#526=LINE('',#3432,#754);
#527=LINE('',#3435,#755);
#528=VECTOR('',#2093,10.);
#529=VECTOR('',#2094,10.);
#530=VECTOR('',#2095,10.);
#531=VECTOR('',#2096,10.);
#532=VECTOR('',#2097,10.);
#533=VECTOR('',#2098,10.);
#534=VECTOR('',#2099,10.);
#535=VECTOR('',#2100,10.);
#536=VECTOR('',#2105,10.);
#537=VECTOR('',#2106,10.);
#538=VECTOR('',#2107,10.);
#539=VECTOR('',#2108,10.);
#540=VECTOR('',#2109,10.);
#541=VECTOR('',#2110,10.);
#542=VECTOR('',#2111,10.);
#543=VECTOR('',#2112,10.);
#544=VECTOR('',#2113,10.);
#545=VECTOR('',#2114,10.);
#546=VECTOR('',#2115,10.);
#547=VECTOR('',#2116,10.);
#548=VECTOR('',#2117,10.);
#549=VECTOR('',#2118,10.);
#550=VECTOR('',#2119,10.);
#551=VECTOR('',#2122,10.);
#552=VECTOR('',#2125,10.);
#553=VECTOR('',#2126,10.);
#554=VECTOR('',#2127,10.);
#555=VECTOR('',#2130,10.);
#556=VECTOR('',#2131,10.);
#557=VECTOR('',#2132,10.);
#558=VECTOR('',#2135,10.);
#559=VECTOR('',#2136,10.);
#560=VECTOR('',#2137,10.);
#561=VECTOR('',#2140,10.);
#562=VECTOR('',#2141,10.);
#563=VECTOR('',#2142,10.);
#564=VECTOR('',#2143,10.);
#565=VECTOR('',#2144,10.);
#566=VECTOR('',#2145,10.);
#567=VECTOR('',#2146,10.);
#568=VECTOR('',#2147,10.);
#569=VECTOR('',#2148,10.);
#570=VECTOR('',#2149,10.);
#571=VECTOR('',#2150,10.);
#572=VECTOR('',#2151,10.);
#573=VECTOR('',#2152,10.);
#574=VECTOR('',#2153,10.);
#575=VECTOR('',#2154,10.);
#576=VECTOR('',#2155,10.);
#577=VECTOR('',#2156,10.);
#578=VECTOR('',#2157,10.);
#579=VECTOR('',#2158,10.);
#580=VECTOR('',#2159,10.);
#581=VECTOR('',#2164,10.);
#582=VECTOR('',#2167,10.);
#583=VECTOR('',#2170,10.);
#584=VECTOR('',#2173,10.);
#585=VECTOR('',#2174,10.);
#586=VECTOR('',#2175,10.);
#587=VECTOR('',#2176,10.);
#588=VECTOR('',#2177,10.);
#589=VECTOR('',#2178,10.);
#590=VECTOR('',#2179,10.);
#591=VECTOR('',#2180,10.);
#592=VECTOR('',#2181,10.);
#593=VECTOR('',#2188,10.);
#594=VECTOR('',#2191,10.);
#595=VECTOR('',#2192,10.);
#596=VECTOR('',#2197,10.);
#597=VECTOR('',#2200,10.);
#598=VECTOR('',#2203,10.);
#599=VECTOR('',#2204,10.);
#600=VECTOR('',#2205,10.);
#601=VECTOR('',#2206,10.);
#602=VECTOR('',#2207,10.);
#603=VECTOR('',#2208,10.);
#604=VECTOR('',#2209,10.);
#605=VECTOR('',#2210,10.);
#606=VECTOR('',#2211,10.);
#607=VECTOR('',#2212,10.);
#608=VECTOR('',#2213,10.);
#609=VECTOR('',#2214,10.);
#610=VECTOR('',#2215,10.);
#611=VECTOR('',#2216,10.);
#612=VECTOR('',#2217,10.);
#613=VECTOR('',#2218,10.);
#614=VECTOR('',#2219,10.);
#615=VECTOR('',#2220,10.);
#616=VECTOR('',#2227,10.);
#617=VECTOR('',#2230,10.);
#618=VECTOR('',#2231,10.);
#619=VECTOR('',#2234,10.);
#620=VECTOR('',#2235,10.);
#621=VECTOR('',#2236,10.);
#622=VECTOR('',#2237,10.);
#623=VECTOR('',#2238,10.);
#624=VECTOR('',#2245,10.);
#625=VECTOR('',#2246,10.);
#626=VECTOR('',#2249,10.);
#627=VECTOR('',#2250,10.);
#628=VECTOR('',#2251,10.);
#629=VECTOR('',#2252,10.);
#630=VECTOR('',#2253,10.);
#631=VECTOR('',#2254,10.);
#632=VECTOR('',#2255,10.);
#633=VECTOR('',#2260,10.);
#634=VECTOR('',#2261,10.);
#635=VECTOR('',#2268,10.);
#636=VECTOR('',#2269,10.);
#637=VECTOR('',#2270,10.);
#638=VECTOR('',#2271,10.);
#639=VECTOR('',#2272,10.);
#640=VECTOR('',#2273,10.);
#641=VECTOR('',#2278,10.);
#642=VECTOR('',#2279,10.);
#643=VECTOR('',#2280,10.);
#644=VECTOR('',#2281,10.);
#645=VECTOR('',#2282,10.);
#646=VECTOR('',#2283,10.);
#647=VECTOR('',#2290,10.);
#648=VECTOR('',#2293,10.);
#649=VECTOR('',#2294,10.);
#650=VECTOR('',#2297,10.);
#651=VECTOR('',#2298,10.);
#652=VECTOR('',#2299,10.);
#653=VECTOR('',#2300,10.);
#654=VECTOR('',#2301,10.);
#655=VECTOR('',#2302,10.);
#656=VECTOR('',#2303,10.);
#657=VECTOR('',#2304,10.);
#658=VECTOR('',#2305,10.);
#659=VECTOR('',#2306,10.);
#660=VECTOR('',#2311,10.);
#661=VECTOR('',#2312,10.);
#662=VECTOR('',#2315,10.);
#663=VECTOR('',#2318,10.);
#664=VECTOR('',#2319,10.);
#665=VECTOR('',#2322,10.);
#666=VECTOR('',#2323,10.);
#667=VECTOR('',#2324,10.);
#668=VECTOR('',#2325,10.);
#669=VECTOR('',#2328,10.);
#670=VECTOR('',#2329,10.);
#671=VECTOR('',#2332,10.);
#672=VECTOR('',#2333,10.);
#673=VECTOR('',#2338,10.);
#674=VECTOR('',#2339,10.);
#675=VECTOR('',#2346,10.);
#676=VECTOR('',#2347,10.);
#677=VECTOR('',#2348,10.);
#678=VECTOR('',#2353,10.);
#679=VECTOR('',#2354,10.);
#680=VECTOR('',#2355,10.);
#681=VECTOR('',#2362,10.);
#682=VECTOR('',#2371,10.);
#683=VECTOR('',#2378,10.);
#684=VECTOR('',#2381,10.);
#685=VECTOR('',#2384,10.);
#686=VECTOR('',#2385,10.);
#687=VECTOR('',#2386,10.);
#688=VECTOR('',#2387,10.);
#689=VECTOR('',#2388,10.);
#690=VECTOR('',#2389,10.);
#691=VECTOR('',#2390,10.);
#692=VECTOR('',#2391,10.);
#693=VECTOR('',#2394,2.5);
#694=VECTOR('',#2397,2.5);
#695=VECTOR('',#2400,2.5);
#696=VECTOR('',#2403,2.5);
#697=VECTOR('',#2406,2.5);
#698=VECTOR('',#2409,2.5);
#699=VECTOR('',#2412,2.5);
#700=VECTOR('',#2415,2.5);
#701=VECTOR('',#2420,1.1);
#702=VECTOR('',#2429,1.1);
#703=VECTOR('',#2432,10.);
#704=VECTOR('',#2437,1.1);
#705=VECTOR('',#2442,10.);
#706=VECTOR('',#2445,1.1);
#707=VECTOR('',#2450,10.);
#708=VECTOR('',#2451,10.);
#709=VECTOR('',#2452,10.);
#710=VECTOR('',#2453,10.);
#711=VECTOR('',#2454,10.);
#712=VECTOR('',#2457,10.);
#713=VECTOR('',#2458,10.);
#714=VECTOR('',#2461,10.);
#715=VECTOR('',#2462,10.);
#716=VECTOR('',#2465,10.);
#717=VECTOR('',#2466,10.);
#718=VECTOR('',#2469,10.);
#719=VECTOR('',#2470,10.);
#720=VECTOR('',#2473,10.);
#721=VECTOR('',#2474,10.);
#722=VECTOR('',#2475,10.);
#723=VECTOR('',#2478,10.);
#724=VECTOR('',#2479,10.);
#725=VECTOR('',#2482,10.);
#726=VECTOR('',#2483,10.);
#727=VECTOR('',#2486,10.);
#728=VECTOR('',#2491,10.);
#729=VECTOR('',#2492,10.);
#730=VECTOR('',#2493,10.);
#731=VECTOR('',#2496,10.);
#732=VECTOR('',#2497,10.);
#733=VECTOR('',#2500,10.);
#734=VECTOR('',#2501,10.);
#735=VECTOR('',#2504,10.);
#736=VECTOR('',#2509,10.);
#737=VECTOR('',#2510,10.);
#738=VECTOR('',#2511,10.);
#739=VECTOR('',#2514,10.);
#740=VECTOR('',#2515,10.);
#741=VECTOR('',#2518,10.);
#742=VECTOR('',#2519,10.);
#743=VECTOR('',#2522,10.);
#744=VECTOR('',#2527,10.);
#745=VECTOR('',#2528,10.);
#746=VECTOR('',#2529,10.);
#747=VECTOR('',#2532,10.);
#748=VECTOR('',#2533,10.);
#749=VECTOR('',#2536,10.);
#750=VECTOR('',#2537,10.);
#751=VECTOR('',#2540,10.);
#752=VECTOR('',#2547,10.);
#753=VECTOR('',#2552,10.);
#754=VECTOR('',#2557,10.);
#755=VECTOR('',#2562,10.);
#756=VERTEX_POINT('',#2573);
#757=VERTEX_POINT('',#2574);
#758=VERTEX_POINT('',#2576);
#759=VERTEX_POINT('',#2578);
#760=VERTEX_POINT('',#2580);
#761=VERTEX_POINT('',#2582);
#762=VERTEX_POINT('',#2584);
#763=VERTEX_POINT('',#2586);
#764=VERTEX_POINT('',#2589);
#765=VERTEX_POINT('',#2592);
#766=VERTEX_POINT('',#2594);
#767=VERTEX_POINT('',#2596);
#768=VERTEX_POINT('',#2598);
#769=VERTEX_POINT('',#2600);
#770=VERTEX_POINT('',#2602);
#771=VERTEX_POINT('',#2604);
#772=VERTEX_POINT('',#2606);
#773=VERTEX_POINT('',#2608);
#774=VERTEX_POINT('',#2610);
#775=VERTEX_POINT('',#2612);
#776=VERTEX_POINT('',#2614);
#777=VERTEX_POINT('',#2616);
#778=VERTEX_POINT('',#2618);
#779=VERTEX_POINT('',#2622);
#780=VERTEX_POINT('',#2624);
#781=VERTEX_POINT('',#2626);
#782=VERTEX_POINT('',#2628);
#783=VERTEX_POINT('',#2630);
#784=VERTEX_POINT('',#2632);
#785=VERTEX_POINT('',#2634);
#786=VERTEX_POINT('',#2636);
#787=VERTEX_POINT('',#2638);
#788=VERTEX_POINT('',#2640);
#789=VERTEX_POINT('',#2642);
#790=VERTEX_POINT('',#2644);
#791=VERTEX_POINT('',#2646);
#792=VERTEX_POINT('',#2648);
#793=VERTEX_POINT('',#2651);
#794=VERTEX_POINT('',#2652);
#795=VERTEX_POINT('',#2654);
#796=VERTEX_POINT('',#2656);
#797=VERTEX_POINT('',#2658);
#798=VERTEX_POINT('',#2660);
#799=VERTEX_POINT('',#2662);
#800=VERTEX_POINT('',#2664);
#801=VERTEX_POINT('',#2666);
#802=VERTEX_POINT('',#2668);
#803=VERTEX_POINT('',#2670);
#804=VERTEX_POINT('',#2672);
#805=VERTEX_POINT('',#2674);
#806=VERTEX_POINT('',#2676);
#807=VERTEX_POINT('',#2678);
#808=VERTEX_POINT('',#2680);
#809=VERTEX_POINT('',#2683);
#810=VERTEX_POINT('',#2685);
#811=VERTEX_POINT('',#2689);
#812=VERTEX_POINT('',#2691);
#813=VERTEX_POINT('',#2693);
#814=VERTEX_POINT('',#2695);
#815=VERTEX_POINT('',#2697);
#816=VERTEX_POINT('',#2700);
#817=VERTEX_POINT('',#2701);
#818=VERTEX_POINT('',#2744);
#819=VERTEX_POINT('',#2745);
#820=VERTEX_POINT('',#2787);
#821=VERTEX_POINT('',#2788);
#822=VERTEX_POINT('',#2790);
#823=VERTEX_POINT('',#2792);
#824=VERTEX_POINT('',#2795);
#825=VERTEX_POINT('',#2798);
#826=VERTEX_POINT('',#2800);
#827=VERTEX_POINT('',#2803);
#828=VERTEX_POINT('',#2806);
#829=VERTEX_POINT('',#2810);
#830=VERTEX_POINT('',#2814);
#831=VERTEX_POINT('',#2815);
#832=VERTEX_POINT('',#2817);
#833=VERTEX_POINT('',#2819);
#834=VERTEX_POINT('',#2821);
#835=VERTEX_POINT('',#2823);
#836=VERTEX_POINT('',#2827);
#837=VERTEX_POINT('',#2829);
#838=VERTEX_POINT('',#2831);
#839=VERTEX_POINT('',#2833);
#840=VERTEX_POINT('',#2835);
#841=VERTEX_POINT('',#2837);
#842=VERTEX_POINT('',#2839);
#843=VERTEX_POINT('',#2841);
#844=VERTEX_POINT('',#2843);
#845=VERTEX_POINT('',#2845);
#846=VERTEX_POINT('',#2847);
#847=VERTEX_POINT('',#2849);
#848=VERTEX_POINT('',#2851);
#849=VERTEX_POINT('',#2853);
#850=VERTEX_POINT('',#2858);
#851=VERTEX_POINT('',#2860);
#852=VERTEX_POINT('',#2862);
#853=VERTEX_POINT('',#2864);
#854=VERTEX_POINT('',#2868);
#855=VERTEX_POINT('',#2909);
#856=VERTEX_POINT('',#2910);
#857=VERTEX_POINT('',#2952);
#858=VERTEX_POINT('',#2955);
#859=VERTEX_POINT('',#2957);
#860=VERTEX_POINT('',#2960);
#861=VERTEX_POINT('',#2963);
#862=VERTEX_POINT('',#2965);
#863=VERTEX_POINT('',#2969);
#864=VERTEX_POINT('',#2972);
#865=VERTEX_POINT('',#2974);
#866=VERTEX_POINT('',#2977);
#867=VERTEX_POINT('',#2980);
#868=VERTEX_POINT('',#2983);
#869=VERTEX_POINT('',#2989);
#870=VERTEX_POINT('',#2991);
#871=VERTEX_POINT('',#2994);
#872=VERTEX_POINT('',#2996);
#873=VERTEX_POINT('',#2999);
#874=VERTEX_POINT('',#3002);
#875=VERTEX_POINT('',#3004);
#876=VERTEX_POINT('',#3006);
#877=VERTEX_POINT('',#3009);
#878=VERTEX_POINT('',#3012);
#879=VERTEX_POINT('',#3015);
#880=VERTEX_POINT('',#3017);
#881=VERTEX_POINT('',#3019);
#882=VERTEX_POINT('',#3023);
#883=VERTEX_POINT('',#3062);
#884=VERTEX_POINT('',#3063);
#885=VERTEX_POINT('',#3107);
#886=VERTEX_POINT('',#3109);
#887=VERTEX_POINT('',#3111);
#888=VERTEX_POINT('',#3114);
#889=VERTEX_POINT('',#3116);
#890=VERTEX_POINT('',#3118);
#891=VERTEX_POINT('',#3120);
#892=VERTEX_POINT('',#3125);
#893=VERTEX_POINT('',#3128);
#894=VERTEX_POINT('',#3130);
#895=VERTEX_POINT('',#3133);
#896=VERTEX_POINT('',#3134);
#897=VERTEX_POINT('',#3177);
#898=VERTEX_POINT('',#3178);
#899=VERTEX_POINT('',#3223);
#900=VERTEX_POINT('',#3224);
#901=VERTEX_POINT('',#3242);
#902=VERTEX_POINT('',#3244);
#903=VERTEX_POINT('',#3247);
#904=VERTEX_POINT('',#3250);
#905=VERTEX_POINT('',#3252);
#906=VERTEX_POINT('',#3255);
#907=VERTEX_POINT('',#3258);
#908=VERTEX_POINT('',#3262);
#909=VERTEX_POINT('',#3266);
#910=VERTEX_POINT('',#3268);
#911=VERTEX_POINT('',#3272);
#912=VERTEX_POINT('',#3273);
#913=VERTEX_POINT('',#3275);
#914=VERTEX_POINT('',#3280);
#915=VERTEX_POINT('',#3282);
#916=VERTEX_POINT('',#3285);
#917=VERTEX_POINT('',#3287);
#918=VERTEX_POINT('',#3309);
#919=VERTEX_POINT('',#3314);
#920=VERTEX_POINT('',#3316);
#921=VERTEX_POINT('',#3322);
#922=VERTEX_POINT('',#3326);
#923=VERTEX_POINT('',#3329);
#924=VERTEX_POINT('',#3334);
#925=VERTEX_POINT('',#3337);
#926=VERTEX_POINT('',#3341);
#927=VERTEX_POINT('',#3345);
#928=VERTEX_POINT('',#3349);
#929=VERTEX_POINT('',#3353);
#930=VERTEX_POINT('',#3357);
#931=VERTEX_POINT('',#3359);
#932=VERTEX_POINT('',#3363);
#933=VERTEX_POINT('',#3367);
#934=VERTEX_POINT('',#3374);
#935=VERTEX_POINT('',#3376);
#936=VERTEX_POINT('',#3380);
#937=VERTEX_POINT('',#3384);
#938=VERTEX_POINT('',#3391);
#939=VERTEX_POINT('',#3393);
#940=VERTEX_POINT('',#3397);
#941=VERTEX_POINT('',#3401);
#942=VERTEX_POINT('',#3408);
#943=VERTEX_POINT('',#3410);
#944=VERTEX_POINT('',#3414);
#945=VERTEX_POINT('',#3418);
#946=EDGE_CURVE('',#756,#757,#300,.T.);
#947=EDGE_CURVE('',#758,#756,#301,.T.);
#948=EDGE_CURVE('',#759,#758,#302,.T.);
#949=EDGE_CURVE('',#760,#759,#303,.T.);
#950=EDGE_CURVE('',#761,#760,#304,.T.);
#951=EDGE_CURVE('',#762,#761,#305,.T.);
#952=EDGE_CURVE('',#763,#762,#306,.T.);
#953=EDGE_CURVE('',#757,#763,#307,.T.);
#954=EDGE_CURVE('',#764,#764,#68,.T.);
#955=EDGE_CURVE('',#760,#765,#308,.T.);
#956=EDGE_CURVE('',#765,#766,#309,.T.);
#957=EDGE_CURVE('',#767,#766,#310,.T.);
#958=EDGE_CURVE('',#768,#767,#311,.T.);
#959=EDGE_CURVE('',#768,#769,#312,.T.);
#960=EDGE_CURVE('',#769,#770,#313,.T.);
#961=EDGE_CURVE('',#770,#771,#314,.T.);
#962=EDGE_CURVE('',#772,#771,#315,.T.);
#963=EDGE_CURVE('',#772,#773,#316,.T.);
#964=EDGE_CURVE('',#773,#774,#317,.T.);
#965=EDGE_CURVE('',#774,#775,#318,.T.);
#966=EDGE_CURVE('',#775,#776,#319,.T.);
#967=EDGE_CURVE('',#776,#777,#320,.T.);
#968=EDGE_CURVE('',#777,#778,#321,.T.);
#969=EDGE_CURVE('',#761,#778,#322,.T.);
#970=EDGE_CURVE('',#779,#758,#323,.T.);
#971=EDGE_CURVE('',#780,#756,#69,.T.);
#972=EDGE_CURVE('',#780,#781,#324,.T.);
#973=EDGE_CURVE('',#781,#782,#325,.T.);
#974=EDGE_CURVE('',#782,#783,#326,.T.);
#975=EDGE_CURVE('',#784,#783,#70,.T.);
#976=EDGE_CURVE('',#784,#785,#327,.T.);
#977=EDGE_CURVE('',#785,#786,#328,.T.);
#978=EDGE_CURVE('',#786,#787,#329,.T.);
#979=EDGE_CURVE('',#788,#787,#71,.T.);
#980=EDGE_CURVE('',#788,#789,#330,.T.);
#981=EDGE_CURVE('',#789,#790,#331,.T.);
#982=EDGE_CURVE('',#790,#791,#332,.T.);
#983=EDGE_CURVE('',#791,#792,#72,.T.);
#984=EDGE_CURVE('',#792,#779,#333,.T.);
#985=EDGE_CURVE('',#793,#794,#334,.T.);
#986=EDGE_CURVE('',#795,#794,#335,.T.);
#987=EDGE_CURVE('',#795,#796,#336,.T.);
#988=EDGE_CURVE('',#796,#797,#337,.T.);
#989=EDGE_CURVE('',#797,#798,#338,.T.);
#990=EDGE_CURVE('',#798,#799,#339,.T.);
#991=EDGE_CURVE('',#800,#799,#340,.T.);
#992=EDGE_CURVE('',#800,#801,#341,.T.);
#993=EDGE_CURVE('',#801,#802,#342,.T.);
#994=EDGE_CURVE('',#802,#803,#343,.T.);
#995=EDGE_CURVE('',#803,#804,#344,.T.);
#996=EDGE_CURVE('',#805,#804,#345,.T.);
#997=EDGE_CURVE('',#805,#806,#346,.T.);
#998=EDGE_CURVE('',#806,#807,#347,.T.);
#999=EDGE_CURVE('',#807,#808,#348,.T.);
#1000=EDGE_CURVE('',#808,#773,#349,.T.);
#1001=EDGE_CURVE('',#772,#809,#350,.T.);
#1002=EDGE_CURVE('',#809,#810,#351,.T.);
#1003=EDGE_CURVE('',#810,#793,#352,.T.);
#1004=EDGE_CURVE('',#757,#811,#73,.T.);
#1005=EDGE_CURVE('',#811,#812,#353,.T.);
#1006=EDGE_CURVE('',#813,#812,#74,.T.);
#1007=EDGE_CURVE('',#814,#813,#354,.T.);
#1008=EDGE_CURVE('',#814,#815,#75,.T.);
#1009=EDGE_CURVE('',#815,#780,#355,.T.);
#1010=EDGE_CURVE('',#816,#817,#15,.T.);
#1011=EDGE_CURVE('',#817,#816,#16,.T.);
#1012=EDGE_CURVE('',#818,#819,#17,.T.);
#1013=EDGE_CURVE('',#819,#818,#18,.T.);
#1014=EDGE_CURVE('',#820,#821,#356,.T.);
#1015=EDGE_CURVE('',#822,#820,#357,.T.);
#1016=EDGE_CURVE('',#823,#822,#358,.T.);
#1017=EDGE_CURVE('',#766,#823,#359,.T.);
#1018=EDGE_CURVE('',#824,#765,#360,.T.);
#1019=EDGE_CURVE('',#779,#824,#361,.T.);
#1020=EDGE_CURVE('',#825,#792,#362,.T.);
#1021=EDGE_CURVE('',#826,#825,#363,.T.);
#1022=EDGE_CURVE('',#821,#826,#364,.T.);
#1023=EDGE_CURVE('',#827,#827,#76,.T.);
#1024=EDGE_CURVE('',#792,#828,#77,.T.);
#1025=EDGE_CURVE('',#828,#825,#365,.T.);
#1026=EDGE_CURVE('',#828,#829,#366,.T.);
#1027=EDGE_CURVE('',#826,#829,#367,.T.);
#1028=EDGE_CURVE('',#830,#831,#78,.T.);
#1029=EDGE_CURVE('',#831,#832,#368,.T.);
#1030=EDGE_CURVE('',#832,#833,#79,.T.);
#1031=EDGE_CURVE('',#833,#834,#369,.T.);
#1032=EDGE_CURVE('',#834,#835,#80,.T.);
#1033=EDGE_CURVE('',#835,#813,#370,.T.);
#1034=EDGE_CURVE('',#812,#830,#371,.T.);
#1035=EDGE_CURVE('',#778,#836,#372,.T.);
#1036=EDGE_CURVE('',#836,#837,#373,.T.);
#1037=EDGE_CURVE('',#837,#838,#374,.T.);
#1038=EDGE_CURVE('',#838,#839,#375,.T.);
#1039=EDGE_CURVE('',#839,#840,#376,.T.);
#1040=EDGE_CURVE('',#840,#841,#377,.T.);
#1041=EDGE_CURVE('',#841,#842,#378,.T.);
#1042=EDGE_CURVE('',#842,#843,#379,.T.);
#1043=EDGE_CURVE('',#843,#844,#380,.T.);
#1044=EDGE_CURVE('',#844,#845,#381,.T.);
#1045=EDGE_CURVE('',#845,#846,#382,.T.);
#1046=EDGE_CURVE('',#846,#847,#383,.T.);
#1047=EDGE_CURVE('',#847,#848,#384,.T.);
#1048=EDGE_CURVE('',#848,#849,#385,.T.);
#1049=EDGE_CURVE('',#849,#767,#386,.T.);
#1050=EDGE_CURVE('',#823,#762,#387,.T.);
#1051=EDGE_CURVE('',#850,#820,#81,.T.);
#1052=EDGE_CURVE('',#851,#821,#82,.T.);
#1053=EDGE_CURVE('',#851,#852,#388,.T.);
#1054=EDGE_CURVE('',#852,#853,#83,.T.);
#1055=EDGE_CURVE('',#853,#831,#389,.T.);
#1056=EDGE_CURVE('',#850,#830,#390,.T.);
#1057=EDGE_CURVE('',#854,#854,#19,.T.);
#1058=EDGE_CURVE('',#855,#856,#20,.T.);
#1059=EDGE_CURVE('',#856,#855,#21,.T.);
#1060=EDGE_CURVE('',#857,#815,#391,.T.);
#1061=EDGE_CURVE('',#837,#857,#392,.T.);
#1062=EDGE_CURVE('',#858,#836,#393,.T.);
#1063=EDGE_CURVE('',#859,#858,#394,.T.);
#1064=EDGE_CURVE('',#781,#859,#395,.T.);
#1065=EDGE_CURVE('',#860,#860,#84,.T.);
#1066=EDGE_CURVE('',#861,#791,#85,.T.);
#1067=EDGE_CURVE('',#791,#862,#396,.T.);
#1068=EDGE_CURVE('',#861,#862,#397,.T.);
#1069=EDGE_CURVE('',#863,#851,#398,.T.);
#1070=EDGE_CURVE('',#862,#863,#399,.T.);
#1071=EDGE_CURVE('',#864,#790,#400,.T.);
#1072=EDGE_CURVE('',#865,#864,#401,.T.);
#1073=EDGE_CURVE('',#849,#865,#402,.T.);
#1074=EDGE_CURVE('',#866,#848,#403,.T.);
#1075=EDGE_CURVE('',#852,#866,#404,.T.);
#1076=EDGE_CURVE('',#867,#867,#86,.T.);
#1077=EDGE_CURVE('',#861,#868,#405,.T.);
#1078=EDGE_CURVE('',#868,#863,#406,.T.);
#1079=EDGE_CURVE('',#829,#868,#87,.T.);
#1080=EDGE_CURVE('',#869,#788,#407,.T.);
#1081=EDGE_CURVE('',#870,#869,#408,.T.);
#1082=EDGE_CURVE('',#847,#870,#409,.T.);
#1083=EDGE_CURVE('',#871,#846,#410,.T.);
#1084=EDGE_CURVE('',#872,#871,#411,.T.);
#1085=EDGE_CURVE('',#789,#872,#412,.T.);
#1086=EDGE_CURVE('',#873,#873,#88,.T.);
#1087=EDGE_CURVE('',#783,#874,#413,.T.);
#1088=EDGE_CURVE('',#875,#782,#414,.T.);
#1089=EDGE_CURVE('',#876,#875,#415,.T.);
#1090=EDGE_CURVE('',#839,#876,#416,.T.);
#1091=EDGE_CURVE('',#877,#838,#417,.T.);
#1092=EDGE_CURVE('',#874,#877,#418,.T.);
#1093=EDGE_CURVE('',#878,#878,#89,.T.);
#1094=EDGE_CURVE('',#879,#869,#90,.T.);
#1095=EDGE_CURVE('',#787,#880,#419,.T.);
#1096=EDGE_CURVE('',#880,#881,#91,.T.);
#1097=EDGE_CURVE('',#881,#833,#420,.T.);
#1098=EDGE_CURVE('',#879,#832,#421,.T.);
#1099=EDGE_CURVE('',#882,#882,#22,.T.);
#1100=EDGE_CURVE('',#883,#884,#23,.T.);
#1101=EDGE_CURVE('',#884,#883,#24,.T.);
#1102=EDGE_CURVE('',#777,#885,#422,.T.);
#1103=EDGE_CURVE('',#885,#886,#423,.T.);
#1104=EDGE_CURVE('',#886,#887,#424,.T.);
#1105=EDGE_CURVE('',#805,#887,#425,.T.);
#1106=EDGE_CURVE('',#804,#888,#426,.T.);
#1107=EDGE_CURVE('',#888,#889,#427,.T.);
#1108=EDGE_CURVE('',#889,#890,#428,.T.);
#1109=EDGE_CURVE('',#890,#891,#429,.T.);
#1110=EDGE_CURVE('',#891,#840,#430,.T.);
#1111=EDGE_CURVE('',#876,#858,#431,.T.);
#1112=EDGE_CURVE('',#874,#892,#92,.T.);
#1113=EDGE_CURVE('',#892,#835,#432,.T.);
#1114=EDGE_CURVE('',#893,#834,#433,.T.);
#1115=EDGE_CURVE('',#893,#894,#93,.T.);
#1116=EDGE_CURVE('',#894,#784,#434,.T.);
#1117=EDGE_CURVE('',#895,#896,#25,.T.);
#1118=EDGE_CURVE('',#896,#895,#26,.T.);
#1119=EDGE_CURVE('',#897,#898,#27,.T.);
#1120=EDGE_CURVE('',#898,#897,#28,.T.);
#1121=EDGE_CURVE('',#822,#763,#435,.T.);
#1122=EDGE_CURVE('',#811,#850,#436,.T.);
#1123=EDGE_CURVE('',#899,#900,#437,.T.);
#1124=EDGE_CURVE('',#894,#899,#438,.T.);
#1125=EDGE_CURVE('',#881,#893,#439,.T.);
#1126=EDGE_CURVE('',#900,#880,#440,.T.);
#1127=EDGE_CURVE('',#853,#879,#441,.T.);
#1128=EDGE_CURVE('',#870,#866,#442,.T.);
#1129=EDGE_CURVE('',#857,#877,#443,.T.);
#1130=EDGE_CURVE('',#892,#814,#444,.T.);
#1131=EDGE_CURVE('',#900,#843,#445,.T.);
#1132=EDGE_CURVE('',#842,#899,#446,.T.);
#1133=EDGE_CURVE('',#901,#786,#447,.T.);
#1134=EDGE_CURVE('',#902,#901,#448,.T.);
#1135=EDGE_CURVE('',#844,#902,#449,.T.);
#1136=EDGE_CURVE('',#903,#903,#94,.T.);
#1137=EDGE_CURVE('',#904,#841,#450,.T.);
#1138=EDGE_CURVE('',#905,#904,#451,.T.);
#1139=EDGE_CURVE('',#785,#905,#452,.T.);
#1140=EDGE_CURVE('',#906,#906,#95,.T.);
#1141=EDGE_CURVE('',#907,#890,#96,.T.);
#1142=EDGE_CURVE('',#891,#907,#453,.T.);
#1143=EDGE_CURVE('',#908,#776,#97,.T.);
#1144=EDGE_CURVE('',#885,#908,#98,.T.);
#1145=EDGE_CURVE('',#909,#768,#454,.T.);
#1146=EDGE_CURVE('',#910,#909,#99,.T.);
#1147=EDGE_CURVE('',#769,#910,#100,.T.);
#1148=EDGE_CURVE('',#911,#912,#455,.T.);
#1149=EDGE_CURVE('',#913,#911,#101,.T.);
#1150=EDGE_CURVE('',#912,#913,#456,.T.);
#1151=EDGE_CURVE('',#902,#904,#457,.T.);
#1152=EDGE_CURVE('',#907,#914,#458,.T.);
#1153=EDGE_CURVE('',#914,#915,#459,.T.);
#1154=EDGE_CURVE('',#800,#915,#460,.T.);
#1155=EDGE_CURVE('',#799,#916,#461,.T.);
#1156=EDGE_CURVE('',#916,#917,#462,.T.);
#1157=EDGE_CURVE('',#917,#911,#463,.T.);
#1158=EDGE_CURVE('',#912,#845,#464,.T.);
#1159=EDGE_CURVE('',#817,#764,#465,.T.);
#1160=EDGE_CURVE('',#827,#856,#466,.T.);
#1161=EDGE_CURVE('',#896,#878,#467,.T.);
#1162=EDGE_CURVE('',#860,#819,#468,.T.);
#1163=EDGE_CURVE('',#884,#903,#469,.T.);
#1164=EDGE_CURVE('',#906,#898,#470,.T.);
#1165=EDGE_CURVE('',#867,#854,#471,.T.);
#1166=EDGE_CURVE('',#882,#873,#472,.T.);
#1167=EDGE_CURVE('',#889,#918,#473,.T.);
#1168=EDGE_CURVE('',#918,#918,#102,.T.);
#1169=EDGE_CURVE('',#914,#889,#103,.T.);
#1170=EDGE_CURVE('',#919,#917,#104,.T.);
#1171=EDGE_CURVE('',#919,#920,#474,.T.);
#1172=EDGE_CURVE('',#920,#920,#105,.T.);
#1173=EDGE_CURVE('',#913,#919,#475,.T.);
#1174=EDGE_CURVE('',#886,#775,#106,.T.);
#1175=EDGE_CURVE('',#908,#921,#476,.T.);
#1176=EDGE_CURVE('',#921,#921,#107,.T.);
#1177=EDGE_CURVE('',#922,#909,#477,.T.);
#1178=EDGE_CURVE('',#770,#922,#108,.T.);
#1179=EDGE_CURVE('',#910,#923,#478,.T.);
#1180=EDGE_CURVE('',#923,#923,#109,.T.);
#1181=EDGE_CURVE('',#865,#871,#479,.T.);
#1182=EDGE_CURVE('',#919,#924,#480,.T.);
#1183=EDGE_CURVE('',#795,#924,#481,.T.);
#1184=EDGE_CURVE('',#794,#925,#482,.T.);
#1185=EDGE_CURVE('',#925,#922,#483,.T.);
#1186=EDGE_CURVE('',#774,#926,#484,.T.);
#1187=EDGE_CURVE('',#926,#887,#485,.T.);
#1188=EDGE_CURVE('',#916,#927,#486,.T.);
#1189=EDGE_CURVE('',#927,#924,#487,.T.);
#1190=EDGE_CURVE('',#888,#928,#488,.T.);
#1191=EDGE_CURVE('',#928,#915,#489,.T.);
#1192=EDGE_CURVE('',#925,#929,#490,.T.);
#1193=EDGE_CURVE('',#929,#771,#491,.T.);
#1194=EDGE_CURVE('',#809,#930,#492,.T.);
#1195=EDGE_CURVE('',#931,#930,#493,.T.);
#1196=EDGE_CURVE('',#810,#931,#494,.T.);
#1197=EDGE_CURVE('',#932,#931,#495,.T.);
#1198=EDGE_CURVE('',#793,#932,#496,.T.);
#1199=EDGE_CURVE('',#933,#932,#497,.T.);
#1200=EDGE_CURVE('',#929,#933,#498,.T.);
#1201=EDGE_CURVE('',#930,#933,#499,.T.);
#1202=EDGE_CURVE('',#801,#934,#500,.T.);
#1203=EDGE_CURVE('',#935,#934,#501,.T.);
#1204=EDGE_CURVE('',#802,#935,#502,.T.);
#1205=EDGE_CURVE('',#936,#935,#503,.T.);
#1206=EDGE_CURVE('',#803,#936,#504,.T.);
#1207=EDGE_CURVE('',#937,#936,#505,.T.);
#1208=EDGE_CURVE('',#928,#937,#506,.T.);
#1209=EDGE_CURVE('',#934,#937,#507,.T.);
#1210=EDGE_CURVE('',#927,#938,#508,.T.);
#1211=EDGE_CURVE('',#939,#938,#509,.T.);
#1212=EDGE_CURVE('',#796,#939,#510,.T.);
#1213=EDGE_CURVE('',#940,#939,#511,.T.);
#1214=EDGE_CURVE('',#797,#940,#512,.T.);
#1215=EDGE_CURVE('',#941,#940,#513,.T.);
#1216=EDGE_CURVE('',#798,#941,#514,.T.);
#1217=EDGE_CURVE('',#938,#941,#515,.T.);
#1218=EDGE_CURVE('',#926,#942,#516,.T.);
#1219=EDGE_CURVE('',#943,#942,#517,.T.);
#1220=EDGE_CURVE('',#806,#943,#518,.T.);
#1221=EDGE_CURVE('',#944,#943,#519,.T.);
#1222=EDGE_CURVE('',#807,#944,#520,.T.);
#1223=EDGE_CURVE('',#945,#944,#521,.T.);
#1224=EDGE_CURVE('',#808,#945,#522,.T.);
#1225=EDGE_CURVE('',#942,#945,#523,.T.);
#1226=EDGE_CURVE('',#905,#901,#524,.T.);
#1227=EDGE_CURVE('',#859,#875,#525,.T.);
#1228=EDGE_CURVE('',#872,#864,#526,.T.);
#1229=EDGE_CURVE('',#824,#759,#527,.T.);
#1230=ORIENTED_EDGE('',*,*,#946,.F.);
#1231=ORIENTED_EDGE('',*,*,#947,.F.);
#1232=ORIENTED_EDGE('',*,*,#948,.F.);
#1233=ORIENTED_EDGE('',*,*,#949,.F.);
#1234=ORIENTED_EDGE('',*,*,#950,.F.);
#1235=ORIENTED_EDGE('',*,*,#951,.F.);
#1236=ORIENTED_EDGE('',*,*,#952,.F.);
#1237=ORIENTED_EDGE('',*,*,#953,.F.);
#1238=ORIENTED_EDGE('',*,*,#954,.F.);
#1239=ORIENTED_EDGE('',*,*,#950,.T.);
#1240=ORIENTED_EDGE('',*,*,#955,.T.);
#1241=ORIENTED_EDGE('',*,*,#956,.T.);
#1242=ORIENTED_EDGE('',*,*,#957,.F.);
#1243=ORIENTED_EDGE('',*,*,#958,.F.);
#1244=ORIENTED_EDGE('',*,*,#959,.T.);
#1245=ORIENTED_EDGE('',*,*,#960,.T.);
#1246=ORIENTED_EDGE('',*,*,#961,.T.);
#1247=ORIENTED_EDGE('',*,*,#962,.F.);
#1248=ORIENTED_EDGE('',*,*,#963,.T.);
#1249=ORIENTED_EDGE('',*,*,#964,.T.);
#1250=ORIENTED_EDGE('',*,*,#965,.T.);
#1251=ORIENTED_EDGE('',*,*,#966,.T.);
#1252=ORIENTED_EDGE('',*,*,#967,.T.);
#1253=ORIENTED_EDGE('',*,*,#968,.T.);
#1254=ORIENTED_EDGE('',*,*,#969,.F.);
#1255=ORIENTED_EDGE('',*,*,#970,.T.);
#1256=ORIENTED_EDGE('',*,*,#947,.T.);
#1257=ORIENTED_EDGE('',*,*,#971,.F.);
#1258=ORIENTED_EDGE('',*,*,#972,.T.);
#1259=ORIENTED_EDGE('',*,*,#973,.T.);
#1260=ORIENTED_EDGE('',*,*,#974,.T.);
#1261=ORIENTED_EDGE('',*,*,#975,.F.);
#1262=ORIENTED_EDGE('',*,*,#976,.T.);
#1263=ORIENTED_EDGE('',*,*,#977,.T.);
#1264=ORIENTED_EDGE('',*,*,#978,.T.);
#1265=ORIENTED_EDGE('',*,*,#979,.F.);
#1266=ORIENTED_EDGE('',*,*,#980,.T.);
#1267=ORIENTED_EDGE('',*,*,#981,.T.);
#1268=ORIENTED_EDGE('',*,*,#982,.T.);
#1269=ORIENTED_EDGE('',*,*,#983,.T.);
#1270=ORIENTED_EDGE('',*,*,#984,.T.);
#1271=ORIENTED_EDGE('',*,*,#985,.T.);
#1272=ORIENTED_EDGE('',*,*,#986,.F.);
#1273=ORIENTED_EDGE('',*,*,#987,.T.);
#1274=ORIENTED_EDGE('',*,*,#988,.T.);
#1275=ORIENTED_EDGE('',*,*,#989,.T.);
#1276=ORIENTED_EDGE('',*,*,#990,.T.);
#1277=ORIENTED_EDGE('',*,*,#991,.F.);
#1278=ORIENTED_EDGE('',*,*,#992,.T.);
#1279=ORIENTED_EDGE('',*,*,#993,.T.);
#1280=ORIENTED_EDGE('',*,*,#994,.T.);
#1281=ORIENTED_EDGE('',*,*,#995,.T.);
#1282=ORIENTED_EDGE('',*,*,#996,.F.);
#1283=ORIENTED_EDGE('',*,*,#997,.T.);
#1284=ORIENTED_EDGE('',*,*,#998,.T.);
#1285=ORIENTED_EDGE('',*,*,#999,.T.);
#1286=ORIENTED_EDGE('',*,*,#1000,.T.);
#1287=ORIENTED_EDGE('',*,*,#963,.F.);
#1288=ORIENTED_EDGE('',*,*,#1001,.T.);
#1289=ORIENTED_EDGE('',*,*,#1002,.T.);
#1290=ORIENTED_EDGE('',*,*,#1003,.T.);
#1291=ORIENTED_EDGE('',*,*,#946,.T.);
#1292=ORIENTED_EDGE('',*,*,#1004,.T.);
#1293=ORIENTED_EDGE('',*,*,#1005,.T.);
#1294=ORIENTED_EDGE('',*,*,#1006,.F.);
#1295=ORIENTED_EDGE('',*,*,#1007,.F.);
#1296=ORIENTED_EDGE('',*,*,#1008,.T.);
#1297=ORIENTED_EDGE('',*,*,#1009,.T.);
#1298=ORIENTED_EDGE('',*,*,#971,.T.);
#1299=ORIENTED_EDGE('',*,*,#1010,.T.);
#1300=ORIENTED_EDGE('',*,*,#1011,.T.);
#1301=ORIENTED_EDGE('',*,*,#1012,.T.);
#1302=ORIENTED_EDGE('',*,*,#1013,.T.);
#1303=ORIENTED_EDGE('',*,*,#1014,.F.);
#1304=ORIENTED_EDGE('',*,*,#1015,.F.);
#1305=ORIENTED_EDGE('',*,*,#1016,.F.);
#1306=ORIENTED_EDGE('',*,*,#1017,.F.);
#1307=ORIENTED_EDGE('',*,*,#956,.F.);
#1308=ORIENTED_EDGE('',*,*,#1018,.F.);
#1309=ORIENTED_EDGE('',*,*,#1019,.F.);
#1310=ORIENTED_EDGE('',*,*,#984,.F.);
#1311=ORIENTED_EDGE('',*,*,#1020,.F.);
#1312=ORIENTED_EDGE('',*,*,#1021,.F.);
#1313=ORIENTED_EDGE('',*,*,#1022,.F.);
#1314=ORIENTED_EDGE('',*,*,#1023,.F.);
#1315=ORIENTED_EDGE('',*,*,#1024,.T.);
#1316=ORIENTED_EDGE('',*,*,#1025,.T.);
#1317=ORIENTED_EDGE('',*,*,#1020,.T.);
#1318=ORIENTED_EDGE('',*,*,#1026,.T.);
#1319=ORIENTED_EDGE('',*,*,#1027,.F.);
#1320=ORIENTED_EDGE('',*,*,#1021,.T.);
#1321=ORIENTED_EDGE('',*,*,#1025,.F.);
#1322=ORIENTED_EDGE('',*,*,#1028,.T.);
#1323=ORIENTED_EDGE('',*,*,#1029,.T.);
#1324=ORIENTED_EDGE('',*,*,#1030,.T.);
#1325=ORIENTED_EDGE('',*,*,#1031,.T.);
#1326=ORIENTED_EDGE('',*,*,#1032,.T.);
#1327=ORIENTED_EDGE('',*,*,#1033,.T.);
#1328=ORIENTED_EDGE('',*,*,#1006,.T.);
#1329=ORIENTED_EDGE('',*,*,#1034,.T.);
#1330=ORIENTED_EDGE('',*,*,#951,.T.);
#1331=ORIENTED_EDGE('',*,*,#969,.T.);
#1332=ORIENTED_EDGE('',*,*,#1035,.T.);
#1333=ORIENTED_EDGE('',*,*,#1036,.T.);
#1334=ORIENTED_EDGE('',*,*,#1037,.T.);
#1335=ORIENTED_EDGE('',*,*,#1038,.T.);
#1336=ORIENTED_EDGE('',*,*,#1039,.T.);
#1337=ORIENTED_EDGE('',*,*,#1040,.T.);
#1338=ORIENTED_EDGE('',*,*,#1041,.T.);
#1339=ORIENTED_EDGE('',*,*,#1042,.T.);
#1340=ORIENTED_EDGE('',*,*,#1043,.T.);
#1341=ORIENTED_EDGE('',*,*,#1044,.T.);
#1342=ORIENTED_EDGE('',*,*,#1045,.T.);
#1343=ORIENTED_EDGE('',*,*,#1046,.T.);
#1344=ORIENTED_EDGE('',*,*,#1047,.T.);
#1345=ORIENTED_EDGE('',*,*,#1048,.T.);
#1346=ORIENTED_EDGE('',*,*,#1049,.T.);
#1347=ORIENTED_EDGE('',*,*,#957,.T.);
#1348=ORIENTED_EDGE('',*,*,#1017,.T.);
#1349=ORIENTED_EDGE('',*,*,#1050,.T.);
#1350=ORIENTED_EDGE('',*,*,#1051,.T.);
#1351=ORIENTED_EDGE('',*,*,#1014,.T.);
#1352=ORIENTED_EDGE('',*,*,#1052,.F.);
#1353=ORIENTED_EDGE('',*,*,#1053,.T.);
#1354=ORIENTED_EDGE('',*,*,#1054,.T.);
#1355=ORIENTED_EDGE('',*,*,#1055,.T.);
#1356=ORIENTED_EDGE('',*,*,#1028,.F.);
#1357=ORIENTED_EDGE('',*,*,#1056,.F.);
#1358=ORIENTED_EDGE('',*,*,#1057,.T.);
#1359=ORIENTED_EDGE('',*,*,#1058,.T.);
#1360=ORIENTED_EDGE('',*,*,#1059,.T.);
#1361=ORIENTED_EDGE('',*,*,#1009,.F.);
#1362=ORIENTED_EDGE('',*,*,#1060,.F.);
#1363=ORIENTED_EDGE('',*,*,#1061,.F.);
#1364=ORIENTED_EDGE('',*,*,#1036,.F.);
#1365=ORIENTED_EDGE('',*,*,#1062,.F.);
#1366=ORIENTED_EDGE('',*,*,#1063,.F.);
#1367=ORIENTED_EDGE('',*,*,#1064,.F.);
#1368=ORIENTED_EDGE('',*,*,#972,.F.);
#1369=ORIENTED_EDGE('',*,*,#1065,.F.);
#1370=ORIENTED_EDGE('',*,*,#1066,.T.);
#1371=ORIENTED_EDGE('',*,*,#1067,.T.);
#1372=ORIENTED_EDGE('',*,*,#1068,.F.);
#1373=ORIENTED_EDGE('',*,*,#1053,.F.);
#1374=ORIENTED_EDGE('',*,*,#1069,.F.);
#1375=ORIENTED_EDGE('',*,*,#1070,.F.);
#1376=ORIENTED_EDGE('',*,*,#1067,.F.);
#1377=ORIENTED_EDGE('',*,*,#982,.F.);
#1378=ORIENTED_EDGE('',*,*,#1071,.F.);
#1379=ORIENTED_EDGE('',*,*,#1072,.F.);
#1380=ORIENTED_EDGE('',*,*,#1073,.F.);
#1381=ORIENTED_EDGE('',*,*,#1048,.F.);
#1382=ORIENTED_EDGE('',*,*,#1074,.F.);
#1383=ORIENTED_EDGE('',*,*,#1075,.F.);
#1384=ORIENTED_EDGE('',*,*,#1076,.F.);
#1385=ORIENTED_EDGE('',*,*,#1077,.F.);
#1386=ORIENTED_EDGE('',*,*,#1068,.T.);
#1387=ORIENTED_EDGE('',*,*,#1070,.T.);
#1388=ORIENTED_EDGE('',*,*,#1078,.F.);
#1389=ORIENTED_EDGE('',*,*,#1027,.T.);
#1390=ORIENTED_EDGE('',*,*,#1079,.T.);
#1391=ORIENTED_EDGE('',*,*,#1078,.T.);
#1392=ORIENTED_EDGE('',*,*,#1069,.T.);
#1393=ORIENTED_EDGE('',*,*,#1052,.T.);
#1394=ORIENTED_EDGE('',*,*,#1022,.T.);
#1395=ORIENTED_EDGE('',*,*,#1080,.F.);
#1396=ORIENTED_EDGE('',*,*,#1081,.F.);
#1397=ORIENTED_EDGE('',*,*,#1082,.F.);
#1398=ORIENTED_EDGE('',*,*,#1046,.F.);
#1399=ORIENTED_EDGE('',*,*,#1083,.F.);
#1400=ORIENTED_EDGE('',*,*,#1084,.F.);
#1401=ORIENTED_EDGE('',*,*,#1085,.F.);
#1402=ORIENTED_EDGE('',*,*,#980,.F.);
#1403=ORIENTED_EDGE('',*,*,#1086,.F.);
#1404=ORIENTED_EDGE('',*,*,#1087,.F.);
#1405=ORIENTED_EDGE('',*,*,#974,.F.);
#1406=ORIENTED_EDGE('',*,*,#1088,.F.);
#1407=ORIENTED_EDGE('',*,*,#1089,.F.);
#1408=ORIENTED_EDGE('',*,*,#1090,.F.);
#1409=ORIENTED_EDGE('',*,*,#1038,.F.);
#1410=ORIENTED_EDGE('',*,*,#1091,.F.);
#1411=ORIENTED_EDGE('',*,*,#1092,.F.);
#1412=ORIENTED_EDGE('',*,*,#1093,.F.);
#1413=ORIENTED_EDGE('',*,*,#1094,.T.);
#1414=ORIENTED_EDGE('',*,*,#1080,.T.);
#1415=ORIENTED_EDGE('',*,*,#979,.T.);
#1416=ORIENTED_EDGE('',*,*,#1095,.T.);
#1417=ORIENTED_EDGE('',*,*,#1096,.T.);
#1418=ORIENTED_EDGE('',*,*,#1097,.T.);
#1419=ORIENTED_EDGE('',*,*,#1030,.F.);
#1420=ORIENTED_EDGE('',*,*,#1098,.F.);
#1421=ORIENTED_EDGE('',*,*,#1099,.T.);
#1422=ORIENTED_EDGE('',*,*,#1100,.T.);
#1423=ORIENTED_EDGE('',*,*,#1101,.T.);
#1424=ORIENTED_EDGE('',*,*,#1062,.T.);
#1425=ORIENTED_EDGE('',*,*,#1035,.F.);
#1426=ORIENTED_EDGE('',*,*,#968,.F.);
#1427=ORIENTED_EDGE('',*,*,#1102,.T.);
#1428=ORIENTED_EDGE('',*,*,#1103,.T.);
#1429=ORIENTED_EDGE('',*,*,#1104,.T.);
#1430=ORIENTED_EDGE('',*,*,#1105,.F.);
#1431=ORIENTED_EDGE('',*,*,#996,.T.);
#1432=ORIENTED_EDGE('',*,*,#1106,.T.);
#1433=ORIENTED_EDGE('',*,*,#1107,.T.);
#1434=ORIENTED_EDGE('',*,*,#1108,.T.);
#1435=ORIENTED_EDGE('',*,*,#1109,.T.);
#1436=ORIENTED_EDGE('',*,*,#1110,.T.);
#1437=ORIENTED_EDGE('',*,*,#1039,.F.);
#1438=ORIENTED_EDGE('',*,*,#1090,.T.);
#1439=ORIENTED_EDGE('',*,*,#1111,.T.);
#1440=ORIENTED_EDGE('',*,*,#1087,.T.);
#1441=ORIENTED_EDGE('',*,*,#1112,.T.);
#1442=ORIENTED_EDGE('',*,*,#1113,.T.);
#1443=ORIENTED_EDGE('',*,*,#1032,.F.);
#1444=ORIENTED_EDGE('',*,*,#1114,.F.);
#1445=ORIENTED_EDGE('',*,*,#1115,.T.);
#1446=ORIENTED_EDGE('',*,*,#1116,.T.);
#1447=ORIENTED_EDGE('',*,*,#975,.T.);
#1448=ORIENTED_EDGE('',*,*,#1117,.T.);
#1449=ORIENTED_EDGE('',*,*,#1118,.T.);
#1450=ORIENTED_EDGE('',*,*,#1119,.T.);
#1451=ORIENTED_EDGE('',*,*,#1120,.T.);
#1452=ORIENTED_EDGE('',*,*,#1121,.F.);
#1453=ORIENTED_EDGE('',*,*,#1015,.T.);
#1454=ORIENTED_EDGE('',*,*,#1051,.F.);
#1455=ORIENTED_EDGE('',*,*,#1122,.F.);
#1456=ORIENTED_EDGE('',*,*,#1004,.F.);
#1457=ORIENTED_EDGE('',*,*,#953,.T.);
#1458=ORIENTED_EDGE('',*,*,#1123,.F.);
#1459=ORIENTED_EDGE('',*,*,#1124,.F.);
#1460=ORIENTED_EDGE('',*,*,#1115,.F.);
#1461=ORIENTED_EDGE('',*,*,#1125,.F.);
#1462=ORIENTED_EDGE('',*,*,#1096,.F.);
#1463=ORIENTED_EDGE('',*,*,#1126,.F.);
#1464=ORIENTED_EDGE('',*,*,#1094,.F.);
#1465=ORIENTED_EDGE('',*,*,#1127,.F.);
#1466=ORIENTED_EDGE('',*,*,#1054,.F.);
#1467=ORIENTED_EDGE('',*,*,#1075,.T.);
#1468=ORIENTED_EDGE('',*,*,#1128,.F.);
#1469=ORIENTED_EDGE('',*,*,#1081,.T.);
#1470=ORIENTED_EDGE('',*,*,#1129,.F.);
#1471=ORIENTED_EDGE('',*,*,#1060,.T.);
#1472=ORIENTED_EDGE('',*,*,#1008,.F.);
#1473=ORIENTED_EDGE('',*,*,#1130,.F.);
#1474=ORIENTED_EDGE('',*,*,#1112,.F.);
#1475=ORIENTED_EDGE('',*,*,#1092,.T.);
#1476=ORIENTED_EDGE('',*,*,#1122,.T.);
#1477=ORIENTED_EDGE('',*,*,#1056,.T.);
#1478=ORIENTED_EDGE('',*,*,#1034,.F.);
#1479=ORIENTED_EDGE('',*,*,#1005,.F.);
#1480=ORIENTED_EDGE('',*,*,#1123,.T.);
#1481=ORIENTED_EDGE('',*,*,#1131,.T.);
#1482=ORIENTED_EDGE('',*,*,#1042,.F.);
#1483=ORIENTED_EDGE('',*,*,#1132,.T.);
#1484=ORIENTED_EDGE('',*,*,#1127,.T.);
#1485=ORIENTED_EDGE('',*,*,#1098,.T.);
#1486=ORIENTED_EDGE('',*,*,#1029,.F.);
#1487=ORIENTED_EDGE('',*,*,#1055,.F.);
#1488=ORIENTED_EDGE('',*,*,#1129,.T.);
#1489=ORIENTED_EDGE('',*,*,#1091,.T.);
#1490=ORIENTED_EDGE('',*,*,#1037,.F.);
#1491=ORIENTED_EDGE('',*,*,#1061,.T.);
#1492=ORIENTED_EDGE('',*,*,#1095,.F.);
#1493=ORIENTED_EDGE('',*,*,#978,.F.);
#1494=ORIENTED_EDGE('',*,*,#1133,.F.);
#1495=ORIENTED_EDGE('',*,*,#1134,.F.);
#1496=ORIENTED_EDGE('',*,*,#1135,.F.);
#1497=ORIENTED_EDGE('',*,*,#1043,.F.);
#1498=ORIENTED_EDGE('',*,*,#1131,.F.);
#1499=ORIENTED_EDGE('',*,*,#1126,.T.);
#1500=ORIENTED_EDGE('',*,*,#1136,.F.);
#1501=ORIENTED_EDGE('',*,*,#1116,.F.);
#1502=ORIENTED_EDGE('',*,*,#1124,.T.);
#1503=ORIENTED_EDGE('',*,*,#1132,.F.);
#1504=ORIENTED_EDGE('',*,*,#1041,.F.);
#1505=ORIENTED_EDGE('',*,*,#1137,.F.);
#1506=ORIENTED_EDGE('',*,*,#1138,.F.);
#1507=ORIENTED_EDGE('',*,*,#1139,.F.);
#1508=ORIENTED_EDGE('',*,*,#976,.F.);
#1509=ORIENTED_EDGE('',*,*,#1140,.F.);
#1510=ORIENTED_EDGE('',*,*,#1109,.F.);
#1511=ORIENTED_EDGE('',*,*,#1141,.F.);
#1512=ORIENTED_EDGE('',*,*,#1142,.F.);
#1513=ORIENTED_EDGE('',*,*,#967,.F.);
#1514=ORIENTED_EDGE('',*,*,#1143,.F.);
#1515=ORIENTED_EDGE('',*,*,#1144,.F.);
#1516=ORIENTED_EDGE('',*,*,#1102,.F.);
#1517=ORIENTED_EDGE('',*,*,#1145,.F.);
#1518=ORIENTED_EDGE('',*,*,#1146,.F.);
#1519=ORIENTED_EDGE('',*,*,#1147,.F.);
#1520=ORIENTED_EDGE('',*,*,#959,.F.);
#1521=ORIENTED_EDGE('',*,*,#1148,.F.);
#1522=ORIENTED_EDGE('',*,*,#1149,.F.);
#1523=ORIENTED_EDGE('',*,*,#1150,.F.);
#1524=ORIENTED_EDGE('',*,*,#1151,.T.);
#1525=ORIENTED_EDGE('',*,*,#1137,.T.);
#1526=ORIENTED_EDGE('',*,*,#1040,.F.);
#1527=ORIENTED_EDGE('',*,*,#1110,.F.);
#1528=ORIENTED_EDGE('',*,*,#1142,.T.);
#1529=ORIENTED_EDGE('',*,*,#1152,.T.);
#1530=ORIENTED_EDGE('',*,*,#1153,.T.);
#1531=ORIENTED_EDGE('',*,*,#1154,.F.);
#1532=ORIENTED_EDGE('',*,*,#991,.T.);
#1533=ORIENTED_EDGE('',*,*,#1155,.T.);
#1534=ORIENTED_EDGE('',*,*,#1156,.T.);
#1535=ORIENTED_EDGE('',*,*,#1157,.T.);
#1536=ORIENTED_EDGE('',*,*,#1148,.T.);
#1537=ORIENTED_EDGE('',*,*,#1158,.T.);
#1538=ORIENTED_EDGE('',*,*,#1044,.F.);
#1539=ORIENTED_EDGE('',*,*,#1135,.T.);
#1540=ORIENTED_EDGE('',*,*,#1010,.F.);
#1541=ORIENTED_EDGE('',*,*,#1011,.F.);
#1542=ORIENTED_EDGE('',*,*,#1159,.T.);
#1543=ORIENTED_EDGE('',*,*,#954,.T.);
#1544=ORIENTED_EDGE('',*,*,#1159,.F.);
#1545=ORIENTED_EDGE('',*,*,#1023,.T.);
#1546=ORIENTED_EDGE('',*,*,#1160,.T.);
#1547=ORIENTED_EDGE('',*,*,#1058,.F.);
#1548=ORIENTED_EDGE('',*,*,#1059,.F.);
#1549=ORIENTED_EDGE('',*,*,#1160,.F.);
#1550=ORIENTED_EDGE('',*,*,#1117,.F.);
#1551=ORIENTED_EDGE('',*,*,#1118,.F.);
#1552=ORIENTED_EDGE('',*,*,#1161,.T.);
#1553=ORIENTED_EDGE('',*,*,#1093,.T.);
#1554=ORIENTED_EDGE('',*,*,#1161,.F.);
#1555=ORIENTED_EDGE('',*,*,#1065,.T.);
#1556=ORIENTED_EDGE('',*,*,#1162,.T.);
#1557=ORIENTED_EDGE('',*,*,#1012,.F.);
#1558=ORIENTED_EDGE('',*,*,#1013,.F.);
#1559=ORIENTED_EDGE('',*,*,#1162,.F.);
#1560=ORIENTED_EDGE('',*,*,#1100,.F.);
#1561=ORIENTED_EDGE('',*,*,#1101,.F.);
#1562=ORIENTED_EDGE('',*,*,#1163,.T.);
#1563=ORIENTED_EDGE('',*,*,#1136,.T.);
#1564=ORIENTED_EDGE('',*,*,#1163,.F.);
#1565=ORIENTED_EDGE('',*,*,#1140,.T.);
#1566=ORIENTED_EDGE('',*,*,#1164,.T.);
#1567=ORIENTED_EDGE('',*,*,#1119,.F.);
#1568=ORIENTED_EDGE('',*,*,#1120,.F.);
#1569=ORIENTED_EDGE('',*,*,#1164,.F.);
#1570=ORIENTED_EDGE('',*,*,#1076,.T.);
#1571=ORIENTED_EDGE('',*,*,#1165,.T.);
#1572=ORIENTED_EDGE('',*,*,#1057,.F.);
#1573=ORIENTED_EDGE('',*,*,#1165,.F.);
#1574=ORIENTED_EDGE('',*,*,#1099,.F.);
#1575=ORIENTED_EDGE('',*,*,#1166,.T.);
#1576=ORIENTED_EDGE('',*,*,#1086,.T.);
#1577=ORIENTED_EDGE('',*,*,#1166,.F.);
#1578=ORIENTED_EDGE('',*,*,#1066,.F.);
#1579=ORIENTED_EDGE('',*,*,#1077,.T.);
#1580=ORIENTED_EDGE('',*,*,#1079,.F.);
#1581=ORIENTED_EDGE('',*,*,#1026,.F.);
#1582=ORIENTED_EDGE('',*,*,#1024,.F.);
#1583=ORIENTED_EDGE('',*,*,#983,.F.);
#1584=ORIENTED_EDGE('',*,*,#1108,.F.);
#1585=ORIENTED_EDGE('',*,*,#1167,.T.);
#1586=ORIENTED_EDGE('',*,*,#1168,.F.);
#1587=ORIENTED_EDGE('',*,*,#1167,.F.);
#1588=ORIENTED_EDGE('',*,*,#1169,.F.);
#1589=ORIENTED_EDGE('',*,*,#1152,.F.);
#1590=ORIENTED_EDGE('',*,*,#1141,.T.);
#1591=ORIENTED_EDGE('',*,*,#1157,.F.);
#1592=ORIENTED_EDGE('',*,*,#1170,.F.);
#1593=ORIENTED_EDGE('',*,*,#1171,.T.);
#1594=ORIENTED_EDGE('',*,*,#1172,.F.);
#1595=ORIENTED_EDGE('',*,*,#1171,.F.);
#1596=ORIENTED_EDGE('',*,*,#1173,.F.);
#1597=ORIENTED_EDGE('',*,*,#1149,.T.);
#1598=ORIENTED_EDGE('',*,*,#966,.F.);
#1599=ORIENTED_EDGE('',*,*,#1174,.F.);
#1600=ORIENTED_EDGE('',*,*,#1103,.F.);
#1601=ORIENTED_EDGE('',*,*,#1144,.T.);
#1602=ORIENTED_EDGE('',*,*,#1175,.T.);
#1603=ORIENTED_EDGE('',*,*,#1176,.F.);
#1604=ORIENTED_EDGE('',*,*,#1175,.F.);
#1605=ORIENTED_EDGE('',*,*,#1143,.T.);
#1606=ORIENTED_EDGE('',*,*,#1177,.F.);
#1607=ORIENTED_EDGE('',*,*,#1178,.F.);
#1608=ORIENTED_EDGE('',*,*,#960,.F.);
#1609=ORIENTED_EDGE('',*,*,#1147,.T.);
#1610=ORIENTED_EDGE('',*,*,#1179,.T.);
#1611=ORIENTED_EDGE('',*,*,#1180,.F.);
#1612=ORIENTED_EDGE('',*,*,#1179,.F.);
#1613=ORIENTED_EDGE('',*,*,#1146,.T.);
#1614=ORIENTED_EDGE('',*,*,#1181,.T.);
#1615=ORIENTED_EDGE('',*,*,#1083,.T.);
#1616=ORIENTED_EDGE('',*,*,#1045,.F.);
#1617=ORIENTED_EDGE('',*,*,#1158,.F.);
#1618=ORIENTED_EDGE('',*,*,#1150,.T.);
#1619=ORIENTED_EDGE('',*,*,#1173,.T.);
#1620=ORIENTED_EDGE('',*,*,#1182,.T.);
#1621=ORIENTED_EDGE('',*,*,#1183,.F.);
#1622=ORIENTED_EDGE('',*,*,#986,.T.);
#1623=ORIENTED_EDGE('',*,*,#1184,.T.);
#1624=ORIENTED_EDGE('',*,*,#1185,.T.);
#1625=ORIENTED_EDGE('',*,*,#1177,.T.);
#1626=ORIENTED_EDGE('',*,*,#1145,.T.);
#1627=ORIENTED_EDGE('',*,*,#958,.T.);
#1628=ORIENTED_EDGE('',*,*,#1049,.F.);
#1629=ORIENTED_EDGE('',*,*,#1073,.T.);
#1630=ORIENTED_EDGE('',*,*,#1174,.T.);
#1631=ORIENTED_EDGE('',*,*,#965,.F.);
#1632=ORIENTED_EDGE('',*,*,#1186,.T.);
#1633=ORIENTED_EDGE('',*,*,#1187,.T.);
#1634=ORIENTED_EDGE('',*,*,#1104,.F.);
#1635=ORIENTED_EDGE('',*,*,#1170,.T.);
#1636=ORIENTED_EDGE('',*,*,#1156,.F.);
#1637=ORIENTED_EDGE('',*,*,#1188,.T.);
#1638=ORIENTED_EDGE('',*,*,#1189,.T.);
#1639=ORIENTED_EDGE('',*,*,#1182,.F.);
#1640=ORIENTED_EDGE('',*,*,#1169,.T.);
#1641=ORIENTED_EDGE('',*,*,#1107,.F.);
#1642=ORIENTED_EDGE('',*,*,#1190,.T.);
#1643=ORIENTED_EDGE('',*,*,#1191,.T.);
#1644=ORIENTED_EDGE('',*,*,#1153,.F.);
#1645=ORIENTED_EDGE('',*,*,#1178,.T.);
#1646=ORIENTED_EDGE('',*,*,#1185,.F.);
#1647=ORIENTED_EDGE('',*,*,#1192,.T.);
#1648=ORIENTED_EDGE('',*,*,#1193,.T.);
#1649=ORIENTED_EDGE('',*,*,#961,.F.);
#1650=ORIENTED_EDGE('',*,*,#1002,.F.);
#1651=ORIENTED_EDGE('',*,*,#1194,.T.);
#1652=ORIENTED_EDGE('',*,*,#1195,.F.);
#1653=ORIENTED_EDGE('',*,*,#1196,.F.);
#1654=ORIENTED_EDGE('',*,*,#1003,.F.);
#1655=ORIENTED_EDGE('',*,*,#1196,.T.);
#1656=ORIENTED_EDGE('',*,*,#1197,.F.);
#1657=ORIENTED_EDGE('',*,*,#1198,.F.);
#1658=ORIENTED_EDGE('',*,*,#985,.F.);
#1659=ORIENTED_EDGE('',*,*,#1198,.T.);
#1660=ORIENTED_EDGE('',*,*,#1199,.F.);
#1661=ORIENTED_EDGE('',*,*,#1200,.F.);
#1662=ORIENTED_EDGE('',*,*,#1192,.F.);
#1663=ORIENTED_EDGE('',*,*,#1184,.F.);
#1664=ORIENTED_EDGE('',*,*,#1001,.F.);
#1665=ORIENTED_EDGE('',*,*,#962,.T.);
#1666=ORIENTED_EDGE('',*,*,#1193,.F.);
#1667=ORIENTED_EDGE('',*,*,#1200,.T.);
#1668=ORIENTED_EDGE('',*,*,#1201,.F.);
#1669=ORIENTED_EDGE('',*,*,#1194,.F.);
#1670=ORIENTED_EDGE('',*,*,#1201,.T.);
#1671=ORIENTED_EDGE('',*,*,#1199,.T.);
#1672=ORIENTED_EDGE('',*,*,#1197,.T.);
#1673=ORIENTED_EDGE('',*,*,#1195,.T.);
#1674=ORIENTED_EDGE('',*,*,#1180,.T.);
#1675=ORIENTED_EDGE('',*,*,#993,.F.);
#1676=ORIENTED_EDGE('',*,*,#1202,.T.);
#1677=ORIENTED_EDGE('',*,*,#1203,.F.);
#1678=ORIENTED_EDGE('',*,*,#1204,.F.);
#1679=ORIENTED_EDGE('',*,*,#994,.F.);
#1680=ORIENTED_EDGE('',*,*,#1204,.T.);
#1681=ORIENTED_EDGE('',*,*,#1205,.F.);
#1682=ORIENTED_EDGE('',*,*,#1206,.F.);
#1683=ORIENTED_EDGE('',*,*,#995,.F.);
#1684=ORIENTED_EDGE('',*,*,#1206,.T.);
#1685=ORIENTED_EDGE('',*,*,#1207,.F.);
#1686=ORIENTED_EDGE('',*,*,#1208,.F.);
#1687=ORIENTED_EDGE('',*,*,#1190,.F.);
#1688=ORIENTED_EDGE('',*,*,#1106,.F.);
#1689=ORIENTED_EDGE('',*,*,#992,.F.);
#1690=ORIENTED_EDGE('',*,*,#1154,.T.);
#1691=ORIENTED_EDGE('',*,*,#1191,.F.);
#1692=ORIENTED_EDGE('',*,*,#1208,.T.);
#1693=ORIENTED_EDGE('',*,*,#1209,.F.);
#1694=ORIENTED_EDGE('',*,*,#1202,.F.);
#1695=ORIENTED_EDGE('',*,*,#1209,.T.);
#1696=ORIENTED_EDGE('',*,*,#1207,.T.);
#1697=ORIENTED_EDGE('',*,*,#1205,.T.);
#1698=ORIENTED_EDGE('',*,*,#1203,.T.);
#1699=ORIENTED_EDGE('',*,*,#1168,.T.);
#1700=ORIENTED_EDGE('',*,*,#987,.F.);
#1701=ORIENTED_EDGE('',*,*,#1183,.T.);
#1702=ORIENTED_EDGE('',*,*,#1189,.F.);
#1703=ORIENTED_EDGE('',*,*,#1210,.T.);
#1704=ORIENTED_EDGE('',*,*,#1211,.F.);
#1705=ORIENTED_EDGE('',*,*,#1212,.F.);
#1706=ORIENTED_EDGE('',*,*,#988,.F.);
#1707=ORIENTED_EDGE('',*,*,#1212,.T.);
#1708=ORIENTED_EDGE('',*,*,#1213,.F.);
#1709=ORIENTED_EDGE('',*,*,#1214,.F.);
#1710=ORIENTED_EDGE('',*,*,#989,.F.);
#1711=ORIENTED_EDGE('',*,*,#1214,.T.);
#1712=ORIENTED_EDGE('',*,*,#1215,.F.);
#1713=ORIENTED_EDGE('',*,*,#1216,.F.);
#1714=ORIENTED_EDGE('',*,*,#990,.F.);
#1715=ORIENTED_EDGE('',*,*,#1216,.T.);
#1716=ORIENTED_EDGE('',*,*,#1217,.F.);
#1717=ORIENTED_EDGE('',*,*,#1210,.F.);
#1718=ORIENTED_EDGE('',*,*,#1188,.F.);
#1719=ORIENTED_EDGE('',*,*,#1155,.F.);
#1720=ORIENTED_EDGE('',*,*,#1217,.T.);
#1721=ORIENTED_EDGE('',*,*,#1215,.T.);
#1722=ORIENTED_EDGE('',*,*,#1213,.T.);
#1723=ORIENTED_EDGE('',*,*,#1211,.T.);
#1724=ORIENTED_EDGE('',*,*,#1172,.T.);
#1725=ORIENTED_EDGE('',*,*,#997,.F.);
#1726=ORIENTED_EDGE('',*,*,#1105,.T.);
#1727=ORIENTED_EDGE('',*,*,#1187,.F.);
#1728=ORIENTED_EDGE('',*,*,#1218,.T.);
#1729=ORIENTED_EDGE('',*,*,#1219,.F.);
#1730=ORIENTED_EDGE('',*,*,#1220,.F.);
#1731=ORIENTED_EDGE('',*,*,#998,.F.);
#1732=ORIENTED_EDGE('',*,*,#1220,.T.);
#1733=ORIENTED_EDGE('',*,*,#1221,.F.);
#1734=ORIENTED_EDGE('',*,*,#1222,.F.);
#1735=ORIENTED_EDGE('',*,*,#999,.F.);
#1736=ORIENTED_EDGE('',*,*,#1222,.T.);
#1737=ORIENTED_EDGE('',*,*,#1223,.F.);
#1738=ORIENTED_EDGE('',*,*,#1224,.F.);
#1739=ORIENTED_EDGE('',*,*,#1000,.F.);
#1740=ORIENTED_EDGE('',*,*,#1224,.T.);
#1741=ORIENTED_EDGE('',*,*,#1225,.F.);
#1742=ORIENTED_EDGE('',*,*,#1218,.F.);
#1743=ORIENTED_EDGE('',*,*,#1186,.F.);
#1744=ORIENTED_EDGE('',*,*,#964,.F.);
#1745=ORIENTED_EDGE('',*,*,#1225,.T.);
#1746=ORIENTED_EDGE('',*,*,#1223,.T.);
#1747=ORIENTED_EDGE('',*,*,#1221,.T.);
#1748=ORIENTED_EDGE('',*,*,#1219,.T.);
#1749=ORIENTED_EDGE('',*,*,#1176,.T.);
#1750=ORIENTED_EDGE('',*,*,#1121,.T.);
#1751=ORIENTED_EDGE('',*,*,#952,.T.);
#1752=ORIENTED_EDGE('',*,*,#1050,.F.);
#1753=ORIENTED_EDGE('',*,*,#1016,.T.);
#1754=ORIENTED_EDGE('',*,*,#977,.F.);
#1755=ORIENTED_EDGE('',*,*,#1139,.T.);
#1756=ORIENTED_EDGE('',*,*,#1226,.T.);
#1757=ORIENTED_EDGE('',*,*,#1133,.T.);
#1758=ORIENTED_EDGE('',*,*,#1226,.F.);
#1759=ORIENTED_EDGE('',*,*,#1138,.T.);
#1760=ORIENTED_EDGE('',*,*,#1151,.F.);
#1761=ORIENTED_EDGE('',*,*,#1134,.T.);
#1762=ORIENTED_EDGE('',*,*,#973,.F.);
#1763=ORIENTED_EDGE('',*,*,#1064,.T.);
#1764=ORIENTED_EDGE('',*,*,#1227,.T.);
#1765=ORIENTED_EDGE('',*,*,#1088,.T.);
#1766=ORIENTED_EDGE('',*,*,#1111,.F.);
#1767=ORIENTED_EDGE('',*,*,#1089,.T.);
#1768=ORIENTED_EDGE('',*,*,#1227,.F.);
#1769=ORIENTED_EDGE('',*,*,#1063,.T.);
#1770=ORIENTED_EDGE('',*,*,#981,.F.);
#1771=ORIENTED_EDGE('',*,*,#1085,.T.);
#1772=ORIENTED_EDGE('',*,*,#1228,.T.);
#1773=ORIENTED_EDGE('',*,*,#1071,.T.);
#1774=ORIENTED_EDGE('',*,*,#1228,.F.);
#1775=ORIENTED_EDGE('',*,*,#1084,.T.);
#1776=ORIENTED_EDGE('',*,*,#1181,.F.);
#1777=ORIENTED_EDGE('',*,*,#1072,.T.);
#1778=ORIENTED_EDGE('',*,*,#970,.F.);
#1779=ORIENTED_EDGE('',*,*,#1019,.T.);
#1780=ORIENTED_EDGE('',*,*,#1229,.T.);
#1781=ORIENTED_EDGE('',*,*,#948,.T.);
#1782=ORIENTED_EDGE('',*,*,#955,.F.);
#1783=ORIENTED_EDGE('',*,*,#949,.T.);
#1784=ORIENTED_EDGE('',*,*,#1229,.F.);
#1785=ORIENTED_EDGE('',*,*,#1018,.T.);
#1786=ORIENTED_EDGE('',*,*,#1128,.T.);
#1787=ORIENTED_EDGE('',*,*,#1074,.T.);
#1788=ORIENTED_EDGE('',*,*,#1047,.F.);
#1789=ORIENTED_EDGE('',*,*,#1082,.T.);
#1790=ORIENTED_EDGE('',*,*,#1130,.T.);
#1791=ORIENTED_EDGE('',*,*,#1007,.T.);
#1792=ORIENTED_EDGE('',*,*,#1033,.F.);
#1793=ORIENTED_EDGE('',*,*,#1113,.F.);
#1794=ORIENTED_EDGE('',*,*,#1125,.T.);
#1795=ORIENTED_EDGE('',*,*,#1114,.T.);
#1796=ORIENTED_EDGE('',*,*,#1031,.F.);
#1797=ORIENTED_EDGE('',*,*,#1097,.F.);
#1798=PLANE('',#1963);
#1799=PLANE('',#1965);
#1800=PLANE('',#1966);
#1801=PLANE('',#1975);
#1802=PLANE('',#1977);
#1803=PLANE('',#1979);
#1804=PLANE('',#1980);
#1805=PLANE('',#1988);
#1806=PLANE('',#1990);
#1807=PLANE('',#1992);
#1808=PLANE('',#1994);
#1809=PLANE('',#1995);
#1810=PLANE('',#1997);
#1811=PLANE('',#1999);
#1812=PLANE('',#2004);
#1813=PLANE('',#2008);
#1814=PLANE('',#2009);
#1815=PLANE('',#2010);
#1816=PLANE('',#2011);
#1817=PLANE('',#2012);
#1818=PLANE('',#2013);
#1819=PLANE('',#2014);
#1820=PLANE('',#2015);
#1821=PLANE('',#2016);
#1822=PLANE('',#2018);
#1823=PLANE('',#2020);
#1824=PLANE('',#2022);
#1825=PLANE('',#2025);
#1826=PLANE('',#2028);
#1827=PLANE('',#2030);
#1828=PLANE('',#2052);
#1829=PLANE('',#2053);
#1830=PLANE('',#2054);
#1831=PLANE('',#2055);
#1832=PLANE('',#2056);
#1833=PLANE('',#2057);
#1834=PLANE('',#2058);
#1835=PLANE('',#2059);
#1836=PLANE('',#2060);
#1837=PLANE('',#2061);
#1838=PLANE('',#2062);
#1839=PLANE('',#2063);
#1840=PLANE('',#2064);
#1841=PLANE('',#2065);
#1842=PLANE('',#2066);
#1843=PLANE('',#2067);
#1844=PLANE('',#2068);
#1845=PLANE('',#2069);
#1846=PLANE('',#2070);
#1847=PLANE('',#2071);
#1848=PLANE('',#2072);
#1849=PLANE('',#2073);
#1850=PLANE('',#2074);
#1851=PLANE('',#2075);
#1852=PLANE('',#2076);
#1853=PLANE('',#2077);
#1854=PLANE('',#2078);
#1855=PLANE('',#2079);
#1856=PLANE('',#2080);
#1857=PLANE('',#2081);
#1858=PLANE('',#2082);
#1859=PLANE('',#2083);
#1860=PLANE('',#2084);
#1861=PLANE('',#2085);
#1862=PLANE('',#2086);
#1863=PLANE('',#2087);
#1864=PLANE('',#2088);
#1865=ADVANCED_FACE('',(#110,#46),#1798,.T.);
#1866=ADVANCED_FACE('',(#111),#1799,.T.);
#1867=ADVANCED_FACE('',(#112,#47),#1800,.F.);
#1868=ADVANCED_FACE('',(#113,#48,#49),#29,.T.);
#1869=ADVANCED_FACE('',(#114,#50),#1801,.T.);
#1870=ADVANCED_FACE('',(#115),#1802,.F.);
#1871=ADVANCED_FACE('',(#116),#1803,.F.);
#1872=ADVANCED_FACE('',(#117,#51),#1804,.T.);
#1873=ADVANCED_FACE('',(#118,#52,#53),#30,.T.);
#1874=ADVANCED_FACE('',(#119,#54),#1805,.T.);
#1875=ADVANCED_FACE('',(#120),#1806,.F.);
#1876=ADVANCED_FACE('',(#121,#55),#1807,.T.);
#1877=ADVANCED_FACE('',(#122),#1808,.F.);
#1878=ADVANCED_FACE('',(#123),#1809,.F.);
#1879=ADVANCED_FACE('',(#124,#56),#1810,.T.);
#1880=ADVANCED_FACE('',(#125,#57),#1811,.T.);
#1881=ADVANCED_FACE('',(#126,#58,#59),#31,.T.);
#1882=ADVANCED_FACE('',(#127),#1812,.T.);
#1883=ADVANCED_FACE('',(#128,#60,#61),#32,.T.);
#1884=ADVANCED_FACE('',(#129),#1813,.F.);
#1885=ADVANCED_FACE('',(#130),#1814,.F.);
#1886=ADVANCED_FACE('',(#131),#1815,.F.);
#1887=ADVANCED_FACE('',(#132),#1816,.F.);
#1888=ADVANCED_FACE('',(#133),#1817,.T.);
#1889=ADVANCED_FACE('',(#134),#1818,.T.);
#1890=ADVANCED_FACE('',(#135),#1819,.T.);
#1891=ADVANCED_FACE('',(#136),#1820,.T.);
#1892=ADVANCED_FACE('',(#137,#62),#1821,.T.);
#1893=ADVANCED_FACE('',(#138,#63),#1822,.T.);
#1894=ADVANCED_FACE('',(#139),#1823,.F.);
#1895=ADVANCED_FACE('',(#140),#1824,.F.);
#1896=ADVANCED_FACE('',(#141),#1825,.F.);
#1897=ADVANCED_FACE('',(#142),#1826,.F.);
#1898=ADVANCED_FACE('',(#143),#1827,.T.);
#1899=ADVANCED_FACE('',(#144),#33,.F.);
#1900=ADVANCED_FACE('',(#145),#34,.F.);
#1901=ADVANCED_FACE('',(#146),#35,.F.);
#1902=ADVANCED_FACE('',(#147),#36,.F.);
#1903=ADVANCED_FACE('',(#148),#37,.F.);
#1904=ADVANCED_FACE('',(#149),#38,.F.);
#1905=ADVANCED_FACE('',(#150),#39,.F.);
#1906=ADVANCED_FACE('',(#151),#40,.F.);
#1907=ADVANCED_FACE('',(#152),#41,.F.);
#1908=ADVANCED_FACE('',(#153),#42,.F.);
#1909=ADVANCED_FACE('',(#154),#43,.F.);
#1910=ADVANCED_FACE('',(#155),#44,.F.);
#1911=ADVANCED_FACE('',(#156),#45,.F.);
#1912=ADVANCED_FACE('',(#157),#1828,.T.);
#1913=ADVANCED_FACE('',(#158),#1829,.T.);
#1914=ADVANCED_FACE('',(#159),#1830,.T.);
#1915=ADVANCED_FACE('',(#160),#1831,.T.);
#1916=ADVANCED_FACE('',(#161),#1832,.T.);
#1917=ADVANCED_FACE('',(#162),#1833,.T.);
#1918=ADVANCED_FACE('',(#163),#1834,.T.);
#1919=ADVANCED_FACE('',(#164),#1835,.T.);
#1920=ADVANCED_FACE('',(#165),#1836,.T.);
#1921=ADVANCED_FACE('',(#166,#64),#1837,.T.);
#1922=ADVANCED_FACE('',(#167),#1838,.T.);
#1923=ADVANCED_FACE('',(#168),#1839,.T.);
#1924=ADVANCED_FACE('',(#169),#1840,.T.);
#1925=ADVANCED_FACE('',(#170),#1841,.T.);
#1926=ADVANCED_FACE('',(#171,#65),#1842,.T.);
#1927=ADVANCED_FACE('',(#172),#1843,.T.);
#1928=ADVANCED_FACE('',(#173),#1844,.T.);
#1929=ADVANCED_FACE('',(#174),#1845,.T.);
#1930=ADVANCED_FACE('',(#175),#1846,.T.);
#1931=ADVANCED_FACE('',(#176,#66),#1847,.T.);
#1932=ADVANCED_FACE('',(#177),#1848,.T.);
#1933=ADVANCED_FACE('',(#178),#1849,.T.);
#1934=ADVANCED_FACE('',(#179),#1850,.T.);
#1935=ADVANCED_FACE('',(#180),#1851,.T.);
#1936=ADVANCED_FACE('',(#181,#67),#1852,.T.);
#1937=ADVANCED_FACE('',(#182),#1853,.T.);
#1938=ADVANCED_FACE('',(#183),#1854,.T.);
#1939=ADVANCED_FACE('',(#184),#1855,.T.);
#1940=ADVANCED_FACE('',(#185),#1856,.T.);
#1941=ADVANCED_FACE('',(#186),#1857,.T.);
#1942=ADVANCED_FACE('',(#187),#1858,.T.);
#1943=ADVANCED_FACE('',(#188),#1859,.T.);
#1944=ADVANCED_FACE('',(#189),#1860,.T.);
#1945=ADVANCED_FACE('',(#190),#1861,.T.);
#1946=ADVANCED_FACE('',(#191),#1862,.T.);
#1947=ADVANCED_FACE('',(#192),#1863,.T.);
#1948=ADVANCED_FACE('',(#193),#1864,.T.);
#1949=CLOSED_SHELL('',(#1865,#1866,#1867,#1868,#1869,#1870,#1871,#1872,
#1873,#1874,#1875,#1876,#1877,#1878,#1879,#1880,#1881,#1882,#1883,#1884,
#1885,#1886,#1887,#1888,#1889,#1890,#1891,#1892,#1893,#1894,#1895,#1896,
#1897,#1898,#1899,#1900,#1901,#1902,#1903,#1904,#1905,#1906,#1907,#1908,
#1909,#1910,#1911,#1912,#1913,#1914,#1915,#1916,#1917,#1918,#1919,#1920,
#1921,#1922,#1923,#1924,#1925,#1926,#1927,#1928,#1929,#1930,#1931,#1932,
#1933,#1934,#1935,#1936,#1937,#1938,#1939,#1940,#1941,#1942,#1943,#1944,
#1945,#1946,#1947,#1948));
#1950=DERIVED_UNIT_ELEMENT(#1952,1.);
#1951=DERIVED_UNIT_ELEMENT(#3445,-3.);
#1952=(
MASS_UNIT()
NAMED_UNIT(*)
SI_UNIT(.KILO.,.GRAM.)
);
#1953=DERIVED_UNIT((#1950,#1951));
#1954=MEASURE_REPRESENTATION_ITEM('density measure',
POSITIVE_RATIO_MEASURE(7850.),#1953);
#1955=PROPERTY_DEFINITION_REPRESENTATION(#1960,#1957);
#1956=PROPERTY_DEFINITION_REPRESENTATION(#1961,#1958);
#1957=REPRESENTATION('material name',(#1959),#3442);
#1958=REPRESENTATION('density',(#1954),#3442);
#1959=DESCRIPTIVE_REPRESENTATION_ITEM('Steel','Steel');
#1960=PROPERTY_DEFINITION('material property','material name',#3452);
#1961=PROPERTY_DEFINITION('material property','density of part',#3452);
#1962=AXIS2_PLACEMENT_3D('',#2571,#2089,#2090);
#1963=AXIS2_PLACEMENT_3D('',#2572,#2091,#2092);
#1964=AXIS2_PLACEMENT_3D('',#2590,#2101,#2102);
#1965=AXIS2_PLACEMENT_3D('',#2591,#2103,#2104);
#1966=AXIS2_PLACEMENT_3D('',#2621,#2120,#2121);
#1967=AXIS2_PLACEMENT_3D('',#2625,#2123,#2124);
#1968=AXIS2_PLACEMENT_3D('',#2633,#2128,#2129);
#1969=AXIS2_PLACEMENT_3D('',#2641,#2133,#2134);
#1970=AXIS2_PLACEMENT_3D('',#2649,#2138,#2139);
#1971=AXIS2_PLACEMENT_3D('',#2688,#2160,#2161);
#1972=AXIS2_PLACEMENT_3D('',#2690,#2162,#2163);
#1973=AXIS2_PLACEMENT_3D('',#2694,#2165,#2166);
#1974=AXIS2_PLACEMENT_3D('',#2698,#2168,#2169);
#1975=AXIS2_PLACEMENT_3D('',#2786,#2171,#2172);
#1976=AXIS2_PLACEMENT_3D('',#2804,#2182,#2183);
#1977=AXIS2_PLACEMENT_3D('',#2805,#2184,#2185);
#1978=AXIS2_PLACEMENT_3D('',#2807,#2186,#2187);
#1979=AXIS2_PLACEMENT_3D('',#2809,#2189,#2190);
#1980=AXIS2_PLACEMENT_3D('',#2813,#2193,#2194);
#1981=AXIS2_PLACEMENT_3D('',#2816,#2195,#2196);
#1982=AXIS2_PLACEMENT_3D('',#2820,#2198,#2199);
#1983=AXIS2_PLACEMENT_3D('',#2824,#2201,#2202);
#1984=AXIS2_PLACEMENT_3D('',#2857,#2221,#2222);
#1985=AXIS2_PLACEMENT_3D('',#2859,#2223,#2224);
#1986=AXIS2_PLACEMENT_3D('',#2861,#2225,#2226);
#1987=AXIS2_PLACEMENT_3D('',#2865,#2228,#2229);
#1988=AXIS2_PLACEMENT_3D('',#2951,#2232,#2233);
#1989=AXIS2_PLACEMENT_3D('',#2961,#2239,#2240);
#1990=AXIS2_PLACEMENT_3D('',#2962,#2241,#2242);
#1991=AXIS2_PLACEMENT_3D('',#2964,#2243,#2244);
#1992=AXIS2_PLACEMENT_3D('',#2968,#2247,#2248);
#1993=AXIS2_PLACEMENT_3D('',#2981,#2256,#2257);
#1994=AXIS2_PLACEMENT_3D('',#2982,#2258,#2259);
#1995=AXIS2_PLACEMENT_3D('',#2986,#2262,#2263);
#1996=AXIS2_PLACEMENT_3D('',#2987,#2264,#2265);
#1997=AXIS2_PLACEMENT_3D('',#2988,#2266,#2267);
#1998=AXIS2_PLACEMENT_3D('',#3000,#2274,#2275);
#1999=AXIS2_PLACEMENT_3D('',#3001,#2276,#2277);
#2000=AXIS2_PLACEMENT_3D('',#3013,#2284,#2285);
#2001=AXIS2_PLACEMENT_3D('',#3014,#2286,#2287);
#2002=AXIS2_PLACEMENT_3D('',#3016,#2288,#2289);
#2003=AXIS2_PLACEMENT_3D('',#3020,#2291,#2292);
#2004=AXIS2_PLACEMENT_3D('',#3106,#2295,#2296);
#2005=AXIS2_PLACEMENT_3D('',#3124,#2307,#2308);
#2006=AXIS2_PLACEMENT_3D('',#3126,#2309,#2310);
#2007=AXIS2_PLACEMENT_3D('',#3131,#2313,#2314);
#2008=AXIS2_PLACEMENT_3D('',#3219,#2316,#2317);
#2009=AXIS2_PLACEMENT_3D('',#3222,#2320,#2321);
#2010=AXIS2_PLACEMENT_3D('',#3229,#2326,#2327);
#2011=AXIS2_PLACEMENT_3D('',#3232,#2330,#2331);
#2012=AXIS2_PLACEMENT_3D('',#3235,#2334,#2335);
#2013=AXIS2_PLACEMENT_3D('',#3236,#2336,#2337);
#2014=AXIS2_PLACEMENT_3D('',#3239,#2340,#2341);
#2015=AXIS2_PLACEMENT_3D('',#3240,#2342,#2343);
#2016=AXIS2_PLACEMENT_3D('',#3241,#2344,#2345);
#2017=AXIS2_PLACEMENT_3D('',#3248,#2349,#2350);
#2018=AXIS2_PLACEMENT_3D('',#3249,#2351,#2352);
#2019=AXIS2_PLACEMENT_3D('',#3256,#2356,#2357);
#2020=AXIS2_PLACEMENT_3D('',#3257,#2358,#2359);
#2021=AXIS2_PLACEMENT_3D('',#3259,#2360,#2361);
#2022=AXIS2_PLACEMENT_3D('',#3261,#2363,#2364);
#2023=AXIS2_PLACEMENT_3D('',#3263,#2365,#2366);
#2024=AXIS2_PLACEMENT_3D('',#3264,#2367,#2368);
#2025=AXIS2_PLACEMENT_3D('',#3265,#2369,#2370);
#2026=AXIS2_PLACEMENT_3D('',#3269,#2372,#2373);
#2027=AXIS2_PLACEMENT_3D('',#3270,#2374,#2375);
#2028=AXIS2_PLACEMENT_3D('',#3271,#2376,#2377);
#2029=AXIS2_PLACEMENT_3D('',#3276,#2379,#2380);
#2030=AXIS2_PLACEMENT_3D('',#3278,#2382,#2383);
#2031=AXIS2_PLACEMENT_3D('',#3291,#2392,#2393);
#2032=AXIS2_PLACEMENT_3D('',#3293,#2395,#2396);
#2033=AXIS2_PLACEMENT_3D('',#3295,#2398,#2399);
#2034=AXIS2_PLACEMENT_3D('',#3297,#2401,#2402);
#2035=AXIS2_PLACEMENT_3D('',#3299,#2404,#2405);
#2036=AXIS2_PLACEMENT_3D('',#3301,#2407,#2408);
#2037=AXIS2_PLACEMENT_3D('',#3303,#2410,#2411);
#2038=AXIS2_PLACEMENT_3D('',#3305,#2413,#2414);
#2039=AXIS2_PLACEMENT_3D('',#3307,#2416,#2417);
#2040=AXIS2_PLACEMENT_3D('',#3308,#2418,#2419);
#2041=AXIS2_PLACEMENT_3D('',#3311,#2421,#2422);
#2042=AXIS2_PLACEMENT_3D('',#3312,#2423,#2424);
#2043=AXIS2_PLACEMENT_3D('',#3313,#2425,#2426);
#2044=AXIS2_PLACEMENT_3D('',#3315,#2427,#2428);
#2045=AXIS2_PLACEMENT_3D('',#3318,#2430,#2431);
#2046=AXIS2_PLACEMENT_3D('',#3320,#2433,#2434);
#2047=AXIS2_PLACEMENT_3D('',#3321,#2435,#2436);
#2048=AXIS2_PLACEMENT_3D('',#3324,#2438,#2439);
#2049=AXIS2_PLACEMENT_3D('',#3325,#2440,#2441);
#2050=AXIS2_PLACEMENT_3D('',#3328,#2443,#2444);
#2051=AXIS2_PLACEMENT_3D('',#3331,#2446,#2447);
#2052=AXIS2_PLACEMENT_3D('',#3332,#2448,#2449);
#2053=AXIS2_PLACEMENT_3D('',#3340,#2455,#2456);
#2054=AXIS2_PLACEMENT_3D('',#3344,#2459,#2460);
#2055=AXIS2_PLACEMENT_3D('',#3348,#2463,#2464);
#2056=AXIS2_PLACEMENT_3D('',#3352,#2467,#2468);
#2057=AXIS2_PLACEMENT_3D('',#3356,#2471,#2472);
#2058=AXIS2_PLACEMENT_3D('',#3362,#2476,#2477);
#2059=AXIS2_PLACEMENT_3D('',#3366,#2480,#2481);
#2060=AXIS2_PLACEMENT_3D('',#3370,#2484,#2485);
#2061=AXIS2_PLACEMENT_3D('',#3372,#2487,#2488);
#2062=AXIS2_PLACEMENT_3D('',#3373,#2489,#2490);
#2063=AXIS2_PLACEMENT_3D('',#3379,#2494,#2495);
#2064=AXIS2_PLACEMENT_3D('',#3383,#2498,#2499);
#2065=AXIS2_PLACEMENT_3D('',#3387,#2502,#2503);
#2066=AXIS2_PLACEMENT_3D('',#3389,#2505,#2506);
#2067=AXIS2_PLACEMENT_3D('',#3390,#2507,#2508);
#2068=AXIS2_PLACEMENT_3D('',#3396,#2512,#2513);
#2069=AXIS2_PLACEMENT_3D('',#3400,#2516,#2517);
#2070=AXIS2_PLACEMENT_3D('',#3404,#2520,#2521);
#2071=AXIS2_PLACEMENT_3D('',#3406,#2523,#2524);
#2072=AXIS2_PLACEMENT_3D('',#3407,#2525,#2526);
#2073=AXIS2_PLACEMENT_3D('',#3413,#2530,#2531);
#2074=AXIS2_PLACEMENT_3D('',#3417,#2534,#2535);
#2075=AXIS2_PLACEMENT_3D('',#3421,#2538,#2539);
#2076=AXIS2_PLACEMENT_3D('',#3423,#2541,#2542);
#2077=AXIS2_PLACEMENT_3D('',#3424,#2543,#2544);
#2078=AXIS2_PLACEMENT_3D('',#3425,#2545,#2546);
#2079=AXIS2_PLACEMENT_3D('',#3427,#2548,#2549);
#2080=AXIS2_PLACEMENT_3D('',#3428,#2550,#2551);
#2081=AXIS2_PLACEMENT_3D('',#3430,#2553,#2554);
#2082=AXIS2_PLACEMENT_3D('',#3431,#2555,#2556);
#2083=AXIS2_PLACEMENT_3D('',#3433,#2558,#2559);
#2084=AXIS2_PLACEMENT_3D('',#3434,#2560,#2561);
#2085=AXIS2_PLACEMENT_3D('',#3436,#2563,#2564);
#2086=AXIS2_PLACEMENT_3D('',#3437,#2565,#2566);
#2087=AXIS2_PLACEMENT_3D('',#3438,#2567,#2568);
#2088=AXIS2_PLACEMENT_3D('',#3439,#2569,#2570);
#2089=DIRECTION('axis',(0.,0.,1.));
#2090=DIRECTION('refdir',(1.,0.,0.));
#2091=DIRECTION('center_axis',(0.,-1.,0.));
#2092=DIRECTION('ref_axis',(1.,0.,0.));
#2093=DIRECTION('',(0.,0.,1.));
#2094=DIRECTION('',(-1.,0.,0.));
#2095=DIRECTION('',(0.,0.,-1.));
#2096=DIRECTION('',(-1.,0.,0.));
#2097=DIRECTION('',(0.,0.,-1.));
#2098=DIRECTION('',(1.,0.,0.));
#2099=DIRECTION('',(0.,0.,1.));
#2100=DIRECTION('',(1.,0.,0.));
#2101=DIRECTION('center_axis',(0.,-1.,0.));
#2102=DIRECTION('ref_axis',(1.,0.,0.));
#2103=DIRECTION('center_axis',(1.,0.,0.));
#2104=DIRECTION('ref_axis',(0.,1.,0.));
#2105=DIRECTION('',(0.,-1.,0.));
#2106=DIRECTION('',(0.,0.,1.));
#2107=DIRECTION('',(0.,1.,0.));
#2108=DIRECTION('',(0.,0.,1.));
#2109=DIRECTION('',(0.,1.,0.));
#2110=DIRECTION('',(0.,0.,-1.));
#2111=DIRECTION('',(0.,1.,0.));
#2112=DIRECTION('',(0.,0.,-1.));
#2113=DIRECTION('',(0.,1.,0.));
#2114=DIRECTION('',(0.,0.,-1.));
#2115=DIRECTION('',(0.,1.,0.));
#2116=DIRECTION('',(0.,0.,1.));
#2117=DIRECTION('',(0.,1.,0.));
#2118=DIRECTION('',(0.,0.,1.));
#2119=DIRECTION('',(0.,1.,0.));
#2120=DIRECTION('center_axis',(0.,0.,1.));
#2121=DIRECTION('ref_axis',(1.,0.,0.));
#2122=DIRECTION('',(0.,1.,0.));
#2123=DIRECTION('center_axis',(0.,0.,1.));
#2124=DIRECTION('ref_axis',(1.,0.,0.));
#2125=DIRECTION('',(0.,-1.,0.));
#2126=DIRECTION('',(1.,0.,0.));
#2127=DIRECTION('',(0.,1.,0.));
#2128=DIRECTION('center_axis',(0.,0.,1.));
#2129=DIRECTION('ref_axis',(1.,0.,0.));
#2130=DIRECTION('',(-1.,0.,0.));
#2131=DIRECTION('',(0.,-1.,0.));
#2132=DIRECTION('',(1.,0.,0.));
#2133=DIRECTION('center_axis',(0.,0.,1.));
#2134=DIRECTION('ref_axis',(1.,0.,0.));
#2135=DIRECTION('',(0.,1.,0.));
#2136=DIRECTION('',(-1.,0.,0.));
#2137=DIRECTION('',(0.,-1.,0.));
#2138=DIRECTION('center_axis',(0.,0.,-1.));
#2139=DIRECTION('ref_axis',(1.,0.,0.));
#2140=DIRECTION('',(1.,0.,0.));
#2141=DIRECTION('',(0.,1.,0.));
#2142=DIRECTION('',(-1.,0.,0.));
#2143=DIRECTION('',(0.,-1.,0.));
#2144=DIRECTION('',(1.,0.,0.));
#2145=DIRECTION('',(0.,1.,0.));
#2146=DIRECTION('',(-1.,0.,0.));
#2147=DIRECTION('',(0.,-1.,0.));
#2148=DIRECTION('',(1.,0.,0.));
#2149=DIRECTION('',(0.,1.,0.));
#2150=DIRECTION('',(-1.,0.,0.));
#2151=DIRECTION('',(0.,-1.,0.));
#2152=DIRECTION('',(1.,0.,0.));
#2153=DIRECTION('',(0.,1.,0.));
#2154=DIRECTION('',(-1.,0.,0.));
#2155=DIRECTION('',(0.,-1.,0.));
#2156=DIRECTION('',(1.,0.,0.));
#2157=DIRECTION('',(-1.,0.,0.));
#2158=DIRECTION('',(0.,-1.,0.));
#2159=DIRECTION('',(1.,0.,0.));
#2160=DIRECTION('center_axis',(0.,0.,1.));
#2161=DIRECTION('ref_axis',(1.,0.,0.));
#2162=DIRECTION('center_axis',(0.,0.,1.));
#2163=DIRECTION('ref_axis',(1.,0.,0.));
#2164=DIRECTION('',(0.,0.,1.));
#2165=DIRECTION('center_axis',(0.,0.,1.));
#2166=DIRECTION('ref_axis',(1.,0.,0.));
#2167=DIRECTION('',(0.,0.,1.));
#2168=DIRECTION('center_axis',(0.,0.,1.));
#2169=DIRECTION('ref_axis',(1.,0.,0.));
#2170=DIRECTION('',(0.,0.,-1.));
#2171=DIRECTION('center_axis',(0.,1.,0.));
#2172=DIRECTION('ref_axis',(-1.,0.,0.));
#2173=DIRECTION('',(0.,0.,-1.));
#2174=DIRECTION('',(-1.,0.,0.));
#2175=DIRECTION('',(0.,0.,-1.));
#2176=DIRECTION('',(-1.,0.,0.));
#2177=DIRECTION('',(1.,0.,0.));
#2178=DIRECTION('',(0.,0.,1.));
#2179=DIRECTION('',(1.,0.,0.));
#2180=DIRECTION('',(0.,0.,1.));
#2181=DIRECTION('',(1.,0.,0.));
#2182=DIRECTION('center_axis',(0.,1.,0.));
#2183=DIRECTION('ref_axis',(1.,0.,0.));
#2184=DIRECTION('center_axis',(0.,0.,-1.));
#2185=DIRECTION('ref_axis',(1.,0.,0.));
#2186=DIRECTION('center_axis',(0.,0.,-1.));
#2187=DIRECTION('ref_axis',(1.,0.,0.));
#2188=DIRECTION('',(0.,-1.,0.));
#2189=DIRECTION('center_axis',(1.,0.,0.));
#2190=DIRECTION('ref_axis',(0.,0.,1.));
#2191=DIRECTION('',(0.,0.,-1.));
#2192=DIRECTION('',(0.,1.,0.));
#2193=DIRECTION('center_axis',(0.,0.,1.));
#2194=DIRECTION('ref_axis',(1.,0.,0.));
#2195=DIRECTION('center_axis',(0.,0.,1.));
#2196=DIRECTION('ref_axis',(1.,0.,0.));
#2197=DIRECTION('',(1.,0.,0.));
#2198=DIRECTION('center_axis',(0.,0.,1.));
#2199=DIRECTION('ref_axis',(1.,0.,0.));
#2200=DIRECTION('',(0.,1.,0.));
#2201=DIRECTION('center_axis',(0.,0.,1.));
#2202=DIRECTION('ref_axis',(1.,0.,0.));
#2203=DIRECTION('',(-1.,0.,0.));
#2204=DIRECTION('',(0.,-1.,0.));
#2205=DIRECTION('',(1.,0.,0.));
#2206=DIRECTION('',(0.,1.,0.));
#2207=DIRECTION('',(1.,0.,0.));
#2208=DIRECTION('',(0.,-1.,0.));
#2209=DIRECTION('',(1.,0.,0.));
#2210=DIRECTION('',(0.,-1.,0.));
#2211=DIRECTION('',(1.,0.,0.));
#2212=DIRECTION('',(0.,-1.,0.));
#2213=DIRECTION('',(-1.,0.,0.));
#2214=DIRECTION('',(0.,-1.,0.));
#2215=DIRECTION('',(-1.,0.,0.));
#2216=DIRECTION('',(0.,-1.,0.));
#2217=DIRECTION('',(-1.,0.,0.));
#2218=DIRECTION('',(0.,1.,0.));
#2219=DIRECTION('',(-1.,0.,0.));
#2220=DIRECTION('',(0.,1.,0.));
#2221=DIRECTION('center_axis',(0.,0.,1.));
#2222=DIRECTION('ref_axis',(1.,0.,0.));
#2223=DIRECTION('center_axis',(0.,0.,1.));
#2224=DIRECTION('ref_axis',(1.,0.,0.));
#2225=DIRECTION('center_axis',(0.,0.,-1.));
#2226=DIRECTION('ref_axis',(1.,0.,0.));
#2227=DIRECTION('',(0.,0.,1.));
#2228=DIRECTION('center_axis',(0.,0.,1.));
#2229=DIRECTION('ref_axis',(1.,0.,0.));
#2230=DIRECTION('',(0.,0.,1.));
#2231=DIRECTION('',(0.,0.,1.));
#2232=DIRECTION('center_axis',(1.,0.,0.));
#2233=DIRECTION('ref_axis',(0.,1.,0.));
#2234=DIRECTION('',(0.,1.,0.));
#2235=DIRECTION('',(0.,0.,-1.));
#2236=DIRECTION('',(0.,0.,1.));
#2237=DIRECTION('',(0.,-1.,0.));
#2238=DIRECTION('',(0.,0.,1.));
#2239=DIRECTION('center_axis',(1.,0.,0.));
#2240=DIRECTION('ref_axis',(0.,-1.,0.));
#2241=DIRECTION('center_axis',(0.,0.,-1.));
#2242=DIRECTION('ref_axis',(0.,-1.,0.));
#2243=DIRECTION('center_axis',(0.,0.,-1.));
#2244=DIRECTION('ref_axis',(1.,0.,0.));
#2245=DIRECTION('',(0.,-1.,0.));
#2246=DIRECTION('',(-1.,0.,0.));
#2247=DIRECTION('center_axis',(1.,0.,0.));
#2248=DIRECTION('ref_axis',(0.,1.,0.));
#2249=DIRECTION('',(0.,-1.,0.));
#2250=DIRECTION('',(0.,0.,-1.));
#2251=DIRECTION('',(0.,0.,-1.));
#2252=DIRECTION('',(0.,-1.,0.));
#2253=DIRECTION('',(0.,0.,-1.));
#2254=DIRECTION('',(0.,0.,1.));
#2255=DIRECTION('',(0.,1.,0.));
#2256=DIRECTION('center_axis',(1.,0.,0.));
#2257=DIRECTION('ref_axis',(0.,1.,0.));
#2258=DIRECTION('center_axis',(0.,1.,0.));
#2259=DIRECTION('ref_axis',(0.,0.,-1.));
#2260=DIRECTION('',(0.,0.,-1.));
#2261=DIRECTION('',(-1.,0.,0.));
#2262=DIRECTION('center_axis',(0.,0.,1.));
#2263=DIRECTION('ref_axis',(1.,0.,0.));
#2264=DIRECTION('center_axis',(0.,0.,1.));
#2265=DIRECTION('ref_axis',(1.,0.,0.));
#2266=DIRECTION('center_axis',(-1.,0.,0.));
#2267=DIRECTION('ref_axis',(0.,-1.,0.));
#2268=DIRECTION('',(0.,0.,-1.));
#2269=DIRECTION('',(0.,-1.,0.));
#2270=DIRECTION('',(0.,0.,-1.));
#2271=DIRECTION('',(0.,0.,1.));
#2272=DIRECTION('',(0.,1.,0.));
#2273=DIRECTION('',(0.,0.,1.));
#2274=DIRECTION('center_axis',(-1.,0.,0.));
#2275=DIRECTION('ref_axis',(0.,1.,0.));
#2276=DIRECTION('center_axis',(-1.,0.,0.));
#2277=DIRECTION('ref_axis',(0.,-1.,0.));
#2278=DIRECTION('',(0.,0.,1.));
#2279=DIRECTION('',(0.,0.,-1.));
#2280=DIRECTION('',(0.,1.,0.));
#2281=DIRECTION('',(0.,0.,-1.));
#2282=DIRECTION('',(0.,0.,1.));
#2283=DIRECTION('',(0.,-1.,0.));
#2284=DIRECTION('center_axis',(-1.,0.,0.));
#2285=DIRECTION('ref_axis',(0.,-1.,0.));
#2286=DIRECTION('center_axis',(0.,0.,1.));
#2287=DIRECTION('ref_axis',(1.,0.,0.));
#2288=DIRECTION('center_axis',(0.,0.,1.));
#2289=DIRECTION('ref_axis',(1.,0.,0.));
#2290=DIRECTION('',(0.,0.,1.));
#2291=DIRECTION('center_axis',(0.,0.,1.));
#2292=DIRECTION('ref_axis',(1.,0.,0.));
#2293=DIRECTION('',(0.,0.,1.));
#2294=DIRECTION('',(0.,0.,1.));
#2295=DIRECTION('center_axis',(0.,-1.,0.));
#2296=DIRECTION('ref_axis',(1.,0.,0.));
#2297=DIRECTION('',(1.,0.,0.));
#2298=DIRECTION('',(0.,0.,-1.));
#2299=DIRECTION('',(1.,0.,0.));
#2300=DIRECTION('',(0.,0.,-1.));
#2301=DIRECTION('',(0.,0.,-1.));
#2302=DIRECTION('',(1.,0.,0.));
#2303=DIRECTION('',(0.,0.,1.));
#2304=DIRECTION('',(1.,0.,0.));
#2305=DIRECTION('',(0.,0.,1.));
#2306=DIRECTION('',(-1.,0.,0.));
#2307=DIRECTION('center_axis',(0.,0.,1.));
#2308=DIRECTION('ref_axis',(1.,0.,0.));
#2309=DIRECTION('center_axis',(0.,0.,1.));
#2310=DIRECTION('ref_axis',(1.,0.,0.));
#2311=DIRECTION('',(0.,0.,1.));
#2312=DIRECTION('',(0.,0.,1.));
#2313=DIRECTION('center_axis',(0.,0.,1.));
#2314=DIRECTION('ref_axis',(1.,0.,0.));
#2315=DIRECTION('',(0.,0.,-1.));
#2316=DIRECTION('center_axis',(0.,0.,1.));
#2317=DIRECTION('ref_axis',(1.,0.,0.));
#2318=DIRECTION('',(0.,1.,0.));
#2319=DIRECTION('',(0.,-1.,0.));
#2320=DIRECTION('center_axis',(0.,0.,1.));
#2321=DIRECTION('ref_axis',(1.,0.,0.));
#2322=DIRECTION('',(0.,-1.,0.));
#2323=DIRECTION('',(-1.,0.,0.));
#2324=DIRECTION('',(0.,1.,0.));
#2325=DIRECTION('',(1.,0.,0.));
#2326=DIRECTION('center_axis',(0.,0.,1.));
#2327=DIRECTION('ref_axis',(1.,0.,0.));
#2328=DIRECTION('',(1.,0.,0.));
#2329=DIRECTION('',(-1.,0.,0.));
#2330=DIRECTION('center_axis',(0.,0.,1.));
#2331=DIRECTION('ref_axis',(1.,0.,0.));
#2332=DIRECTION('',(1.,0.,0.));
#2333=DIRECTION('',(-1.,0.,0.));
#2334=DIRECTION('center_axis',(-1.,0.,0.));
#2335=DIRECTION('ref_axis',(0.,-1.,0.));
#2336=DIRECTION('center_axis',(-1.,0.,0.));
#2337=DIRECTION('ref_axis',(0.,-1.,0.));
#2338=DIRECTION('',(0.,0.,1.));
#2339=DIRECTION('',(0.,0.,-1.));
#2340=DIRECTION('center_axis',(0.,-1.,0.));
#2341=DIRECTION('ref_axis',(1.,0.,0.));
#2342=DIRECTION('center_axis',(0.,-1.,0.));
#2343=DIRECTION('ref_axis',(1.,0.,0.));
#2344=DIRECTION('center_axis',(0.,1.,0.));
#2345=DIRECTION('ref_axis',(-1.,0.,0.));
#2346=DIRECTION('',(0.,0.,-1.));
#2347=DIRECTION('',(1.,0.,0.));
#2348=DIRECTION('',(0.,0.,-1.));
#2349=DIRECTION('center_axis',(0.,1.,0.));
#2350=DIRECTION('ref_axis',(-1.,0.,0.));
#2351=DIRECTION('center_axis',(0.,-1.,0.));
#2352=DIRECTION('ref_axis',(1.,0.,0.));
#2353=DIRECTION('',(0.,0.,1.));
#2354=DIRECTION('',(-1.,0.,0.));
#2355=DIRECTION('',(0.,0.,1.));
#2356=DIRECTION('center_axis',(0.,-1.,0.));
#2357=DIRECTION('ref_axis',(-1.,0.,0.));
#2358=DIRECTION('center_axis',(0.,0.,1.));
#2359=DIRECTION('ref_axis',(1.,0.,0.));
#2360=DIRECTION('center_axis',(0.,0.,1.));
#2361=DIRECTION('ref_axis',(1.,0.,0.));
#2362=DIRECTION('',(0.,-1.,0.));
#2363=DIRECTION('center_axis',(0.,0.,1.));
#2364=DIRECTION('ref_axis',(1.,0.,0.));
#2365=DIRECTION('center_axis',(0.,0.,1.));
#2366=DIRECTION('ref_axis',(1.,0.,0.));
#2367=DIRECTION('center_axis',(0.,0.,1.));
#2368=DIRECTION('ref_axis',(1.,0.,0.));
#2369=DIRECTION('center_axis',(0.,0.,1.));
#2370=DIRECTION('ref_axis',(1.,0.,0.));
#2371=DIRECTION('',(-1.,0.,0.));
#2372=DIRECTION('center_axis',(0.,0.,1.));
#2373=DIRECTION('ref_axis',(1.,0.,0.));
#2374=DIRECTION('center_axis',(0.,0.,1.));
#2375=DIRECTION('ref_axis',(1.,0.,0.));
#2376=DIRECTION('center_axis',(0.,0.,1.));
#2377=DIRECTION('ref_axis',(1.,0.,0.));
#2378=DIRECTION('',(0.,-1.,0.));
#2379=DIRECTION('center_axis',(0.,0.,1.));
#2380=DIRECTION('ref_axis',(1.,0.,0.));
#2381=DIRECTION('',(-1.,0.,0.));
#2382=DIRECTION('center_axis',(-1.,0.,0.));
#2383=DIRECTION('ref_axis',(0.,-1.,0.));
#2384=DIRECTION('',(0.,1.,0.));
#2385=DIRECTION('',(0.,0.,-1.));
#2386=DIRECTION('',(0.,-1.,0.));
#2387=DIRECTION('',(0.,0.,-1.));
#2388=DIRECTION('',(0.,0.,-1.));
#2389=DIRECTION('',(0.,-1.,0.));
#2390=DIRECTION('',(0.,0.,1.));
#2391=DIRECTION('',(0.,0.,1.));
#2392=DIRECTION('center_axis',(0.,-1.,0.));
#2393=DIRECTION('ref_axis',(1.,0.,0.));
#2394=DIRECTION('',(0.,-1.,0.));
#2395=DIRECTION('center_axis',(0.,-1.,0.));
#2396=DIRECTION('ref_axis',(1.,0.,0.));
#2397=DIRECTION('',(0.,-1.,0.));
#2398=DIRECTION('center_axis',(-1.,0.,0.));
#2399=DIRECTION('ref_axis',(0.,-1.,0.));
#2400=DIRECTION('',(-1.,0.,0.));
#2401=DIRECTION('center_axis',(-1.,0.,0.));
#2402=DIRECTION('ref_axis',(0.,-1.,0.));
#2403=DIRECTION('',(-1.,0.,0.));
#2404=DIRECTION('center_axis',(0.,1.,0.));
#2405=DIRECTION('ref_axis',(-1.,0.,0.));
#2406=DIRECTION('',(0.,1.,0.));
#2407=DIRECTION('center_axis',(0.,1.,0.));
#2408=DIRECTION('ref_axis',(-1.,0.,0.));
#2409=DIRECTION('',(0.,1.,0.));
#2410=DIRECTION('center_axis',(-1.,0.,0.));
#2411=DIRECTION('ref_axis',(0.,1.,0.));
#2412=DIRECTION('',(-1.,0.,0.));
#2413=DIRECTION('center_axis',(-1.,0.,0.));
#2414=DIRECTION('ref_axis',(0.,1.,0.));
#2415=DIRECTION('',(-1.,0.,0.));
#2416=DIRECTION('center_axis',(0.,0.,-1.));
#2417=DIRECTION('ref_axis',(1.,0.,0.));
#2418=DIRECTION('center_axis',(0.,0.,-1.));
#2419=DIRECTION('ref_axis',(1.,0.,0.));
#2420=DIRECTION('',(0.,0.,-1.));
#2421=DIRECTION('center_axis',(0.,0.,1.));
#2422=DIRECTION('ref_axis',(1.,0.,0.));
#2423=DIRECTION('center_axis',(0.,0.,-1.));
#2424=DIRECTION('ref_axis',(1.,0.,0.));
#2425=DIRECTION('center_axis',(0.,0.,-1.));
#2426=DIRECTION('ref_axis',(1.,0.,0.));
#2427=DIRECTION('center_axis',(0.,0.,-1.));
#2428=DIRECTION('ref_axis',(1.,0.,0.));
#2429=DIRECTION('',(0.,0.,-1.));
#2430=DIRECTION('center_axis',(0.,0.,1.));
#2431=DIRECTION('ref_axis',(1.,0.,0.));
#2432=DIRECTION('',(0.,0.,-1.));
#2433=DIRECTION('center_axis',(0.,0.,-1.));
#2434=DIRECTION('ref_axis',(1.,0.,0.));
#2435=DIRECTION('center_axis',(0.,0.,-1.));
#2436=DIRECTION('ref_axis',(1.,0.,0.));
#2437=DIRECTION('',(0.,0.,-1.));
#2438=DIRECTION('center_axis',(0.,0.,1.));
#2439=DIRECTION('ref_axis',(1.,0.,0.));
#2440=DIRECTION('center_axis',(0.,0.,-1.));
#2441=DIRECTION('ref_axis',(1.,0.,0.));
#2442=DIRECTION('',(0.,0.,1.));
#2443=DIRECTION('center_axis',(0.,0.,-1.));
#2444=DIRECTION('ref_axis',(1.,0.,0.));
#2445=DIRECTION('',(0.,0.,-1.));
#2446=DIRECTION('center_axis',(0.,0.,1.));
#2447=DIRECTION('ref_axis',(1.,0.,0.));
#2448=DIRECTION('center_axis',(0.,1.,0.));
#2449=DIRECTION('ref_axis',(-1.,0.,0.));
#2450=DIRECTION('',(1.,0.,0.));
#2451=DIRECTION('',(-1.,0.,0.));
#2452=DIRECTION('',(0.,0.,-1.));
#2453=DIRECTION('',(0.,0.,-1.));
#2454=DIRECTION('',(-1.,0.,0.));
#2455=DIRECTION('center_axis',(0.,0.,1.));
#2456=DIRECTION('ref_axis',(1.,0.,0.));
#2457=DIRECTION('',(1.,0.,0.));
#2458=DIRECTION('',(0.,1.,0.));
#2459=DIRECTION('center_axis',(0.,0.,1.));
#2460=DIRECTION('ref_axis',(1.,0.,0.));
#2461=DIRECTION('',(-1.,0.,0.));
#2462=DIRECTION('',(0.,-1.,0.));
#2463=DIRECTION('center_axis',(0.,0.,1.));
#2464=DIRECTION('ref_axis',(1.,0.,0.));
#2465=DIRECTION('',(0.,-1.,0.));
#2466=DIRECTION('',(1.,0.,0.));
#2467=DIRECTION('center_axis',(0.,0.,1.));
#2468=DIRECTION('ref_axis',(1.,0.,0.));
#2469=DIRECTION('',(0.,1.,0.));
#2470=DIRECTION('',(-1.,0.,0.));
#2471=DIRECTION('center_axis',(-1.,0.,0.));
#2472=DIRECTION('ref_axis',(0.,1.,0.));
#2473=DIRECTION('',(0.,0.,-1.));
#2474=DIRECTION('',(0.,1.,0.));
#2475=DIRECTION('',(0.,0.,-1.));
#2476=DIRECTION('center_axis',(0.,-1.,0.));
#2477=DIRECTION('ref_axis',(-1.,0.,0.));
#2478=DIRECTION('',(-1.,0.,0.));
#2479=DIRECTION('',(0.,0.,-1.));
#2480=DIRECTION('center_axis',(1.,0.,0.));
#2481=DIRECTION('ref_axis',(0.,-1.,0.));
#2482=DIRECTION('',(0.,-1.,0.));
#2483=DIRECTION('',(0.,0.,-1.));
#2484=DIRECTION('center_axis',(0.,1.,0.));
#2485=DIRECTION('ref_axis',(1.,0.,0.));
#2486=DIRECTION('',(1.,0.,0.));
#2487=DIRECTION('center_axis',(0.,0.,-1.));
#2488=DIRECTION('ref_axis',(-1.,0.,0.));
#2489=DIRECTION('center_axis',(1.,0.,0.));
#2490=DIRECTION('ref_axis',(0.,-1.,0.));
#2491=DIRECTION('',(0.,0.,-1.));
#2492=DIRECTION('',(0.,-1.,0.));
#2493=DIRECTION('',(0.,0.,-1.));
#2494=DIRECTION('center_axis',(0.,1.,0.));
#2495=DIRECTION('ref_axis',(1.,0.,0.));
#2496=DIRECTION('',(1.,0.,0.));
#2497=DIRECTION('',(0.,0.,-1.));
#2498=DIRECTION('center_axis',(-1.,0.,0.));
#2499=DIRECTION('ref_axis',(0.,1.,0.));
#2500=DIRECTION('',(0.,1.,0.));
#2501=DIRECTION('',(0.,0.,-1.));
#2502=DIRECTION('center_axis',(0.,-1.,0.));
#2503=DIRECTION('ref_axis',(-1.,0.,0.));
#2504=DIRECTION('',(-1.,0.,0.));
#2505=DIRECTION('center_axis',(0.,0.,-1.));
#2506=DIRECTION('ref_axis',(-1.,0.,0.));
#2507=DIRECTION('center_axis',(-1.,0.,0.));
#2508=DIRECTION('ref_axis',(0.,1.,0.));
#2509=DIRECTION('',(0.,0.,-1.));
#2510=DIRECTION('',(0.,1.,0.));
#2511=DIRECTION('',(0.,0.,-1.));
#2512=DIRECTION('center_axis',(0.,-1.,0.));
#2513=DIRECTION('ref_axis',(-1.,0.,0.));
#2514=DIRECTION('',(-1.,0.,0.));
#2515=DIRECTION('',(0.,0.,-1.));
#2516=DIRECTION('center_axis',(1.,0.,0.));
#2517=DIRECTION('ref_axis',(0.,-1.,0.));
#2518=DIRECTION('',(0.,-1.,0.));
#2519=DIRECTION('',(0.,0.,-1.));
#2520=DIRECTION('center_axis',(0.,1.,0.));
#2521=DIRECTION('ref_axis',(1.,0.,0.));
#2522=DIRECTION('',(1.,0.,0.));
#2523=DIRECTION('center_axis',(0.,0.,-1.));
#2524=DIRECTION('ref_axis',(-1.,0.,0.));
#2525=DIRECTION('center_axis',(1.,0.,0.));
#2526=DIRECTION('ref_axis',(0.,-1.,0.));
#2527=DIRECTION('',(0.,0.,-1.));
#2528=DIRECTION('',(0.,-1.,0.));
#2529=DIRECTION('',(0.,0.,-1.));
#2530=DIRECTION('center_axis',(0.,1.,0.));
#2531=DIRECTION('ref_axis',(1.,0.,0.));
#2532=DIRECTION('',(1.,0.,0.));
#2533=DIRECTION('',(0.,0.,-1.));
#2534=DIRECTION('center_axis',(-1.,0.,0.));
#2535=DIRECTION('ref_axis',(0.,1.,0.));
#2536=DIRECTION('',(0.,1.,0.));
#2537=DIRECTION('',(0.,0.,-1.));
#2538=DIRECTION('center_axis',(0.,-1.,0.));
#2539=DIRECTION('ref_axis',(-1.,0.,0.));
#2540=DIRECTION('',(-1.,0.,0.));
#2541=DIRECTION('center_axis',(0.,0.,-1.));
#2542=DIRECTION('ref_axis',(-1.,0.,0.));
#2543=DIRECTION('center_axis',(1.,0.,0.));
#2544=DIRECTION('ref_axis',(0.,1.,0.));
#2545=DIRECTION('center_axis',(1.,0.,0.));
#2546=DIRECTION('ref_axis',(0.,1.,0.));
#2547=DIRECTION('',(0.,-1.,0.));
#2548=DIRECTION('center_axis',(0.,0.,1.));
#2549=DIRECTION('ref_axis',(1.,0.,0.));
#2550=DIRECTION('center_axis',(0.,1.,0.));
#2551=DIRECTION('ref_axis',(-1.,0.,0.));
#2552=DIRECTION('',(1.,0.,0.));
#2553=DIRECTION('center_axis',(0.,0.,1.));
#2554=DIRECTION('ref_axis',(1.,0.,0.));
#2555=DIRECTION('center_axis',(0.,-1.,0.));
#2556=DIRECTION('ref_axis',(1.,0.,0.));
#2557=DIRECTION('',(-1.,0.,0.));
#2558=DIRECTION('center_axis',(0.,0.,1.));
#2559=DIRECTION('ref_axis',(1.,0.,0.));
#2560=DIRECTION('center_axis',(-1.,0.,0.));
#2561=DIRECTION('ref_axis',(0.,-1.,0.));
#2562=DIRECTION('',(0.,1.,0.));
#2563=DIRECTION('center_axis',(0.,0.,1.));
#2564=DIRECTION('ref_axis',(1.,0.,0.));
#2565=DIRECTION('center_axis',(0.,1.,0.));
#2566=DIRECTION('ref_axis',(-1.,0.,0.));
#2567=DIRECTION('center_axis',(0.,1.,0.));
#2568=DIRECTION('ref_axis',(-1.,0.,0.));
#2569=DIRECTION('center_axis',(1.,0.,0.));
#2570=DIRECTION('ref_axis',(0.,1.,0.));
#2571=CARTESIAN_POINT('',(0.,0.,0.));
#2572=CARTESIAN_POINT('Origin',(-34.0000001043081,-68.2500011175871,0.));
#2573=CARTESIAN_POINT('',(-38.791311810496,-68.2500011175871,0.));
#2574=CARTESIAN_POINT('',(-38.791311810496,-68.2500011175871,9.65));
#2575=CARTESIAN_POINT('',(-38.791311810496,-68.2500011175871,0.));
#2576=CARTESIAN_POINT('',(-25.5000002533197,-68.2500010207295,0.));
#2577=CARTESIAN_POINT('',(-20.5000001043081,-68.2500011175871,0.));
#2578=CARTESIAN_POINT('',(-25.5000002533197,-68.2500010207295,6.));
#2579=CARTESIAN_POINT('',(-25.5000002533197,-68.2500011175871,0.));
#2580=CARTESIAN_POINT('',(-17.0000002533197,-68.2500010207295,6.));
#2581=CARTESIAN_POINT('',(-27.6250001788139,-68.2500011175871,6.));
#2582=CARTESIAN_POINT('',(-17.0000001043081,-68.2500011175871,11.));
#2583=CARTESIAN_POINT('',(-17.0000001043081,-68.2500011175871,0.));
#2584=CARTESIAN_POINT('',(-34.0000001043081,-68.2500011175871,11.));
#2585=CARTESIAN_POINT('',(-20.5000001043081,-68.2500011175871,11.));
#2586=CARTESIAN_POINT('',(-34.0000001043081,-68.2500011175871,9.65));
#2587=CARTESIAN_POINT('',(-34.0000001043081,-68.2500011175871,0.));
#2588=CARTESIAN_POINT('',(-35.2578087933316,-68.2500011175871,9.65));
#2589=CARTESIAN_POINT('',(-35.3433667604894,-68.2500011175871,5.));
#2590=CARTESIAN_POINT('Origin',(-32.8433667604894,-68.2500011175871,5.));
#2591=CARTESIAN_POINT('Origin',(-17.0000001043081,-85.0000011175871,0.));
#2592=CARTESIAN_POINT('',(-17.0000002533197,-81.7500010207296,6.));
#2593=CARTESIAN_POINT('',(-17.0000001043081,-76.7500011175871,6.));
#2594=CARTESIAN_POINT('',(-17.0000001043081,-81.7500011175871,11.));
#2595=CARTESIAN_POINT('',(-17.0000001043081,-81.7500011175871,0.));
#2596=CARTESIAN_POINT('',(-17.0000001043081,-85.0000011175871,11.));
#2597=CARTESIAN_POINT('',(-17.0000001043081,-65.0000011175871,11.));
#2598=CARTESIAN_POINT('',(-17.0000001043081,-85.0000011175871,2.5));
#2599=CARTESIAN_POINT('',(-17.0000001043081,-85.0000011175871,0.));
#2600=CARTESIAN_POINT('',(-17.0000001043081,-83.9000011175871,2.5));
#2601=CARTESIAN_POINT('',(-17.0000001043081,-85.0000011175871,2.5));
#2602=CARTESIAN_POINT('',(-17.0000001043081,-83.9000011175871,-4.));
#2603=CARTESIAN_POINT('',(-17.0000001043081,-83.9000011175871,0.));
#2604=CARTESIAN_POINT('',(-17.0000001043081,-82.0000011175871,-4.));
#2605=CARTESIAN_POINT('',(-17.0000001043081,-84.2500011175871,-4.));
#2606=CARTESIAN_POINT('',(-17.0000001043081,-82.0000011175871,0.));
#2607=CARTESIAN_POINT('',(-17.0000001043081,-82.0000011175871,0.));
#2608=CARTESIAN_POINT('',(-17.0000001043081,-68.0000011175871,0.));
#2609=CARTESIAN_POINT('',(-17.0000001043081,-65.0000011175871,0.));
#2610=CARTESIAN_POINT('',(-17.0000001043081,-68.0000011175871,-4.));
#2611=CARTESIAN_POINT('',(-17.0000001043081,-68.0000011175871,0.));
#2612=CARTESIAN_POINT('',(-17.0000001043081,-66.1000011175871,-4.));
#2613=CARTESIAN_POINT('',(-17.0000001043081,-75.7500011175871,-4.));
#2614=CARTESIAN_POINT('',(-17.0000001043081,-66.1000011175871,2.5));
#2615=CARTESIAN_POINT('',(-17.0000001043081,-66.1000011175871,0.));
#2616=CARTESIAN_POINT('',(-17.0000001043081,-65.0000011175871,2.5));
#2617=CARTESIAN_POINT('',(-17.0000001043081,-75.0000011175871,2.5));
#2618=CARTESIAN_POINT('',(-17.0000001043081,-65.0000011175871,11.));
#2619=CARTESIAN_POINT('',(-17.0000001043081,-65.0000011175871,0.));
#2620=CARTESIAN_POINT('',(-17.0000001043081,-65.0000011175871,11.));
#2621=CARTESIAN_POINT('Origin',(-7.00000010430813,-75.0000011175871,0.));
#2622=CARTESIAN_POINT('',(-25.5000002533197,-81.7500010207296,0.));
#2623=CARTESIAN_POINT('',(-25.5000002533197,-71.7500011175871,0.));
#2624=CARTESIAN_POINT('',(-13.7500001043081,-43.2086894113992,0.));
#2625=CARTESIAN_POINT('Origin',(-7.00000010430813,-75.0000011175871,0.));
#2626=CARTESIAN_POINT('',(-13.7500002011657,-56.5000009685755,0.));
#2627=CARTESIAN_POINT('',(-13.7500001043081,-70.0000011175871,0.));
#2628=CARTESIAN_POINT('',(-0.250000201165676,-56.5000009685755,0.));
#2629=CARTESIAN_POINT('',(-10.2500001043081,-56.5000009685755,0.));
#2630=CARTESIAN_POINT('',(-0.250000104308129,-43.2086894113992,0.));
#2631=CARTESIAN_POINT('',(-0.250000104308129,-61.5000011175871,0.));
#2632=CARTESIAN_POINT('',(24.7913116018798,-68.2500011175871,0.));
#2633=CARTESIAN_POINT('Origin',(-7.00000010430813,-75.0000011175871,0.));
#2634=CARTESIAN_POINT('',(11.5000000447035,-68.2500010207295,0.));
#2635=CARTESIAN_POINT('',(-2.00000010430813,-68.2500011175871,0.));
#2636=CARTESIAN_POINT('',(11.5000000447035,-81.7500010207296,0.));
#2637=CARTESIAN_POINT('',(11.5000000447035,-78.2500011175871,0.));
#2638=CARTESIAN_POINT('',(24.7913116018798,-81.7500011175871,0.));
#2639=CARTESIAN_POINT('',(6.49999989569187,-81.7500011175871,0.));
#2640=CARTESIAN_POINT('',(-0.250000104308129,-106.791312823775,0.));
#2641=CARTESIAN_POINT('Origin',(-7.00000010430813,-75.0000011175871,0.));
#2642=CARTESIAN_POINT('',(-0.250000007450581,-93.5000012665987,0.));
#2643=CARTESIAN_POINT('',(-0.250000104308129,-80.0000011175871,0.));
#2644=CARTESIAN_POINT('',(-13.7500002011657,-93.5000012665987,0.));
#2645=CARTESIAN_POINT('',(-10.2500001043081,-93.5000012665987,0.));
#2646=CARTESIAN_POINT('',(-13.7500001043081,-106.024185232564,0.));
#2647=CARTESIAN_POINT('',(-13.7500001043081,-88.5000011175871,0.));
#2648=CARTESIAN_POINT('',(-38.0241842192853,-81.7500011175871,0.));
#2649=CARTESIAN_POINT('Origin',(-7.00000010430813,-75.0000011175871,0.));
#2650=CARTESIAN_POINT('',(-12.0000001043081,-81.7500011175871,0.));
#2651=CARTESIAN_POINT('',(-14.0000001043081,-90.0000011175871,0.));
#2652=CARTESIAN_POINT('',(-14.0000001043081,-85.0000011175871,0.));
#2653=CARTESIAN_POINT('',(-14.0000001043081,-80.0000011175871,0.));
#2654=CARTESIAN_POINT('',(-1.04308128801023E-7,-85.0000011175871,0.));
#2655=CARTESIAN_POINT('',(-17.0000001043081,-85.0000011175871,0.));
#2656=CARTESIAN_POINT('',(-1.04308128801023E-7,-90.0000011175871,0.));
#2657=CARTESIAN_POINT('',(-1.04308128801023E-7,-82.5000011175871,0.));
#2658=CARTESIAN_POINT('',(7.99999989569187,-90.0000011175871,0.));
#2659=CARTESIAN_POINT('',(0.499999895691872,-90.0000011175871,0.));
#2660=CARTESIAN_POINT('',(7.99999989569187,-82.0000011175871,0.));
#2661=CARTESIAN_POINT('',(7.99999989569187,-78.5000011175871,0.));
#2662=CARTESIAN_POINT('',(2.99999989569187,-82.0000011175871,0.));
#2663=CARTESIAN_POINT('',(-2.00000010430813,-82.0000011175871,0.));
#2664=CARTESIAN_POINT('',(2.99999989569187,-68.0000011175871,0.));
#2665=CARTESIAN_POINT('',(2.99999989569187,-85.0000011175871,0.));
#2666=CARTESIAN_POINT('',(7.99999989569187,-68.0000011175871,0.));
#2667=CARTESIAN_POINT('',(0.499999895691872,-68.0000011175871,0.));
#2668=CARTESIAN_POINT('',(7.99999989569187,-60.0000011175871,0.));
#2669=CARTESIAN_POINT('',(7.99999989569187,-67.5000011175871,0.));
#2670=CARTESIAN_POINT('',(-1.04308128801023E-7,-60.0000011175871,0.));
#2671=CARTESIAN_POINT('',(-3.50000010430813,-60.0000011175871,0.));
#2672=CARTESIAN_POINT('',(-1.04308128801023E-7,-65.0000011175871,0.));
#2673=CARTESIAN_POINT('',(-1.04308128801023E-7,-70.0000011175871,0.));
#2674=CARTESIAN_POINT('',(-14.0000001043081,-65.0000011175871,0.));
#2675=CARTESIAN_POINT('',(2.99999989569187,-65.0000011175871,0.));
#2676=CARTESIAN_POINT('',(-14.0000001043081,-60.0000011175871,0.));
#2677=CARTESIAN_POINT('',(-14.0000001043081,-67.5000011175871,0.));
#2678=CARTESIAN_POINT('',(-22.0000001043081,-60.0000011175871,0.));
#2679=CARTESIAN_POINT('',(-14.5000001043081,-60.0000011175871,0.));
#2680=CARTESIAN_POINT('',(-22.0000001043081,-68.0000011175871,0.));
#2681=CARTESIAN_POINT('',(-22.0000001043081,-71.5000011175871,0.));
#2682=CARTESIAN_POINT('',(-12.0000001043081,-68.0000011175871,0.));
#2683=CARTESIAN_POINT('',(-22.0000001043081,-82.0000011175871,0.));
#2684=CARTESIAN_POINT('',(-14.5000001043081,-82.0000011175871,0.));
#2685=CARTESIAN_POINT('',(-22.0000001043081,-90.0000011175871,0.));
#2686=CARTESIAN_POINT('',(-22.0000001043081,-82.5000011175871,0.));
#2687=CARTESIAN_POINT('',(-10.5000001043081,-90.0000011175871,0.));
#2688=CARTESIAN_POINT('Origin',(-7.00000010430813,-75.0000011175871,0.));
#2689=CARTESIAN_POINT('',(-39.0312348604021,-69.5000011175871,9.65));
#2690=CARTESIAN_POINT('Origin',(-7.00000010430813,-75.0000011175871,9.65));
#2691=CARTESIAN_POINT('',(-39.0312348604021,-69.5000011175871,11.));
#2692=CARTESIAN_POINT('',(-39.0312348604021,-69.5000011175871,0.));
#2693=CARTESIAN_POINT('',(-12.5000001043081,-42.9687663614932,11.));
#2694=CARTESIAN_POINT('Origin',(-7.00000010430813,-75.0000011175871,11.));
#2695=CARTESIAN_POINT('',(-12.5000001043081,-42.9687663614932,9.65));
#2696=CARTESIAN_POINT('',(-12.5000001043081,-42.9687663614932,0.));
#2697=CARTESIAN_POINT('',(-13.7500001043081,-43.2086894113992,9.65));
#2698=CARTESIAN_POINT('Origin',(-7.00000010430813,-75.0000011175871,9.65));
#2699=CARTESIAN_POINT('',(-13.7500001043081,-43.2086894113992,0.));
#2700=CARTESIAN_POINT('',(-30.3433667604894,-52.3872340786977,5.));
#2701=CARTESIAN_POINT('',(-35.3433667604894,-59.0970590440817,5.));
#2702=CARTESIAN_POINT('Ctrl Pts',(-30.3433667604894,-52.3872340786977,5.));
#2703=CARTESIAN_POINT('Ctrl Pts',(-30.3433667604894,-52.3872340786977,5.17465983183044));
#2704=CARTESIAN_POINT('Ctrl Pts',(-30.3619474547516,-52.4063708082405,5.35035223215998));
#2705=CARTESIAN_POINT('Ctrl Pts',(-30.4342678768247,-52.4813908467359,5.69023982965991));
#2706=CARTESIAN_POINT('Ctrl Pts',(-30.4879816363597,-52.537270473692,5.85444136444952));
#2707=CARTESIAN_POINT('Ctrl Pts',(-30.689922841201,-52.7497035041129,6.31313048451895));
#2708=CARTESIAN_POINT('Ctrl Pts',(-30.8808149961632,-52.9536689236453,6.5729821416065));
#2709=CARTESIAN_POINT('Ctrl Pts',(-31.332061652828,-53.4512994694327,7.02422879827125));
#2710=CARTESIAN_POINT('Ctrl Pts',(-31.6354277692003,-53.7967753639424,7.21358930080193));
#2711=CARTESIAN_POINT('Ctrl Pts',(-32.2517467650738,-54.5346555278148,7.45134236572553));
#2712=CARTESIAN_POINT('Ctrl Pts',(-32.5644783884677,-54.9271591499194,7.5));
#2713=CARTESIAN_POINT('Ctrl Pts',(-33.1941006662117,-55.7528284067493,7.5));
#2714=CARTESIAN_POINT('Ctrl Pts',(-33.5612043145146,-56.2619004845377,7.42368707592294));
#2715=CARTESIAN_POINT('Ctrl Pts',(-34.2383511091033,-57.2606037735548,7.10797747562206));
#2716=CARTESIAN_POINT('Ctrl Pts',(-34.5490400259653,-57.7507896402414,6.87172887110478));
#2717=CARTESIAN_POINT('Ctrl Pts',(-34.9402132067966,-58.3967583592205,6.37982550268146));
#2718=CARTESIAN_POINT('Ctrl Pts',(-35.0784568189982,-58.6326202866989,6.15510610872853));
#2719=CARTESIAN_POINT('Ctrl Pts',(-35.2295690189544,-58.8956023290757,5.75895543561985));
#2720=CARTESIAN_POINT('Ctrl Pts',(-35.2707876337239,-58.9682866820613,5.61708471045601));
#2721=CARTESIAN_POINT('Ctrl Pts',(-35.3276698845328,-59.0690086759205,5.31831223490831));
#2722=CARTESIAN_POINT('Ctrl Pts',(-35.3433667604894,-59.0970590440817,5.16142110472637));
#2723=CARTESIAN_POINT('Ctrl Pts',(-35.3433667604894,-59.0970590440817,5.));
#2724=CARTESIAN_POINT('Ctrl Pts',(-35.3433667604894,-59.0970590440817,5.));
#2725=CARTESIAN_POINT('Ctrl Pts',(-35.3433667604894,-59.0970590440817,4.83857889527363));
#2726=CARTESIAN_POINT('Ctrl Pts',(-35.3276698845328,-59.0690086759205,4.68168776509169));
#2727=CARTESIAN_POINT('Ctrl Pts',(-35.2707876337239,-58.9682866820613,4.38291528954399));
#2728=CARTESIAN_POINT('Ctrl Pts',(-35.2295690189544,-58.8956023290757,4.24104456438015));
#2729=CARTESIAN_POINT('Ctrl Pts',(-35.0784568189982,-58.632620286699,3.84489389127147));
#2730=CARTESIAN_POINT('Ctrl Pts',(-34.9402132067966,-58.3967583592205,3.62017449731855));
#2731=CARTESIAN_POINT('Ctrl Pts',(-34.5490400259653,-57.7507896402414,3.12827112889522));
#2732=CARTESIAN_POINT('Ctrl Pts',(-34.2383511091033,-57.2606037735548,2.89202252437793));
#2733=CARTESIAN_POINT('Ctrl Pts',(-33.5612043145146,-56.2619004845377,2.57631292407705));
#2734=CARTESIAN_POINT('Ctrl Pts',(-33.1941006662117,-55.7528284067492,2.5));
#2735=CARTESIAN_POINT('Ctrl Pts',(-32.5383747703289,-54.8929275864074,2.5));
#2736=CARTESIAN_POINT('Ctrl Pts',(-32.1960124877745,-54.4651531927874,2.55810521060257));
#2737=CARTESIAN_POINT('Ctrl Pts',(-31.5279136988878,-53.6716051961462,2.84326593197106));
#2738=CARTESIAN_POINT('Ctrl Pts',(-31.2023219740479,-53.3054813822996,3.06968559872976));
#2739=CARTESIAN_POINT('Ctrl Pts',(-30.7747294866498,-52.8399164781657,3.57408561570026));
#2740=CARTESIAN_POINT('Ctrl Pts',(-30.6192998927715,-52.6750556535285,3.81950806473796));
#2741=CARTESIAN_POINT('Ctrl Pts',(-30.4031182740804,-52.4485361931014,4.37933611822016));
#2742=CARTESIAN_POINT('Ctrl Pts',(-30.3433667604894,-52.3872340786977,4.69427170488477));
#2743=CARTESIAN_POINT('Ctrl Pts',(-30.3433667604894,-52.3872340786977,5.));
#2744=CARTESIAN_POINT('',(-29.6127671431975,-51.6566344614058,5.));
#2745=CARTESIAN_POINT('',(-22.9029421778135,-46.6566344614058,5.));
#2746=CARTESIAN_POINT('Ctrl Pts',(-29.6127671431975,-51.6566344614058,5.));
#2747=CARTESIAN_POINT('Ctrl Pts',(-29.6127671431975,-51.6566344614058,4.69427170488477));
#2748=CARTESIAN_POINT('Ctrl Pts',(-29.5514650287938,-51.5968829478148,4.37933611822017));
#2749=CARTESIAN_POINT('Ctrl Pts',(-29.3249455683667,-51.3807013291237,3.81950806473796));
#2750=CARTESIAN_POINT('Ctrl Pts',(-29.1600847437296,-51.2252717352454,3.57408561570026));
#2751=CARTESIAN_POINT('Ctrl Pts',(-28.6945198395956,-50.7976792478473,3.06968559872976));
#2752=CARTESIAN_POINT('Ctrl Pts',(-28.328396025749,-50.4720875230074,2.84326593197106));
#2753=CARTESIAN_POINT('Ctrl Pts',(-27.5348480291078,-49.8039887341207,2.55810521060257));
#2754=CARTESIAN_POINT('Ctrl Pts',(-27.1070736354878,-49.4616264515663,2.5));
#2755=CARTESIAN_POINT('Ctrl Pts',(-26.247172815146,-48.8059005556835,2.5));
#2756=CARTESIAN_POINT('Ctrl Pts',(-25.7381007373575,-48.4387969073806,2.57631292407706));
#2757=CARTESIAN_POINT('Ctrl Pts',(-24.7393974483404,-47.7616501127919,2.89202252437794));
#2758=CARTESIAN_POINT('Ctrl Pts',(-24.2492115816539,-47.4509611959299,3.12827112889522));
#2759=CARTESIAN_POINT('Ctrl Pts',(-23.6032428626747,-47.0597880150986,3.62017449731854));
#2760=CARTESIAN_POINT('Ctrl Pts',(-23.3673809351963,-46.921544402897,3.84489389127147));
#2761=CARTESIAN_POINT('Ctrl Pts',(-23.1043988928196,-46.7704322029408,4.24104456438016));
#2762=CARTESIAN_POINT('Ctrl Pts',(-23.0317145398339,-46.7292135881713,4.38291528954399));
#2763=CARTESIAN_POINT('Ctrl Pts',(-22.9309925459747,-46.6723313373624,4.68168776509168));
#2764=CARTESIAN_POINT('Ctrl Pts',(-22.9029421778135,-46.6566344614058,4.83857889527363));
#2765=CARTESIAN_POINT('Ctrl Pts',(-22.9029421778135,-46.6566344614058,5.));
#2766=CARTESIAN_POINT('Ctrl Pts',(-22.9029421778135,-46.6566344614058,5.));
#2767=CARTESIAN_POINT('Ctrl Pts',(-22.9029421778135,-46.6566344614058,5.16142110472637));
#2768=CARTESIAN_POINT('Ctrl Pts',(-22.9309925459747,-46.6723313373624,5.31831223490831));
#2769=CARTESIAN_POINT('Ctrl Pts',(-23.0317145398339,-46.7292135881713,5.61708471045601));
#2770=CARTESIAN_POINT('Ctrl Pts',(-23.1043988928196,-46.7704322029408,5.75895543561984));
#2771=CARTESIAN_POINT('Ctrl Pts',(-23.3673809351963,-46.921544402897,6.15510610872853));
#2772=CARTESIAN_POINT('Ctrl Pts',(-23.6032428626747,-47.0597880150986,6.37982550268145));
#2773=CARTESIAN_POINT('Ctrl Pts',(-24.2492115816539,-47.4509611959299,6.87172887110478));
#2774=CARTESIAN_POINT('Ctrl Pts',(-24.7393974483404,-47.7616501127919,7.10797747562206));
#2775=CARTESIAN_POINT('Ctrl Pts',(-25.7381007373575,-48.4387969073806,7.42368707592294));
#2776=CARTESIAN_POINT('Ctrl Pts',(-26.247172815146,-48.8059005556835,7.5));
#2777=CARTESIAN_POINT('Ctrl Pts',(-27.1070736354878,-49.4616264515663,7.5));
#2778=CARTESIAN_POINT('Ctrl Pts',(-27.5348480291078,-49.8039887341207,7.44189478939743));
#2779=CARTESIAN_POINT('Ctrl Pts',(-28.328396025749,-50.4720875230074,7.15673406802894));
#2780=CARTESIAN_POINT('Ctrl Pts',(-28.6945198395956,-50.7976792478473,6.93031440127024));
#2781=CARTESIAN_POINT('Ctrl Pts',(-29.1600847437296,-51.2252717352454,6.42591438429974));
#2782=CARTESIAN_POINT('Ctrl Pts',(-29.3249455683667,-51.3807013291237,6.18049193526203));
#2783=CARTESIAN_POINT('Ctrl Pts',(-29.5514650287938,-51.5968829478148,5.62066388177983));
#2784=CARTESIAN_POINT('Ctrl Pts',(-29.6127671431975,-51.6566344614058,5.30572829511523));
#2785=CARTESIAN_POINT('Ctrl Pts',(-29.6127671431975,-51.6566344614058,5.));
#2786=CARTESIAN_POINT('Origin',(-17.0000001043081,-81.7500011175871,0.));
#2787=CARTESIAN_POINT('',(-38.791311810496,-81.7500011175871,9.65));
#2788=CARTESIAN_POINT('',(-38.791311810496,-81.7500011175871,-6.5));
#2789=CARTESIAN_POINT('',(-38.791311810496,-81.7500011175871,0.));
#2790=CARTESIAN_POINT('',(-34.0000001043081,-81.7500011175871,9.65));
#2791=CARTESIAN_POINT('',(-26.7578087933316,-81.7500011175871,9.65));
#2792=CARTESIAN_POINT('',(-34.0000001043081,-81.7500011175871,11.));
#2793=CARTESIAN_POINT('',(-34.0000001043081,-81.7500011175871,0.));
#2794=CARTESIAN_POINT('',(-12.0000001043081,-81.7500011175871,11.));
#2795=CARTESIAN_POINT('',(-25.5000002533197,-81.7500010207296,6.));
#2796=CARTESIAN_POINT('',(-19.1250001788139,-81.7500011175871,6.));
#2797=CARTESIAN_POINT('',(-25.5000002533197,-81.7500011175871,0.));
#2798=CARTESIAN_POINT('',(-38.0775241369591,-81.7500011175871,0.));
#2799=CARTESIAN_POINT('',(-34.0000001043081,-81.7500011175871,0.));
#2800=CARTESIAN_POINT('',(-38.0775241369591,-81.7500011175871,-6.5));
#2801=CARTESIAN_POINT('',(-38.0775241369591,-81.7500011175871,0.));
#2802=CARTESIAN_POINT('',(-21.5858417683535,-81.7500011175871,-6.5));
#2803=CARTESIAN_POINT('',(-35.3433667604894,-81.7500011175871,5.));
#2804=CARTESIAN_POINT('Origin',(-32.8433667604894,-81.7500011175871,5.));
#2805=CARTESIAN_POINT('Origin',(-38.0775241369591,-81.5000011175871,0.));
#2806=CARTESIAN_POINT('',(-38.0775241369591,-81.5000011175871,0.));
#2807=CARTESIAN_POINT('Origin',(-7.00000010430813,-75.0000011175871,0.));
#2808=CARTESIAN_POINT('',(-38.0775241369591,-81.5000011175871,0.));
#2809=CARTESIAN_POINT('Origin',(-38.0775241369591,-81.5000011175871,-6.5));
#2810=CARTESIAN_POINT('',(-38.0775241369591,-81.5000011175871,-6.5));
#2811=CARTESIAN_POINT('',(-38.0775241369591,-81.5000011175871,0.));
#2812=CARTESIAN_POINT('',(-38.0775241369591,-87.8358427816324,-6.5));
#2813=CARTESIAN_POINT('Origin',(-7.00000010430813,-75.0000011175871,11.));
#2814=CARTESIAN_POINT('',(-39.0312348604021,-80.5000011175871,11.));
#2815=CARTESIAN_POINT('',(-12.5000001043081,-107.031235873681,11.));
#2816=CARTESIAN_POINT('Origin',(-7.00000010430813,-75.0000011175871,11.));
#2817=CARTESIAN_POINT('',(-1.50000010430813,-107.031235873681,11.));
#2818=CARTESIAN_POINT('',(-1.50000010430813,-107.031235873681,11.));
#2819=CARTESIAN_POINT('',(25.0312346517858,-80.5000011175871,11.));
#2820=CARTESIAN_POINT('Origin',(-7.00000010430813,-75.0000011175871,11.));
#2821=CARTESIAN_POINT('',(25.0312346517858,-69.5000011175871,11.));
#2822=CARTESIAN_POINT('',(25.0312346517858,-69.5000011175871,11.));
#2823=CARTESIAN_POINT('',(-1.50000010430813,-42.9687663614932,11.));
#2824=CARTESIAN_POINT('Origin',(-7.00000010430813,-75.0000011175871,11.));
#2825=CARTESIAN_POINT('',(-12.5000001043081,-42.9687663614932,11.));
#2826=CARTESIAN_POINT('',(-39.0312348604021,-80.5000011175871,11.));
#2827=CARTESIAN_POINT('',(-13.7500001043081,-65.0000011175871,11.));
#2828=CARTESIAN_POINT('',(2.99999989569187,-65.0000011175871,11.));
#2829=CARTESIAN_POINT('',(-13.7500001043081,-48.0000011175871,11.));
#2830=CARTESIAN_POINT('',(-13.7500001043081,-70.0000011175871,11.));
#2831=CARTESIAN_POINT('',(-0.250000104308129,-48.0000011175871,11.));
#2832=CARTESIAN_POINT('',(-10.2500001043081,-48.0000011175871,11.));
#2833=CARTESIAN_POINT('',(-0.250000104308129,-65.0000011175871,11.));
#2834=CARTESIAN_POINT('',(-0.250000104308129,-61.5000011175871,11.));
#2835=CARTESIAN_POINT('',(2.99999989569187,-65.0000011175871,11.));
#2836=CARTESIAN_POINT('',(2.99999989569187,-65.0000011175871,11.));
#2837=CARTESIAN_POINT('',(2.99999989569187,-68.2500011175871,11.));
#2838=CARTESIAN_POINT('',(2.99999989569187,-85.0000011175871,11.));
#2839=CARTESIAN_POINT('',(19.9999998956919,-68.2500011175871,11.));
#2840=CARTESIAN_POINT('',(-2.00000010430813,-68.2500011175871,11.));
#2841=CARTESIAN_POINT('',(19.9999998956919,-81.7500011175871,11.));
#2842=CARTESIAN_POINT('',(19.9999998956919,-71.7500011175871,11.));
#2843=CARTESIAN_POINT('',(2.99999989569187,-81.7500011175871,11.));
#2844=CARTESIAN_POINT('',(6.49999989569187,-81.7500011175871,11.));
#2845=CARTESIAN_POINT('',(2.99999989569187,-85.0000011175871,11.));
#2846=CARTESIAN_POINT('',(2.99999989569187,-85.0000011175871,11.));
#2847=CARTESIAN_POINT('',(-0.250000104308129,-85.0000011175871,11.));
#2848=CARTESIAN_POINT('',(-17.0000001043081,-85.0000011175871,11.));
#2849=CARTESIAN_POINT('',(-0.250000104308129,-102.000001117587,11.));
#2850=CARTESIAN_POINT('',(-0.250000104308129,-80.0000011175871,11.));
#2851=CARTESIAN_POINT('',(-13.7500001043081,-102.000001117587,11.));
#2852=CARTESIAN_POINT('',(-3.75000010430813,-102.000001117587,11.));
#2853=CARTESIAN_POINT('',(-13.7500001043081,-85.0000011175871,11.));
#2854=CARTESIAN_POINT('',(-13.7500001043081,-88.5000011175871,11.));
#2855=CARTESIAN_POINT('',(-17.0000001043081,-85.0000011175871,11.));
#2856=CARTESIAN_POINT('',(-34.0000001043081,-78.2500011175871,11.));
#2857=CARTESIAN_POINT('Origin',(-7.00000010430813,-75.0000011175871,0.));
#2858=CARTESIAN_POINT('',(-39.0312348604021,-80.5000011175871,9.65));
#2859=CARTESIAN_POINT('Origin',(-7.00000010430813,-75.0000011175871,9.65));
#2860=CARTESIAN_POINT('',(-13.7500001043081,-106.791312823775,-6.5));
#2861=CARTESIAN_POINT('Origin',(-7.00000010430813,-75.0000011175871,-6.5));
#2862=CARTESIAN_POINT('',(-13.7500001043081,-106.791312823775,9.65));
#2863=CARTESIAN_POINT('',(-13.7500001043081,-106.791312823775,0.));
#2864=CARTESIAN_POINT('',(-12.5000001043081,-107.031235873681,9.65));
#2865=CARTESIAN_POINT('Origin',(-7.00000010430813,-75.0000011175871,9.65));
#2866=CARTESIAN_POINT('',(-12.5000001043081,-107.031235873681,0.));
#2867=CARTESIAN_POINT('',(-39.0312348604021,-80.5000011175871,0.));
#2868=CARTESIAN_POINT('',(-22.9029421778135,-103.343367773768,5.));
#2869=CARTESIAN_POINT('Ctrl Pts',(-22.9029421778135,-103.343367773768,5.));
#2870=CARTESIAN_POINT('Ctrl Pts',(-22.9029421778135,-103.343367773768,4.83857889527362));
#2871=CARTESIAN_POINT('Ctrl Pts',(-22.9309925459747,-103.327670897812,4.68168776509169));
#2872=CARTESIAN_POINT('Ctrl Pts',(-23.0317145398339,-103.270788647003,4.38291528954399));
#2873=CARTESIAN_POINT('Ctrl Pts',(-23.1043988928196,-103.229570032233,4.24104456438016));
#2874=CARTESIAN_POINT('Ctrl Pts',(-23.3673809351963,-103.078457832277,3.84489389127147));
#2875=CARTESIAN_POINT('Ctrl Pts',(-23.6032428626747,-102.940214220076,3.62017449731854));
#2876=CARTESIAN_POINT('Ctrl Pts',(-24.2492115816538,-102.549041039244,3.12827112889522));
#2877=CARTESIAN_POINT('Ctrl Pts',(-24.7393974483404,-102.238352122382,2.89202252437793));
#2878=CARTESIAN_POINT('Ctrl Pts',(-25.7381007373575,-101.561205327794,2.57631292407706));
#2879=CARTESIAN_POINT('Ctrl Pts',(-26.247172815146,-101.194101679491,2.5));
#2880=CARTESIAN_POINT('Ctrl Pts',(-27.1070736354878,-100.538375783608,2.5));
#2881=CARTESIAN_POINT('Ctrl Pts',(-27.5348480291078,-100.196013501053,2.55810521060257));
#2882=CARTESIAN_POINT('Ctrl Pts',(-28.328396025749,-99.5279147121667,2.84326593197106));
#2883=CARTESIAN_POINT('Ctrl Pts',(-28.6945198395956,-99.2023229873269,3.06968559872976));
#2884=CARTESIAN_POINT('Ctrl Pts',(-29.1600847437295,-98.7747304999288,3.57408561570026));
#2885=CARTESIAN_POINT('Ctrl Pts',(-29.3249455683667,-98.6193009060505,3.81950806473797));
#2886=CARTESIAN_POINT('Ctrl Pts',(-29.5514650287938,-98.4031192873594,4.37933611822018));
#2887=CARTESIAN_POINT('Ctrl Pts',(-29.6127671431975,-98.3433677737684,4.69427170488477));
#2888=CARTESIAN_POINT('Ctrl Pts',(-29.6127671431975,-98.3433677737684,5.17465983183044));
#2889=CARTESIAN_POINT('Ctrl Pts',(-29.5936304136547,-98.3619484680306,5.35035223215997));
#2890=CARTESIAN_POINT('Ctrl Pts',(-29.5186103751593,-98.4342688901036,5.69023982965991));
#2891=CARTESIAN_POINT('Ctrl Pts',(-29.4627307482031,-98.4879826496387,5.85444136444951));
#2892=CARTESIAN_POINT('Ctrl Pts',(-29.2502977177823,-98.68992385448,6.31313048451894));
#2893=CARTESIAN_POINT('Ctrl Pts',(-29.04633229825,-98.8808160094422,6.5729821416065));
#2894=CARTESIAN_POINT('Ctrl Pts',(-28.5487017524625,-99.3320626661069,7.02422879827125));
#2895=CARTESIAN_POINT('Ctrl Pts',(-28.2032258579528,-99.6354287824792,7.21358930080193));
#2896=CARTESIAN_POINT('Ctrl Pts',(-27.4653456940804,-100.251747778353,7.45134236572553));
#2897=CARTESIAN_POINT('Ctrl Pts',(-27.0728420719758,-100.564479401747,7.5));
#2898=CARTESIAN_POINT('Ctrl Pts',(-26.247172815146,-101.194101679491,7.5));
#2899=CARTESIAN_POINT('Ctrl Pts',(-25.7381007373575,-101.561205327794,7.42368707592294));
#2900=CARTESIAN_POINT('Ctrl Pts',(-24.7393974483404,-102.238352122382,7.10797747562207));
#2901=CARTESIAN_POINT('Ctrl Pts',(-24.2492115816538,-102.549041039244,6.87172887110478));
#2902=CARTESIAN_POINT('Ctrl Pts',(-23.6032428626747,-102.940214220076,6.37982550268146));
#2903=CARTESIAN_POINT('Ctrl Pts',(-23.3673809351963,-103.078457832277,6.15510610872852));
#2904=CARTESIAN_POINT('Ctrl Pts',(-23.1043988928195,-103.229570032233,5.75895543561984));
#2905=CARTESIAN_POINT('Ctrl Pts',(-23.0317145398339,-103.270788647003,5.61708471045601));
#2906=CARTESIAN_POINT('Ctrl Pts',(-22.9309925459747,-103.327670897812,5.31831223490831));
#2907=CARTESIAN_POINT('Ctrl Pts',(-22.9029421778135,-103.343367773768,5.16142110472638));
#2908=CARTESIAN_POINT('Ctrl Pts',(-22.9029421778135,-103.343367773768,5.));
#2909=CARTESIAN_POINT('',(-30.3433667604894,-97.6127681564765,5.));
#2910=CARTESIAN_POINT('',(-35.3433667604894,-90.9029431910925,5.));
#2911=CARTESIAN_POINT('Ctrl Pts',(-30.3433667604894,-97.6127681564765,5.));
#2912=CARTESIAN_POINT('Ctrl Pts',(-30.3433667604894,-97.6127681564765,4.69427170488477));
#2913=CARTESIAN_POINT('Ctrl Pts',(-30.4031182740804,-97.5514660420728,4.37933611822017));
#2914=CARTESIAN_POINT('Ctrl Pts',(-30.6192998927715,-97.3249465816457,3.81950806473796));
#2915=CARTESIAN_POINT('Ctrl Pts',(-30.7747294866498,-97.1600857570085,3.57408561570026));
#2916=CARTESIAN_POINT('Ctrl Pts',(-31.2023219740479,-96.6945208528745,3.06968559872976));
#2917=CARTESIAN_POINT('Ctrl Pts',(-31.5279136988878,-96.328397039028,2.84326593197106));
#2918=CARTESIAN_POINT('Ctrl Pts',(-32.1960124877745,-95.5348490423868,2.55810521060257));
#2919=CARTESIAN_POINT('Ctrl Pts',(-32.5383747703289,-95.1070746487668,2.5));
#2920=CARTESIAN_POINT('Ctrl Pts',(-33.1941006662117,-94.2471738284249,2.5));
#2921=CARTESIAN_POINT('Ctrl Pts',(-33.5612043145146,-93.7381017506365,2.57631292407706));
#2922=CARTESIAN_POINT('Ctrl Pts',(-34.2383511091033,-92.7393984616194,2.89202252437793));
#2923=CARTESIAN_POINT('Ctrl Pts',(-34.5490400259653,-92.2492125949329,3.12827112889522));
#2924=CARTESIAN_POINT('Ctrl Pts',(-34.9402132067966,-91.6032438759537,3.62017449731854));
#2925=CARTESIAN_POINT('Ctrl Pts',(-35.0784568189982,-91.3673819484753,3.84489389127147));
#2926=CARTESIAN_POINT('Ctrl Pts',(-35.2295690189544,-91.1043999060985,4.24104456438015));
#2927=CARTESIAN_POINT('Ctrl Pts',(-35.2707876337239,-91.0317155531129,4.38291528954398));
#2928=CARTESIAN_POINT('Ctrl Pts',(-35.3276698845328,-90.9309935592537,4.68168776509168));
#2929=CARTESIAN_POINT('Ctrl Pts',(-35.3433667604894,-90.9029431910925,4.83857889527362));
#2930=CARTESIAN_POINT('Ctrl Pts',(-35.3433667604894,-90.9029431910925,5.));
#2931=CARTESIAN_POINT('Ctrl Pts',(-35.3433667604894,-90.9029431910925,5.));
#2932=CARTESIAN_POINT('Ctrl Pts',(-35.3433667604894,-90.9029431910925,5.16142110472637));
#2933=CARTESIAN_POINT('Ctrl Pts',(-35.3276698845328,-90.9309935592537,5.31831223490832));
#2934=CARTESIAN_POINT('Ctrl Pts',(-35.2707876337239,-91.0317155531129,5.61708471045602));
#2935=CARTESIAN_POINT('Ctrl Pts',(-35.2295690189544,-91.1043999060985,5.75895543561985));
#2936=CARTESIAN_POINT('Ctrl Pts',(-35.0784568189982,-91.3673819484753,6.15510610872853));
#2937=CARTESIAN_POINT('Ctrl Pts',(-34.9402132067966,-91.6032438759537,6.37982550268146));
#2938=CARTESIAN_POINT('Ctrl Pts',(-34.5490400259653,-92.2492125949329,6.87172887110478));
#2939=CARTESIAN_POINT('Ctrl Pts',(-34.2383511091033,-92.7393984616194,7.10797747562207));
#2940=CARTESIAN_POINT('Ctrl Pts',(-33.5612043145146,-93.7381017506365,7.42368707592294));
#2941=CARTESIAN_POINT('Ctrl Pts',(-33.1941006662117,-94.2471738284249,7.5));
#2942=CARTESIAN_POINT('Ctrl Pts',(-32.5383747703289,-95.1070746487668,7.5));
#2943=CARTESIAN_POINT('Ctrl Pts',(-32.1960124877745,-95.5348490423868,7.44189478939743));
#2944=CARTESIAN_POINT('Ctrl Pts',(-31.5279136988878,-96.328397039028,7.15673406802894));
#2945=CARTESIAN_POINT('Ctrl Pts',(-31.2023219740479,-96.6945208528745,6.93031440127024));
#2946=CARTESIAN_POINT('Ctrl Pts',(-30.7747294866498,-97.1600857570085,6.42591438429974));
#2947=CARTESIAN_POINT('Ctrl Pts',(-30.6192998927715,-97.3249465816457,6.18049193526204));
#2948=CARTESIAN_POINT('Ctrl Pts',(-30.4031182740804,-97.5514660420728,5.62066388177983));
#2949=CARTESIAN_POINT('Ctrl Pts',(-30.3433667604894,-97.6127681564765,5.30572829511523));
#2950=CARTESIAN_POINT('Ctrl Pts',(-30.3433667604894,-97.6127681564765,5.));
#2951=CARTESIAN_POINT('Origin',(-13.7500001043081,-65.0000011175871,0.));
#2952=CARTESIAN_POINT('',(-13.7500001043081,-48.0000011175871,9.65));
#2953=CARTESIAN_POINT('',(-13.7500001043081,-55.2421924285636,9.65));
#2954=CARTESIAN_POINT('',(-13.7500001043081,-48.0000011175871,0.));
#2955=CARTESIAN_POINT('',(-13.7500002011657,-65.0000009685755,6.));
#2956=CARTESIAN_POINT('',(-13.7500001043081,-65.0000011175871,0.));
#2957=CARTESIAN_POINT('',(-13.7500002011657,-56.5000009685755,6.));
#2958=CARTESIAN_POINT('',(-13.7500001043081,-62.8750010430813,6.));
#2959=CARTESIAN_POINT('',(-13.7500001043081,-56.5000009685755,0.));
#2960=CARTESIAN_POINT('',(-13.7500001043081,-46.6566344614058,5.));
#2961=CARTESIAN_POINT('Origin',(-13.7500001043081,-49.1566344614058,5.));
#2962=CARTESIAN_POINT('Origin',(-13.5000001043081,-93.5000012665987,0.));
#2963=CARTESIAN_POINT('',(-13.5000001043081,-106.077525150238,0.));
#2964=CARTESIAN_POINT('Origin',(-7.00000010430813,-75.0000011175871,0.));
#2965=CARTESIAN_POINT('',(-13.7500001043081,-106.077525150238,0.));
#2966=CARTESIAN_POINT('',(-13.7500001043081,-88.5000011175871,0.));
#2967=CARTESIAN_POINT('',(-13.5000001043081,-106.077525150238,0.));
#2968=CARTESIAN_POINT('Origin',(-13.7500001043081,-102.000001117587,0.));
#2969=CARTESIAN_POINT('',(-13.7500001043081,-106.077525150238,-6.5));
#2970=CARTESIAN_POINT('',(-13.7500001043081,-98.0858427816324,-6.5));
#2971=CARTESIAN_POINT('',(-13.7500001043081,-106.077525150238,0.));
#2972=CARTESIAN_POINT('',(-13.7500002011657,-93.5000012665987,6.));
#2973=CARTESIAN_POINT('',(-13.7500001043081,-93.5000012665987,0.));
#2974=CARTESIAN_POINT('',(-13.7500002011657,-85.0000012665987,6.));
#2975=CARTESIAN_POINT('',(-13.7500001043081,-95.6250011920929,6.));
#2976=CARTESIAN_POINT('',(-13.7500001043081,-85.0000011175871,0.));
#2977=CARTESIAN_POINT('',(-13.7500001043081,-102.000001117587,9.65));
#2978=CARTESIAN_POINT('',(-13.7500001043081,-102.000001117587,0.));
#2979=CARTESIAN_POINT('',(-13.7500001043081,-103.257809806611,9.65));
#2980=CARTESIAN_POINT('',(-13.7500001043081,-103.343367773768,5.));
#2981=CARTESIAN_POINT('Origin',(-13.7500001043081,-100.843367773768,5.));
#2982=CARTESIAN_POINT('Origin',(-13.5000001043081,-106.077525150238,0.));
#2983=CARTESIAN_POINT('',(-13.5000001043081,-106.077525150238,-6.5));
#2984=CARTESIAN_POINT('',(-13.5000001043081,-106.077525150238,0.));
#2985=CARTESIAN_POINT('',(-19.8358417683535,-106.077525150238,-6.5));
#2986=CARTESIAN_POINT('Origin',(-26.1716834323988,-94.1716844456778,-6.5));
#2987=CARTESIAN_POINT('Origin',(-7.00000010430813,-75.0000011175871,-6.5));
#2988=CARTESIAN_POINT('Origin',(-0.250000104308129,-85.0000011175871,0.));
#2989=CARTESIAN_POINT('',(-0.250000104308129,-106.791312823775,9.65));
#2990=CARTESIAN_POINT('',(-0.250000104308129,-106.791312823775,0.));
#2991=CARTESIAN_POINT('',(-0.250000104308129,-102.000001117587,9.65));
#2992=CARTESIAN_POINT('',(-0.250000104308129,-94.7578098066106,9.65));
#2993=CARTESIAN_POINT('',(-0.250000104308129,-102.000001117587,0.));
#2994=CARTESIAN_POINT('',(-0.250000007450581,-85.0000012665987,6.));
#2995=CARTESIAN_POINT('',(-0.25000010430813,-85.0000011175871,0.));
#2996=CARTESIAN_POINT('',(-0.250000007450581,-93.5000012665987,6.));
#2997=CARTESIAN_POINT('',(-0.250000104308129,-87.1250011920929,6.));
#2998=CARTESIAN_POINT('',(-0.250000104308129,-93.5000012665987,0.));
#2999=CARTESIAN_POINT('',(-0.250000104308129,-103.343367773768,5.));
#3000=CARTESIAN_POINT('Origin',(-0.25000010430813,-100.843367773768,5.));
#3001=CARTESIAN_POINT('Origin',(-0.250000104308129,-48.0000011175871,0.));
#3002=CARTESIAN_POINT('',(-0.250000104308129,-43.2086894113992,9.65));
#3003=CARTESIAN_POINT('',(-0.250000104308129,-43.2086894113992,0.));
#3004=CARTESIAN_POINT('',(-0.250000201165676,-56.5000009685755,6.));
#3005=CARTESIAN_POINT('',(-0.250000104308129,-56.5000009685755,0.));
#3006=CARTESIAN_POINT('',(-0.250000201165676,-65.0000009685755,6.));
#3007=CARTESIAN_POINT('',(-0.250000104308129,-54.3750010430813,6.));
#3008=CARTESIAN_POINT('',(-0.250000104308129,-65.0000011175871,0.));
#3009=CARTESIAN_POINT('',(-0.250000104308129,-48.0000011175871,9.65));
#3010=CARTESIAN_POINT('',(-0.250000104308129,-48.0000011175871,0.));
#3011=CARTESIAN_POINT('',(-0.250000104308129,-46.7421924285636,9.65));
#3012=CARTESIAN_POINT('',(-0.250000104308129,-46.6566344614058,5.));
#3013=CARTESIAN_POINT('Origin',(-0.250000104308129,-49.1566344614058,5.));
#3014=CARTESIAN_POINT('Origin',(-7.00000010430813,-75.0000011175871,0.));
#3015=CARTESIAN_POINT('',(-1.50000010430813,-107.031235873681,9.65));
#3016=CARTESIAN_POINT('Origin',(-7.00000010430813,-75.0000011175871,9.65));
#3017=CARTESIAN_POINT('',(24.7913116018798,-81.7500011175871,9.65));
#3018=CARTESIAN_POINT('',(24.7913116018798,-81.7500011175871,0.));
#3019=CARTESIAN_POINT('',(25.0312346517858,-80.5000011175871,9.65));
#3020=CARTESIAN_POINT('Origin',(-7.00000010430813,-75.0000011175871,9.65));
#3021=CARTESIAN_POINT('',(25.0312346517858,-80.5000011175871,0.));
#3022=CARTESIAN_POINT('',(-1.50000010430813,-107.031235873681,0.));
#3023=CARTESIAN_POINT('',(8.90294196919729,-103.343367773768,5.));
#3024=CARTESIAN_POINT('Ctrl Pts',(8.90294196919729,-103.343367773768,5.));
#3025=CARTESIAN_POINT('Ctrl Pts',(8.90294196919729,-103.343367773768,5.16142110472638));
#3026=CARTESIAN_POINT('Ctrl Pts',(8.93099233735849,-103.327670897812,5.31831223490831));
#3027=CARTESIAN_POINT('Ctrl Pts',(9.03171433121767,-103.270788647003,5.61708471045601));
#3028=CARTESIAN_POINT('Ctrl Pts',(9.1043986842033,-103.229570032233,5.75895543561984));
#3029=CARTESIAN_POINT('Ctrl Pts',(9.36738072658,-103.078457832277,6.15510610872852));
#3030=CARTESIAN_POINT('Ctrl Pts',(9.60324265405845,-102.940214220076,6.37982550268146));
#3031=CARTESIAN_POINT('Ctrl Pts',(10.2492113730376,-102.549041039244,6.87172887110478));
#3032=CARTESIAN_POINT('Ctrl Pts',(10.7393972397241,-102.238352122382,7.10797747562207));
#3033=CARTESIAN_POINT('Ctrl Pts',(11.7381005287412,-101.561205327794,7.42368707592294));
#3034=CARTESIAN_POINT('Ctrl Pts',(12.2471726065297,-101.194101679491,7.5));
#3035=CARTESIAN_POINT('Ctrl Pts',(13.1070734268716,-100.538375783608,7.5));
#3036=CARTESIAN_POINT('Ctrl Pts',(13.5348478204915,-100.196013501053,7.44189478939743));
#3037=CARTESIAN_POINT('Ctrl Pts',(14.3283958171327,-99.5279147121667,7.15673406802894));
#3038=CARTESIAN_POINT('Ctrl Pts',(14.6945196309793,-99.2023229873269,6.93031440127024));
#3039=CARTESIAN_POINT('Ctrl Pts',(15.1600845351133,-98.7747304999288,6.42591438429974));
#3040=CARTESIAN_POINT('Ctrl Pts',(15.3249453597504,-98.6193009060505,6.18049193526203));
#3041=CARTESIAN_POINT('Ctrl Pts',(15.5514648201775,-98.4031192873594,5.62066388177982));
#3042=CARTESIAN_POINT('Ctrl Pts',(15.6127669345813,-98.3433677737684,5.30572829511523));
#3043=CARTESIAN_POINT('Ctrl Pts',(15.6127669345813,-98.3433677737684,4.69427170488477));
#3044=CARTESIAN_POINT('Ctrl Pts',(15.5514648201775,-98.4031192873594,4.37933611822016));
#3045=CARTESIAN_POINT('Ctrl Pts',(15.3249453597504,-98.6193009060505,3.81950806473797));
#3046=CARTESIAN_POINT('Ctrl Pts',(15.1600845351133,-98.7747304999288,3.57408561570026));
#3047=CARTESIAN_POINT('Ctrl Pts',(14.6945196309793,-99.2023229873269,3.06968559872976));
#3048=CARTESIAN_POINT('Ctrl Pts',(14.3283958171327,-99.5279147121667,2.84326593197106));
#3049=CARTESIAN_POINT('Ctrl Pts',(13.5348478204915,-100.196013501053,2.55810521060257));
#3050=CARTESIAN_POINT('Ctrl Pts',(13.1070734268716,-100.538375783608,2.5));
#3051=CARTESIAN_POINT('Ctrl Pts',(12.2471726065297,-101.194101679491,2.5));
#3052=CARTESIAN_POINT('Ctrl Pts',(11.7381005287412,-101.561205327794,2.57631292407706));
#3053=CARTESIAN_POINT('Ctrl Pts',(10.7393972397241,-102.238352122382,2.89202252437793));
#3054=CARTESIAN_POINT('Ctrl Pts',(10.2492113730376,-102.549041039244,3.12827112889522));
#3055=CARTESIAN_POINT('Ctrl Pts',(9.60324265405845,-102.940214220076,3.62017449731854));
#3056=CARTESIAN_POINT('Ctrl Pts',(9.36738072658,-103.078457832277,3.84489389127147));
#3057=CARTESIAN_POINT('Ctrl Pts',(9.1043986842033,-103.229570032233,4.24104456438016));
#3058=CARTESIAN_POINT('Ctrl Pts',(9.03171433121768,-103.270788647003,4.38291528954399));
#3059=CARTESIAN_POINT('Ctrl Pts',(8.93099233735849,-103.327670897812,4.68168776509169));
#3060=CARTESIAN_POINT('Ctrl Pts',(8.90294196919728,-103.343367773768,4.83857889527362));
#3061=CARTESIAN_POINT('Ctrl Pts',(8.90294196919728,-103.343367773768,5.));
#3062=CARTESIAN_POINT('',(16.3433665518732,-97.6127681564765,5.));
#3063=CARTESIAN_POINT('',(21.3433665518732,-90.9029431910925,5.));
#3064=CARTESIAN_POINT('Ctrl Pts',(16.3433665518732,-97.6127681564765,5.));
#3065=CARTESIAN_POINT('Ctrl Pts',(16.3433665518732,-97.6127681564765,5.17465983183044));
#3066=CARTESIAN_POINT('Ctrl Pts',(16.3619472461354,-97.5936314269337,5.35035223215998));
#3067=CARTESIAN_POINT('Ctrl Pts',(16.4342676682084,-97.5186113884383,5.6902398296599));
#3068=CARTESIAN_POINT('Ctrl Pts',(16.4879814277434,-97.4627317614821,5.85444136444952));
#3069=CARTESIAN_POINT('Ctrl Pts',(16.6899226325848,-97.2502987310612,6.31313048451895));
#3070=CARTESIAN_POINT('Ctrl Pts',(16.8808147875469,-97.0463333115289,6.5729821416065));
#3071=CARTESIAN_POINT('Ctrl Pts',(17.3320614442117,-96.5487027657414,7.02422879827125));
#3072=CARTESIAN_POINT('Ctrl Pts',(17.635427560584,-96.2032268712317,7.21358930080193));
#3073=CARTESIAN_POINT('Ctrl Pts',(18.2517465564575,-95.4653467073594,7.45134236572553));
#3074=CARTESIAN_POINT('Ctrl Pts',(18.5644781798514,-95.0728430852548,7.5));
#3075=CARTESIAN_POINT('Ctrl Pts',(19.1941004575955,-94.2471738284249,7.5));
#3076=CARTESIAN_POINT('Ctrl Pts',(19.5612041058983,-93.7381017506364,7.42368707592294));
#3077=CARTESIAN_POINT('Ctrl Pts',(20.238350900487,-92.7393984616194,7.10797747562207));
#3078=CARTESIAN_POINT('Ctrl Pts',(20.549039817349,-92.2492125949329,6.87172887110478));
#3079=CARTESIAN_POINT('Ctrl Pts',(20.9402129981803,-91.6032438759537,6.37982550268146));
#3080=CARTESIAN_POINT('Ctrl Pts',(21.078456610382,-91.3673819484753,6.15510610872853));
#3081=CARTESIAN_POINT('Ctrl Pts',(21.2295688103381,-91.1043999060985,5.75895543561985));
#3082=CARTESIAN_POINT('Ctrl Pts',(21.2707874251077,-91.0317155531129,5.61708471045602));
#3083=CARTESIAN_POINT('Ctrl Pts',(21.3276696759166,-90.9309935592537,5.31831223490832));
#3084=CARTESIAN_POINT('Ctrl Pts',(21.3433665518732,-90.9029431910925,5.16142110472637));
#3085=CARTESIAN_POINT('Ctrl Pts',(21.3433665518732,-90.9029431910925,5.));
#3086=CARTESIAN_POINT('Ctrl Pts',(21.3433665518732,-90.9029431910925,5.));
#3087=CARTESIAN_POINT('Ctrl Pts',(21.3433665518732,-90.9029431910925,4.83857889527362));
#3088=CARTESIAN_POINT('Ctrl Pts',(21.3276696759166,-90.9309935592537,4.68168776509169));
#3089=CARTESIAN_POINT('Ctrl Pts',(21.2707874251077,-91.0317155531129,4.382915289544));
#3090=CARTESIAN_POINT('Ctrl Pts',(21.2295688103381,-91.1043999060985,4.24104456438015));
#3091=CARTESIAN_POINT('Ctrl Pts',(21.078456610382,-91.3673819484752,3.84489389127146));
#3092=CARTESIAN_POINT('Ctrl Pts',(20.9402129981803,-91.6032438759537,3.62017449731854));
#3093=CARTESIAN_POINT('Ctrl Pts',(20.549039817349,-92.2492125949328,3.12827112889522));
#3094=CARTESIAN_POINT('Ctrl Pts',(20.238350900487,-92.7393984616193,2.89202252437794));
#3095=CARTESIAN_POINT('Ctrl Pts',(19.5612041058983,-93.7381017506364,2.57631292407706));
#3096=CARTESIAN_POINT('Ctrl Pts',(19.1941004575955,-94.2471738284249,2.5));
#3097=CARTESIAN_POINT('Ctrl Pts',(18.5383745617127,-95.1070746487668,2.5));
#3098=CARTESIAN_POINT('Ctrl Pts',(18.1960122791583,-95.5348490423868,2.55810521060257));
#3099=CARTESIAN_POINT('Ctrl Pts',(17.5279134902715,-96.328397039028,2.84326593197106));
#3100=CARTESIAN_POINT('Ctrl Pts',(17.2023217654316,-96.6945208528745,3.06968559872976));
#3101=CARTESIAN_POINT('Ctrl Pts',(16.7747292780335,-97.1600857570085,3.57408561570026));
#3102=CARTESIAN_POINT('Ctrl Pts',(16.6192996841553,-97.3249465816457,3.81950806473797));
#3103=CARTESIAN_POINT('Ctrl Pts',(16.4031180654642,-97.5514660420728,4.37933611822017));
#3104=CARTESIAN_POINT('Ctrl Pts',(16.3433665518732,-97.6127681564765,4.69427170488477));
#3105=CARTESIAN_POINT('Ctrl Pts',(16.3433665518732,-97.6127681564765,5.));
#3106=CARTESIAN_POINT('Origin',(-0.500000104308129,-65.0000011175871,0.));
#3107=CARTESIAN_POINT('',(-15.9000001043081,-65.0000011175871,2.5));
#3108=CARTESIAN_POINT('',(-8.75000010430813,-65.0000011175871,2.5));
#3109=CARTESIAN_POINT('',(-15.9000001043081,-65.0000011175871,-4.));
#3110=CARTESIAN_POINT('',(-15.9000001043081,-65.0000011175871,0.));
#3111=CARTESIAN_POINT('',(-14.0000001043081,-65.0000011175871,-4.));
#3112=CARTESIAN_POINT('',(-8.00000010430813,-65.0000011175871,-4.));
#3113=CARTESIAN_POINT('',(-14.0000001043081,-65.0000011175871,0.));
#3114=CARTESIAN_POINT('',(-1.04308128801023E-7,-65.0000011175871,-4.));
#3115=CARTESIAN_POINT('',(-1.04308128801023E-7,-65.0000011175871,0.));
#3116=CARTESIAN_POINT('',(1.89999989569187,-65.0000011175871,-4.));
#3117=CARTESIAN_POINT('',(0.499999895691871,-65.0000011175871,-4.));
#3118=CARTESIAN_POINT('',(1.89999989569187,-65.0000011175871,2.5));
#3119=CARTESIAN_POINT('',(1.89999989569187,-65.0000011175871,0.));
#3120=CARTESIAN_POINT('',(2.99999989569187,-65.0000011175871,2.5));
#3121=CARTESIAN_POINT('',(1.24999989569187,-65.0000011175871,2.5));
#3122=CARTESIAN_POINT('',(2.99999989569187,-65.0000011175871,0.));
#3123=CARTESIAN_POINT('',(-7.00000010430813,-65.0000011175871,6.));
#3124=CARTESIAN_POINT('Origin',(-7.00000010430813,-75.0000011175871,0.));
#3125=CARTESIAN_POINT('',(-1.50000010430813,-42.9687663614932,9.65));
#3126=CARTESIAN_POINT('Origin',(-7.00000010430813,-75.0000011175871,9.65));
#3127=CARTESIAN_POINT('',(-1.50000010430813,-42.9687663614932,0.));
#3128=CARTESIAN_POINT('',(25.0312346517858,-69.5000011175871,9.65));
#3129=CARTESIAN_POINT('',(25.0312346517858,-69.5000011175871,0.));
#3130=CARTESIAN_POINT('',(24.7913116018798,-68.2500011175871,9.65));
#3131=CARTESIAN_POINT('Origin',(-7.00000010430813,-75.0000011175871,9.65));
#3132=CARTESIAN_POINT('',(24.7913116018798,-68.2500011175871,0.));
#3133=CARTESIAN_POINT('',(15.6127669345812,-51.6566344614058,5.));
#3134=CARTESIAN_POINT('',(8.90294196919728,-46.6566344614058,5.));
#3135=CARTESIAN_POINT('Ctrl Pts',(15.6127669345812,-51.6566344614058,5.));
#3136=CARTESIAN_POINT('Ctrl Pts',(15.6127669345812,-51.6566344614058,5.17465983183044));
#3137=CARTESIAN_POINT('Ctrl Pts',(15.5936302050385,-51.6380537671436,5.35035223215998));
#3138=CARTESIAN_POINT('Ctrl Pts',(15.518610166543,-51.5657333450705,5.69023982965991));
#3139=CARTESIAN_POINT('Ctrl Pts',(15.4627305395869,-51.5120195855355,5.85444136444951));
#3140=CARTESIAN_POINT('Ctrl Pts',(15.250297509166,-51.3100783806942,6.31313048451894));
#3141=CARTESIAN_POINT('Ctrl Pts',(15.0463320896337,-51.119186225732,6.5729821416065));
#3142=CARTESIAN_POINT('Ctrl Pts',(14.5487015438462,-50.6679395690673,7.02422879827125));
#3143=CARTESIAN_POINT('Ctrl Pts',(14.2032256493365,-50.3645734526949,7.21358930080193));
#3144=CARTESIAN_POINT('Ctrl Pts',(13.4653454854642,-49.7482544568214,7.45134236572554));
#3145=CARTESIAN_POINT('Ctrl Pts',(13.0728418633595,-49.4355228334276,7.5));
#3146=CARTESIAN_POINT('Ctrl Pts',(12.2471726065297,-48.8059005556835,7.5));
#3147=CARTESIAN_POINT('Ctrl Pts',(11.7381005287412,-48.4387969073806,7.42368707592294));
#3148=CARTESIAN_POINT('Ctrl Pts',(10.7393972397241,-47.761650112792,7.10797747562207));
#3149=CARTESIAN_POINT('Ctrl Pts',(10.2492113730376,-47.4509611959299,6.87172887110478));
#3150=CARTESIAN_POINT('Ctrl Pts',(9.60324265405846,-47.0597880150986,6.37982550268146));
#3151=CARTESIAN_POINT('Ctrl Pts',(9.36738072658001,-46.921544402897,6.15510610872853));
#3152=CARTESIAN_POINT('Ctrl Pts',(9.1043986842033,-46.7704322029408,5.75895543561984));
#3153=CARTESIAN_POINT('Ctrl Pts',(9.03171433121767,-46.7292135881713,5.61708471045601));
#3154=CARTESIAN_POINT('Ctrl Pts',(8.93099233735849,-46.6723313373624,5.31831223490831));
#3155=CARTESIAN_POINT('Ctrl Pts',(8.90294196919728,-46.6566344614058,5.16142110472637));
#3156=CARTESIAN_POINT('Ctrl Pts',(8.90294196919728,-46.6566344614058,5.));
#3157=CARTESIAN_POINT('Ctrl Pts',(8.90294196919728,-46.6566344614058,5.));
#3158=CARTESIAN_POINT('Ctrl Pts',(8.90294196919728,-46.6566344614058,4.83857889527362));
#3159=CARTESIAN_POINT('Ctrl Pts',(8.93099233735849,-46.6723313373624,4.68168776509168));
#3160=CARTESIAN_POINT('Ctrl Pts',(9.03171433121767,-46.7292135881713,4.38291528954399));
#3161=CARTESIAN_POINT('Ctrl Pts',(9.1043986842033,-46.7704322029408,4.24104456438016));
#3162=CARTESIAN_POINT('Ctrl Pts',(9.36738072658001,-46.921544402897,3.84489389127147));
#3163=CARTESIAN_POINT('Ctrl Pts',(9.60324265405846,-47.0597880150986,3.62017449731854));
#3164=CARTESIAN_POINT('Ctrl Pts',(10.2492113730376,-47.4509611959299,3.12827112889522));
#3165=CARTESIAN_POINT('Ctrl Pts',(10.7393972397241,-47.7616501127919,2.89202252437794));
#3166=CARTESIAN_POINT('Ctrl Pts',(11.7381005287412,-48.4387969073806,2.57631292407706));
#3167=CARTESIAN_POINT('Ctrl Pts',(12.2471726065297,-48.8059005556835,2.5));
#3168=CARTESIAN_POINT('Ctrl Pts',(13.1070734268716,-49.4616264515663,2.5));
#3169=CARTESIAN_POINT('Ctrl Pts',(13.5348478204915,-49.8039887341207,2.55810521060257));
#3170=CARTESIAN_POINT('Ctrl Pts',(14.3283958171328,-50.4720875230074,2.84326593197106));
#3171=CARTESIAN_POINT('Ctrl Pts',(14.6945196309793,-50.7976792478473,3.06968559872976));
#3172=CARTESIAN_POINT('Ctrl Pts',(15.1600845351133,-51.2252717352454,3.57408561570026));
#3173=CARTESIAN_POINT('Ctrl Pts',(15.3249453597504,-51.3807013291237,3.81950806473797));
#3174=CARTESIAN_POINT('Ctrl Pts',(15.5514648201775,-51.5968829478148,4.37933611822017));
#3175=CARTESIAN_POINT('Ctrl Pts',(15.6127669345813,-51.6566344614058,4.69427170488477));
#3176=CARTESIAN_POINT('Ctrl Pts',(15.6127669345813,-51.6566344614058,5.));
#3177=CARTESIAN_POINT('',(16.3433665518732,-52.3872340786977,5.));
#3178=CARTESIAN_POINT('',(21.3433665518732,-59.0970590440817,5.));
#3179=CARTESIAN_POINT('Ctrl Pts',(16.3433665518732,-52.3872340786977,5.));
#3180=CARTESIAN_POINT('Ctrl Pts',(16.3433665518732,-52.3872340786977,4.69427170488477));
#3181=CARTESIAN_POINT('Ctrl Pts',(16.4031180654642,-52.4485361931014,4.37933611822017));
#3182=CARTESIAN_POINT('Ctrl Pts',(16.6192996841553,-52.6750556535285,3.81950806473797));
#3183=CARTESIAN_POINT('Ctrl Pts',(16.7747292780335,-52.8399164781656,3.57408561570026));
#3184=CARTESIAN_POINT('Ctrl Pts',(17.2023217654316,-53.3054813822996,3.06968559872976));
#3185=CARTESIAN_POINT('Ctrl Pts',(17.5279134902715,-53.6716051961462,2.84326593197106));
#3186=CARTESIAN_POINT('Ctrl Pts',(18.1960122791583,-54.4651531927874,2.55810521060257));
#3187=CARTESIAN_POINT('Ctrl Pts',(18.5383745617127,-54.8929275864074,2.5));
#3188=CARTESIAN_POINT('Ctrl Pts',(19.1941004575955,-55.7528284067492,2.5));
#3189=CARTESIAN_POINT('Ctrl Pts',(19.5612041058983,-56.2619004845377,2.57631292407706));
#3190=CARTESIAN_POINT('Ctrl Pts',(20.238350900487,-57.2606037735548,2.89202252437793));
#3191=CARTESIAN_POINT('Ctrl Pts',(20.549039817349,-57.7507896402413,3.12827112889522));
#3192=CARTESIAN_POINT('Ctrl Pts',(20.9402129981803,-58.3967583592205,3.62017449731854));
#3193=CARTESIAN_POINT('Ctrl Pts',(21.078456610382,-58.6326202866989,3.84489389127147));
#3194=CARTESIAN_POINT('Ctrl Pts',(21.2295688103381,-58.8956023290756,4.24104456438015));
#3195=CARTESIAN_POINT('Ctrl Pts',(21.2707874251077,-58.9682866820613,4.38291528954399));
#3196=CARTESIAN_POINT('Ctrl Pts',(21.3276696759166,-59.0690086759205,4.68168776509169));
#3197=CARTESIAN_POINT('Ctrl Pts',(21.3433665518732,-59.0970590440817,4.83857889527362));
#3198=CARTESIAN_POINT('Ctrl Pts',(21.3433665518732,-59.0970590440817,5.));
#3199=CARTESIAN_POINT('Ctrl Pts',(21.3433665518732,-59.0970590440817,5.));
#3200=CARTESIAN_POINT('Ctrl Pts',(21.3433665518732,-59.0970590440817,5.16142110472638));
#3201=CARTESIAN_POINT('Ctrl Pts',(21.3276696759166,-59.0690086759205,5.31831223490831));
#3202=CARTESIAN_POINT('Ctrl Pts',(21.2707874251077,-58.9682866820613,5.61708471045601));
#3203=CARTESIAN_POINT('Ctrl Pts',(21.2295688103381,-58.8956023290757,5.75895543561985));
#3204=CARTESIAN_POINT('Ctrl Pts',(21.078456610382,-58.6326202866989,6.15510610872853));
#3205=CARTESIAN_POINT('Ctrl Pts',(20.9402129981803,-58.3967583592205,6.37982550268145));
#3206=CARTESIAN_POINT('Ctrl Pts',(20.549039817349,-57.7507896402414,6.87172887110478));
#3207=CARTESIAN_POINT('Ctrl Pts',(20.238350900487,-57.2606037735548,7.10797747562207));
#3208=CARTESIAN_POINT('Ctrl Pts',(19.5612041058983,-56.2619004845377,7.42368707592295));
#3209=CARTESIAN_POINT('Ctrl Pts',(19.1941004575955,-55.7528284067492,7.5));
#3210=CARTESIAN_POINT('Ctrl Pts',(18.5383745617127,-54.8929275864074,7.5));
#3211=CARTESIAN_POINT('Ctrl Pts',(18.1960122791583,-54.4651531927874,7.44189478939743));
#3212=CARTESIAN_POINT('Ctrl Pts',(17.5279134902715,-53.6716051961462,7.15673406802894));
#3213=CARTESIAN_POINT('Ctrl Pts',(17.2023217654316,-53.3054813822996,6.93031440127024));
#3214=CARTESIAN_POINT('Ctrl Pts',(16.7747292780335,-52.8399164781657,6.42591438429974));
#3215=CARTESIAN_POINT('Ctrl Pts',(16.6192996841553,-52.6750556535285,6.18049193526203));
#3216=CARTESIAN_POINT('Ctrl Pts',(16.4031180654642,-52.4485361931014,5.62066388177983));
#3217=CARTESIAN_POINT('Ctrl Pts',(16.3433665518732,-52.3872340786977,5.30572829511523));
#3218=CARTESIAN_POINT('Ctrl Pts',(16.3433665518732,-52.3872340786977,5.));
#3219=CARTESIAN_POINT('Origin',(-36.5156174823551,-75.0000011175871,9.65));
#3220=CARTESIAN_POINT('',(-34.0000001043081,-68.5000011175871,9.65));
#3221=CARTESIAN_POINT('',(-39.0312348604021,-72.2500011175871,9.65));
#3222=CARTESIAN_POINT('Origin',(22.5156172737388,-75.0000011175871,9.65));
#3223=CARTESIAN_POINT('',(19.9999998956919,-68.2500011175871,9.65));
#3224=CARTESIAN_POINT('',(19.9999998956919,-81.7500011175871,9.65));
#3225=CARTESIAN_POINT('',(19.9999998956919,-71.7500011175871,9.65));
#3226=CARTESIAN_POINT('',(12.7578085847154,-68.2500011175871,9.65));
#3227=CARTESIAN_POINT('',(25.0312346517858,-77.7500011175871,9.65));
#3228=CARTESIAN_POINT('',(21.2578085847154,-81.7500011175871,9.65));
#3229=CARTESIAN_POINT('Origin',(-7.00000010430813,-104.515618495634,9.65));
#3230=CARTESIAN_POINT('',(-9.75000010430813,-107.031235873681,9.65));
#3231=CARTESIAN_POINT('',(-13.5000001043081,-102.000001117587,9.65));
#3232=CARTESIAN_POINT('Origin',(-7.00000010430813,-45.4843837395401,9.65));
#3233=CARTESIAN_POINT('',(-0.500000104308129,-48.0000011175871,9.65));
#3234=CARTESIAN_POINT('',(-4.25000010430813,-42.9687663614932,9.65));
#3235=CARTESIAN_POINT('Origin',(-39.0312348604021,-69.5000011175871,0.));
#3236=CARTESIAN_POINT('Origin',(19.9999998956919,-68.5000011175871,0.));
#3237=CARTESIAN_POINT('',(19.9999998956919,-81.7500011175871,0.));
#3238=CARTESIAN_POINT('',(19.9999998956919,-68.2500011175871,0.));
#3239=CARTESIAN_POINT('Origin',(-12.5000001043081,-107.031235873681,0.));
#3240=CARTESIAN_POINT('Origin',(-13.5000001043081,-48.0000011175871,0.));
#3241=CARTESIAN_POINT('Origin',(19.9999998956919,-81.7500011175871,0.));
#3242=CARTESIAN_POINT('',(11.5000000447035,-81.7500010207296,6.));
#3243=CARTESIAN_POINT('',(11.5000000447035,-81.7500011175871,0.));
#3244=CARTESIAN_POINT('',(3.00000004470348,-81.7500010207296,6.));
#3245=CARTESIAN_POINT('',(13.6249999701977,-81.7500011175871,6.));
#3246=CARTESIAN_POINT('',(2.99999989569187,-81.7500011175871,0.));
#3247=CARTESIAN_POINT('',(21.3433665518732,-81.7500011175871,5.));
#3248=CARTESIAN_POINT('Origin',(18.8433665518732,-81.7500011175871,5.));
#3249=CARTESIAN_POINT('Origin',(2.99999989569187,-68.2500011175871,0.));
#3250=CARTESIAN_POINT('',(3.00000004470348,-68.2500010207295,6.));
#3251=CARTESIAN_POINT('',(2.99999989569187,-68.2500011175871,0.));
#3252=CARTESIAN_POINT('',(11.5000000447035,-68.2500010207295,6.));
#3253=CARTESIAN_POINT('',(5.12499997019768,-68.2500011175871,6.));
#3254=CARTESIAN_POINT('',(11.5000000447035,-68.2500011175871,0.));
#3255=CARTESIAN_POINT('',(21.3433665518732,-68.2500011175871,5.));
#3256=CARTESIAN_POINT('Origin',(18.8433665518732,-68.2500011175871,5.));
#3257=CARTESIAN_POINT('Origin',(2.99999989569187,-65.0000011175871,2.5));
#3258=CARTESIAN_POINT('',(2.99999989569187,-66.1000011175871,2.5));
#3259=CARTESIAN_POINT('Origin',(2.99999989569187,-65.0000011175871,2.5));
#3260=CARTESIAN_POINT('',(2.99999989569187,-65.0000011175871,2.5));
#3261=CARTESIAN_POINT('Origin',(-17.0000001043081,-65.0000011175871,2.5));
#3262=CARTESIAN_POINT('',(-18.1000001043081,-65.0000011175871,2.5));
#3263=CARTESIAN_POINT('Origin',(-17.0000001043081,-65.0000011175871,2.5));
#3264=CARTESIAN_POINT('Origin',(-17.0000001043081,-65.0000011175871,2.5));
#3265=CARTESIAN_POINT('Origin',(-17.0000001043081,-85.0000011175871,2.5));
#3266=CARTESIAN_POINT('',(-15.9000001043081,-85.0000011175871,2.5));
#3267=CARTESIAN_POINT('',(-15.2500001043081,-85.0000011175871,2.5));
#3268=CARTESIAN_POINT('',(-18.1000001043081,-85.0000011175871,2.5));
#3269=CARTESIAN_POINT('Origin',(-17.0000001043081,-85.0000011175871,2.5));
#3270=CARTESIAN_POINT('Origin',(-17.0000001043081,-85.0000011175871,2.5));
#3271=CARTESIAN_POINT('Origin',(2.99999989569187,-85.0000011175871,2.5));
#3272=CARTESIAN_POINT('',(2.99999989569187,-83.9000011175871,2.5));
#3273=CARTESIAN_POINT('',(2.99999989569187,-85.0000011175871,2.5));
#3274=CARTESIAN_POINT('',(2.99999989569187,-75.0000011175871,2.5));
#3275=CARTESIAN_POINT('',(1.89999989569187,-85.0000011175871,2.5));
#3276=CARTESIAN_POINT('Origin',(2.99999989569187,-85.0000011175871,2.5));
#3277=CARTESIAN_POINT('',(-5.25000010430813,-85.0000011175871,2.5));
#3278=CARTESIAN_POINT('Origin',(2.99999989569187,-65.0000011175871,0.));
#3279=CARTESIAN_POINT('',(2.99999989569187,-73.2500011175871,6.));
#3280=CARTESIAN_POINT('',(2.99999989569187,-66.1000011175871,-4.));
#3281=CARTESIAN_POINT('',(2.99999989569187,-66.1000011175871,0.));
#3282=CARTESIAN_POINT('',(2.99999989569187,-68.0000011175871,-4.));
#3283=CARTESIAN_POINT('',(2.99999989569187,-65.7500011175871,-4.));
#3284=CARTESIAN_POINT('',(2.99999989569187,-68.0000011175871,0.));
#3285=CARTESIAN_POINT('',(2.99999989569187,-82.0000011175871,-4.));
#3286=CARTESIAN_POINT('',(2.99999989569187,-82.0000011175871,0.));
#3287=CARTESIAN_POINT('',(2.99999989569187,-83.9000011175871,-4.));
#3288=CARTESIAN_POINT('',(2.99999989569187,-74.2500011175871,-4.));
#3289=CARTESIAN_POINT('',(2.99999989569187,-83.9000011175871,0.));
#3290=CARTESIAN_POINT('',(2.99999989569187,-85.0000011175871,0.));
#3291=CARTESIAN_POINT('Origin',(-32.8433667604894,-68.5000011175871,5.));
#3292=CARTESIAN_POINT('',(-35.3433667604894,-68.5000011175871,5.));
#3293=CARTESIAN_POINT('Origin',(-32.8433667604894,-68.5000011175871,5.));
#3294=CARTESIAN_POINT('',(-35.3433667604894,-68.5000011175871,5.));
#3295=CARTESIAN_POINT('Origin',(-0.500000104308129,-49.1566344614058,5.));
#3296=CARTESIAN_POINT('',(-0.500000104308129,-46.6566344614058,5.));
#3297=CARTESIAN_POINT('Origin',(-0.500000104308129,-49.1566344614058,5.));
#3298=CARTESIAN_POINT('',(-0.500000104308129,-46.6566344614058,5.));
#3299=CARTESIAN_POINT('Origin',(18.8433665518732,-81.5000011175871,5.));
#3300=CARTESIAN_POINT('',(21.3433665518732,-81.5000011175871,5.));
#3301=CARTESIAN_POINT('Origin',(18.8433665518732,-81.5000011175871,5.));
#3302=CARTESIAN_POINT('',(21.3433665518732,-81.5000011175871,5.));
#3303=CARTESIAN_POINT('Origin',(-13.5000001043081,-100.843367773768,5.));
#3304=CARTESIAN_POINT('',(-13.5000001043081,-103.343367773768,5.));
#3305=CARTESIAN_POINT('Origin',(-13.5000001043081,-100.843367773768,5.));
#3306=CARTESIAN_POINT('',(-13.5000001043081,-103.343367773768,5.));
#3307=CARTESIAN_POINT('Origin',(-7.00000010430813,-75.0000011175871,0.));
#3308=CARTESIAN_POINT('Origin',(2.99999989569187,-65.0000011175871,0.));
#3309=CARTESIAN_POINT('',(1.89999989569187,-65.0000011175871,-6.5));
#3310=CARTESIAN_POINT('',(1.89999989569187,-65.0000011175871,0.));
#3311=CARTESIAN_POINT('Origin',(2.99999989569187,-65.0000011175871,-6.5));
#3312=CARTESIAN_POINT('Origin',(2.99999989569187,-65.0000011175871,-4.));
#3313=CARTESIAN_POINT('Origin',(2.99999989569187,-85.0000011175871,0.));
#3314=CARTESIAN_POINT('',(1.89999989569187,-85.0000011175871,-4.));
#3315=CARTESIAN_POINT('Origin',(2.99999989569187,-85.0000011175871,-4.));
#3316=CARTESIAN_POINT('',(1.89999989569187,-85.0000011175871,-6.5));
#3317=CARTESIAN_POINT('',(1.89999989569187,-85.0000011175871,0.));
#3318=CARTESIAN_POINT('Origin',(2.99999989569187,-85.0000011175871,-6.5));
#3319=CARTESIAN_POINT('',(1.89999989569187,-85.0000011175871,0.));
#3320=CARTESIAN_POINT('Origin',(-17.0000001043081,-65.0000011175871,0.));
#3321=CARTESIAN_POINT('Origin',(-17.0000001043081,-65.0000011175871,-4.));
#3322=CARTESIAN_POINT('',(-18.1000001043081,-65.0000011175871,-6.5));
#3323=CARTESIAN_POINT('',(-18.1000001043081,-65.0000011175871,0.));
#3324=CARTESIAN_POINT('Origin',(-17.0000001043081,-65.0000011175871,-6.5));
#3325=CARTESIAN_POINT('Origin',(-17.0000001043081,-85.0000011175871,0.));
#3326=CARTESIAN_POINT('',(-15.9000001043081,-85.0000011175871,-4.));
#3327=CARTESIAN_POINT('',(-15.9000001043081,-85.0000011175871,0.));
#3328=CARTESIAN_POINT('Origin',(-17.0000001043081,-85.0000011175871,-4.));
#3329=CARTESIAN_POINT('',(-18.1000001043081,-85.0000011175871,-6.5));
#3330=CARTESIAN_POINT('',(-18.1000001043081,-85.0000011175871,0.));
#3331=CARTESIAN_POINT('Origin',(-17.0000001043081,-85.0000011175871,-6.5));
#3332=CARTESIAN_POINT('Origin',(-13.5000001043081,-85.0000011175871,0.));
#3333=CARTESIAN_POINT('',(-13.5000001043081,-85.0000011175871,6.));
#3334=CARTESIAN_POINT('',(-1.04308128801023E-7,-85.0000011175871,-4.));
#3335=CARTESIAN_POINT('',(-6.00000010430813,-85.0000011175871,-4.));
#3336=CARTESIAN_POINT('',(-1.04308128801023E-7,-85.0000011175871,0.));
#3337=CARTESIAN_POINT('',(-14.0000001043081,-85.0000011175871,-4.));
#3338=CARTESIAN_POINT('',(-14.0000001043081,-85.0000011175871,0.));
#3339=CARTESIAN_POINT('',(-14.5000001043081,-85.0000011175871,-4.));
#3340=CARTESIAN_POINT('Origin',(-15.5000001043081,-66.5000011175871,-4.));
#3341=CARTESIAN_POINT('',(-14.0000001043081,-68.0000011175871,-4.));
#3342=CARTESIAN_POINT('',(-14.7500001043081,-68.0000011175871,-4.));
#3343=CARTESIAN_POINT('',(-14.0000001043081,-65.7500011175871,-4.));
#3344=CARTESIAN_POINT('Origin',(1.49999989569187,-83.5000011175871,-4.));
#3345=CARTESIAN_POINT('',(-1.04308128801023E-7,-82.0000011175871,-4.));
#3346=CARTESIAN_POINT('',(0.749999895691871,-82.0000011175871,-4.));
#3347=CARTESIAN_POINT('',(-1.04308128801023E-7,-84.2500011175871,-4.));
#3348=CARTESIAN_POINT('Origin',(1.49999989569187,-66.5000011175871,-4.));
#3349=CARTESIAN_POINT('',(-1.04308128801023E-7,-68.0000011175871,-4.));
#3350=CARTESIAN_POINT('',(-1.04308128801023E-7,-67.2500011175871,-4.));
#3351=CARTESIAN_POINT('',(2.24999989569187,-68.0000011175871,-4.));
#3352=CARTESIAN_POINT('Origin',(-15.5000001043081,-83.5000011175871,-4.));
#3353=CARTESIAN_POINT('',(-14.0000001043081,-82.0000011175871,-4.));
#3354=CARTESIAN_POINT('',(-14.0000001043081,-82.7500011175871,-4.));
#3355=CARTESIAN_POINT('',(-16.2500001043081,-82.0000011175871,-4.));
#3356=CARTESIAN_POINT('Origin',(-22.0000001043081,-90.0000011175871,0.));
#3357=CARTESIAN_POINT('',(-22.0000001043081,-82.0000011175871,-6.5));
#3358=CARTESIAN_POINT('',(-22.0000001043081,-82.0000011175871,0.));
#3359=CARTESIAN_POINT('',(-22.0000001043081,-90.0000011175871,-6.5));
#3360=CARTESIAN_POINT('',(-22.0000001043081,-82.0000011175871,-6.5));
#3361=CARTESIAN_POINT('',(-22.0000001043081,-90.0000011175871,0.));
#3362=CARTESIAN_POINT('Origin',(-14.0000001043081,-90.0000011175871,0.));
#3363=CARTESIAN_POINT('',(-14.0000001043081,-90.0000011175871,-6.5));
#3364=CARTESIAN_POINT('',(-22.0000001043081,-90.0000011175871,-6.5));
#3365=CARTESIAN_POINT('',(-14.0000001043081,-90.0000011175871,0.));
#3366=CARTESIAN_POINT('Origin',(-14.0000001043081,-85.0000011175871,0.));
#3367=CARTESIAN_POINT('',(-14.0000001043081,-82.0000011175871,-6.5));
#3368=CARTESIAN_POINT('',(-14.0000001043081,-90.0000011175871,-6.5));
#3369=CARTESIAN_POINT('',(-14.0000001043081,-82.0000011175871,0.));
#3370=CARTESIAN_POINT('Origin',(-22.0000001043081,-82.0000011175871,0.));
#3371=CARTESIAN_POINT('',(-14.0000001043081,-82.0000011175871,-6.5));
#3372=CARTESIAN_POINT('Origin',(-18.0000001043081,-86.0000011175871,-6.5));
#3373=CARTESIAN_POINT('Origin',(7.99999989569187,-60.0000011175871,0.));
#3374=CARTESIAN_POINT('',(7.99999989569187,-68.0000011175871,-6.5));
#3375=CARTESIAN_POINT('',(7.99999989569187,-68.0000011175871,0.));
#3376=CARTESIAN_POINT('',(7.99999989569187,-60.0000011175871,-6.5));
#3377=CARTESIAN_POINT('',(7.99999989569187,-68.0000011175871,-6.5));
#3378=CARTESIAN_POINT('',(7.99999989569187,-60.0000011175871,0.));
#3379=CARTESIAN_POINT('Origin',(-1.04308128801023E-7,-60.0000011175871,
0.));
#3380=CARTESIAN_POINT('',(-1.04308128801023E-7,-60.0000011175871,-6.5));
#3381=CARTESIAN_POINT('',(7.99999989569187,-60.0000011175871,-6.5));
#3382=CARTESIAN_POINT('',(-1.04308128801023E-7,-60.0000011175871,0.));
#3383=CARTESIAN_POINT('Origin',(-1.04308128801023E-7,-65.0000011175871,
0.));
#3384=CARTESIAN_POINT('',(-1.04308128801023E-7,-68.0000011175871,-6.5));
#3385=CARTESIAN_POINT('',(-1.04308128801023E-7,-60.0000011175871,-6.5));
#3386=CARTESIAN_POINT('',(-1.04308128801023E-7,-68.0000011175871,0.));
#3387=CARTESIAN_POINT('Origin',(7.99999989569187,-68.0000011175871,0.));
#3388=CARTESIAN_POINT('',(-1.04308128801023E-7,-68.0000011175871,-6.5));
#3389=CARTESIAN_POINT('Origin',(3.99999989569187,-64.0000011175871,-6.5));
#3390=CARTESIAN_POINT('Origin',(-1.04308128801023E-7,-90.0000011175871,
0.));
#3391=CARTESIAN_POINT('',(-1.04308128801023E-7,-82.0000011175871,-6.5));
#3392=CARTESIAN_POINT('',(-1.04308128801023E-7,-82.0000011175871,0.));
#3393=CARTESIAN_POINT('',(-1.04308128801023E-7,-90.0000011175871,-6.5));
#3394=CARTESIAN_POINT('',(-1.04308128801023E-7,-90.0000011175871,-6.5));
#3395=CARTESIAN_POINT('',(-1.04308128801023E-7,-90.0000011175871,0.));
#3396=CARTESIAN_POINT('Origin',(7.99999989569187,-90.0000011175871,0.));
#3397=CARTESIAN_POINT('',(7.99999989569187,-90.0000011175871,-6.5));
#3398=CARTESIAN_POINT('',(7.99999989569187,-90.0000011175871,-6.5));
#3399=CARTESIAN_POINT('',(7.99999989569187,-90.0000011175871,0.));
#3400=CARTESIAN_POINT('Origin',(7.99999989569187,-82.0000011175871,0.));
#3401=CARTESIAN_POINT('',(7.99999989569187,-82.0000011175871,-6.5));
#3402=CARTESIAN_POINT('',(7.99999989569187,-82.0000011175871,-6.5));
#3403=CARTESIAN_POINT('',(7.99999989569187,-82.0000011175871,0.));
#3404=CARTESIAN_POINT('Origin',(2.99999989569187,-82.0000011175871,0.));
#3405=CARTESIAN_POINT('',(-1.04308128801023E-7,-82.0000011175871,-6.5));
#3406=CARTESIAN_POINT('Origin',(3.99999989569187,-86.0000011175871,-6.5));
#3407=CARTESIAN_POINT('Origin',(-14.0000001043081,-60.0000011175871,0.));
#3408=CARTESIAN_POINT('',(-14.0000001043081,-68.0000011175871,-6.5));
#3409=CARTESIAN_POINT('',(-14.0000001043081,-68.0000011175871,0.));
#3410=CARTESIAN_POINT('',(-14.0000001043081,-60.0000011175871,-6.5));
#3411=CARTESIAN_POINT('',(-14.0000001043081,-60.0000011175871,-6.5));
#3412=CARTESIAN_POINT('',(-14.0000001043081,-60.0000011175871,0.));
#3413=CARTESIAN_POINT('Origin',(-22.0000001043081,-60.0000011175871,0.));
#3414=CARTESIAN_POINT('',(-22.0000001043081,-60.0000011175871,-6.5));
#3415=CARTESIAN_POINT('',(-22.0000001043081,-60.0000011175871,-6.5));
#3416=CARTESIAN_POINT('',(-22.0000001043081,-60.0000011175871,0.));
#3417=CARTESIAN_POINT('Origin',(-22.0000001043081,-68.0000011175871,0.));
#3418=CARTESIAN_POINT('',(-22.0000001043081,-68.0000011175871,-6.5));
#3419=CARTESIAN_POINT('',(-22.0000001043081,-68.0000011175871,-6.5));
#3420=CARTESIAN_POINT('',(-22.0000001043081,-68.0000011175871,0.));
#3421=CARTESIAN_POINT('Origin',(-17.0000001043081,-68.0000011175871,0.));
#3422=CARTESIAN_POINT('',(-14.0000001043081,-68.0000011175871,-6.5));
#3423=CARTESIAN_POINT('Origin',(-18.0000001043081,-64.0000011175871,-6.5));
#3424=CARTESIAN_POINT('Origin',(-34.0000001043081,-81.5000011175871,0.));
#3425=CARTESIAN_POINT('Origin',(11.5000000447035,-81.5000010207295,0.));
#3426=CARTESIAN_POINT('',(11.5000000447035,-81.5000010207295,6.));
#3427=CARTESIAN_POINT('Origin',(7.25000004470348,-75.0000010207295,6.));
#3428=CARTESIAN_POINT('Origin',(-0.500000201165676,-56.5000009685755,0.));
#3429=CARTESIAN_POINT('',(-0.500000201165676,-56.5000009685755,6.));
#3430=CARTESIAN_POINT('Origin',(-7.00000020116568,-60.7500009685755,6.));
#3431=CARTESIAN_POINT('Origin',(-13.5000002011657,-93.5000012665987,0.));
#3432=CARTESIAN_POINT('',(-13.5000002011657,-93.5000012665987,6.));
#3433=CARTESIAN_POINT('Origin',(-7.00000010430813,-89.2500012665987,6.));
#3434=CARTESIAN_POINT('Origin',(-25.5000002533197,-68.5000010207295,0.));
#3435=CARTESIAN_POINT('',(-25.5000002533197,-68.5000010207295,6.));
#3436=CARTESIAN_POINT('Origin',(-21.2500002533197,-75.0000010207295,6.));
#3437=CARTESIAN_POINT('Origin',(-0.500000104308129,-102.000001117587,0.));
#3438=CARTESIAN_POINT('Origin',(-1.50000010430813,-42.9687663614932,0.));
#3439=CARTESIAN_POINT('Origin',(25.0312346517858,-80.5000011175871,0.));
#3440=UNCERTAINTY_MEASURE_WITH_UNIT(LENGTH_MEASURE(0.01),#3444,
'DISTANCE_ACCURACY_VALUE',
'Maximum model space distance between geometric entities at asserted c
onnectivities');
#3441=UNCERTAINTY_MEASURE_WITH_UNIT(LENGTH_MEASURE(0.01),#3444,
'DISTANCE_ACCURACY_VALUE',
'Maximum model space distance between geometric entities at asserted c
onnectivities');
#3442=(
GEOMETRIC_REPRESENTATION_CONTEXT(3)
GLOBAL_UNCERTAINTY_ASSIGNED_CONTEXT((#3440))
GLOBAL_UNIT_ASSIGNED_CONTEXT((#3444,#3446,#3447))
REPRESENTATION_CONTEXT('','3D')
);
#3443=(
GEOMETRIC_REPRESENTATION_CONTEXT(3)
GLOBAL_UNCERTAINTY_ASSIGNED_CONTEXT((#3441))
GLOBAL_UNIT_ASSIGNED_CONTEXT((#3444,#3446,#3447))
REPRESENTATION_CONTEXT('','3D')
);
#3444=(
LENGTH_UNIT()
NAMED_UNIT(*)
SI_UNIT(.MILLI.,.METRE.)
);
#3445=(
LENGTH_UNIT()
NAMED_UNIT(*)
SI_UNIT($,.METRE.)
);
#3446=(
NAMED_UNIT(*)
PLANE_ANGLE_UNIT()
SI_UNIT($,.RADIAN.)
);
#3447=(
NAMED_UNIT(*)
SI_UNIT($,.STERADIAN.)
SOLID_ANGLE_UNIT()
);
#3448=SHAPE_DEFINITION_REPRESENTATION(#3449,#3450);
#3449=PRODUCT_DEFINITION_SHAPE('',$,#3452);
#3450=SHAPE_REPRESENTATION('',(#1962),#3442);
#3451=PRODUCT_DEFINITION_CONTEXT('part definition',#3456,'design');
#3452=PRODUCT_DEFINITION('BaseTopV22','BaseTopV22',#3453,#3451);
#3453=PRODUCT_DEFINITION_FORMATION('',$,#3458);
#3454=PRODUCT_RELATED_PRODUCT_CATEGORY('BaseTopV22','BaseTopV22',(#3458));
#3455=APPLICATION_PROTOCOL_DEFINITION('international standard',
'automotive_design',2009,#3456);
#3456=APPLICATION_CONTEXT(
'Core Data for Automotive Mechanical Design Process');
#3457=PRODUCT_CONTEXT('part definition',#3456,'mechanical');
#3458=PRODUCT('BaseTopV22','BaseTopV22',$,(#3457));
#3459=PRESENTATION_STYLE_ASSIGNMENT((#3461));
#3460=PRESENTATION_STYLE_ASSIGNMENT((#3462));
#3461=SURFACE_STYLE_USAGE(.BOTH.,#3463);
#3462=SURFACE_STYLE_USAGE(.BOTH.,#3464);
#3463=SURFACE_SIDE_STYLE('',(#3465));
#3464=SURFACE_SIDE_STYLE('',(#3466));
#3465=SURFACE_STYLE_FILL_AREA(#3467);
#3466=SURFACE_STYLE_FILL_AREA(#3468);
#3467=FILL_AREA_STYLE('Steel - Satin',(#3469));
#3468=FILL_AREA_STYLE('Powder Coat (Red)',(#3470));
#3469=FILL_AREA_STYLE_COLOUR('Steel - Satin',#3471);
#3470=FILL_AREA_STYLE_COLOUR('Powder Coat (Red)',#3472);
#3471=COLOUR_RGB('Steel - Satin',0.627450980392157,0.627450980392157,0.627450980392157);
#3472=COLOUR_RGB('Powder Coat (Red)',0.768627450980392,0.207843137254902,
0.152941176470588);
ENDSEC;
END-ISO-10303-21;
