ISO-10303-21;
HEADER;
/* Generated by software containing ST-Developer
 * from STEP Tools, Inc. (www.steptools.com) 
 */

FILE_DESCRIPTION(
/* description */ (''),
/* implementation_level */ '2;1');

FILE_NAME(
/* name */ 'Arm.step',
/* time_stamp */ '2026-04-09T15:04:39+02:00',
/* author */ (''),
/* organization */ (''),
/* preprocessor_version */ 'ST-DEVELOPER v20.1',
/* originating_system */ 'Autodesk Translation Framework v14.24.0.0',
/* authorisation */ '');

FILE_SCHEMA (('AUTOMOTIVE_DESIGN { 1 0 10303 214 3 1 1 }'));
ENDSEC;

DATA;
#10=MECHANICAL_DESIGN_GEOMETRIC_PRESENTATION_REPRESENTATION('',(#13),#3086);
#11=SHAPE_REPRESENTATION_RELATIONSHIP('SRR','None',#3093,#12);
#12=ADVANCED_BREP_SHAPE_REPRESENTATION('',(#14),#3085);
#13=STYLED_ITEM('',(#3103),#14);
#14=MANIFOLD_SOLID_BREP('Body1',#1689);
#15=TOROIDAL_SURFACE('',#1787,11.5,1.);
#16=(
BOUNDED_SURFACE()
B_SPLINE_SURFACE(1,2,((#2567,#2568,#2569,#2570,#2571,#2572,#2573),(#2574,
#2575,#2576,#2577,#2578,#2579,#2580)),.UNSPECIFIED.,.F.,.F.,.F.)
B_SPLINE_SURFACE_WITH_KNOTS((2,2),(3,2,2,3),(-1.87567680497659E-14,0.0327993648572988),
(0.563335298571077,1.70970698598962,2.85607867340815,4.00245036082669),
 .UNSPECIFIED.)
GEOMETRIC_REPRESENTATION_ITEM()
RATIONAL_B_SPLINE_SURFACE(((1.,0.840177522227145,1.,0.840177522227145,1.,
0.840177522227145,1.),(1.,0.840177522227145,1.,0.840177522227145,1.,0.840177522227145,
1.)))
REPRESENTATION_ITEM('')
SURFACE()
);
#17=(
BOUNDED_SURFACE()
B_SPLINE_SURFACE(1,2,((#2586,#2587,#2588),(#2589,#2590,#2591)),
 .UNSPECIFIED.,.F.,.F.,.F.)
B_SPLINE_SURFACE_WITH_KNOTS((2,2),(3,3),(-3.28521202102366E-15,0.0234281177552033),
(2.27544947154047,2.56271480523783),.UNSPECIFIED.)
GEOMETRIC_REPRESENTATION_ITEM()
RATIONAL_B_SPLINE_SURFACE(((1.,0.98970255011014,1.),(1.,0.98970255011014,
1.)))
REPRESENTATION_ITEM('')
SURFACE()
);
#18=(
BOUNDED_SURFACE()
B_SPLINE_SURFACE(1,2,((#2615,#2616,#2617),(#2618,#2619,#2620)),
 .UNSPECIFIED.,.F.,.F.,.F.)
B_SPLINE_SURFACE_WITH_KNOTS((2,2),(3,3),(-3.53180326993108E-15,0.149088022078562),
(-0.578877848345591,0.991918478449314),.UNSPECIFIED.)
GEOMETRIC_REPRESENTATION_ITEM()
RATIONAL_B_SPLINE_SURFACE(((1.,0.707106781186545,1.),(1.,0.707106781186545,
1.)))
REPRESENTATION_ITEM('')
SURFACE()
);
#19=(
BOUNDED_SURFACE()
B_SPLINE_SURFACE(1,2,((#2632,#2633,#2634),(#2635,#2636,#2637)),
 .UNSPECIFIED.,.F.,.F.,.F.)
B_SPLINE_SURFACE_WITH_KNOTS((2,2),(3,3),(2.16797514819309E-16,0.0234281177552178),
(2.64738737341657,4.13351113203995),.UNSPECIFIED.)
GEOMETRIC_REPRESENTATION_ITEM()
RATIONAL_B_SPLINE_SURFACE(((1.,0.736400512141399,1.),(1.,0.736400512141399,
1.)))
REPRESENTATION_ITEM('')
SURFACE()
);
#20=(
BOUNDED_SURFACE()
B_SPLINE_SURFACE(1,2,((#2657,#2658,#2659),(#2660,#2661,#2662)),
 .UNSPECIFIED.,.F.,.F.,.F.)
B_SPLINE_SURFACE_WITH_KNOTS((2,2),(3,3),(-1.91619921726503E-14,0.0819984121432135),
(-2.14967417514667,-0.578877848351771),.UNSPECIFIED.)
GEOMETRIC_REPRESENTATION_ITEM()
RATIONAL_B_SPLINE_SURFACE(((1.,0.707106781186546,1.),(1.,0.707106781186546,
1.)))
REPRESENTATION_ITEM('')
SURFACE()
);
#21=(
BOUNDED_SURFACE()
B_SPLINE_SURFACE(1,2,((#2672,#2673,#2674),(#2675,#2676,#2677)),
 .UNSPECIFIED.,.F.,.F.,.F.)
B_SPLINE_SURFACE_WITH_KNOTS((2,2),(3,3),(-1.55792498536402E-14,0.0109331216190859),
(1.16867380723679,1.9122525710532),.UNSPECIFIED.)
GEOMETRIC_REPRESENTATION_ITEM()
RATIONAL_B_SPLINE_SURFACE(((1.,0.931678785236364,1.),(1.,0.931678785236364,
1.)))
REPRESENTATION_ITEM('')
SURFACE()
);
#22=(
BOUNDED_SURFACE()
B_SPLINE_SURFACE(2,2,((#3035,#3036,#3037,#3038,#3039,#3040,#3041,#3042,
#3043),(#3044,#3045,#3046,#3047,#3048,#3049,#3050,#3051,#3052),(#3053,#3054,
#3055,#3056,#3057,#3058,#3059,#3060,#3061)),.UNSPECIFIED.,.F.,.T.,.F.)
B_SPLINE_SURFACE_WITH_KNOTS((3,3),(3,2,2,2,3),(-6.50084710611676E-16,1.5707963267949),
(-3.14159265358979,-1.5707963267949,0.,1.5707963267949,3.14159265358979),
 .UNSPECIFIED.)
GEOMETRIC_REPRESENTATION_ITEM()
RATIONAL_B_SPLINE_SURFACE(((1.,0.707106781186548,1.,0.707106781186548,1.,
0.707106781186548,1.,0.707106781186548,1.),(0.707106781186544,0.499999999999998,
0.707106781186544,0.499999999999998,0.707106781186544,0.499999999999998,
0.707106781186544,0.499999999999998,0.707106781186544),(1.,0.707106781186548,
1.,0.707106781186548,1.,0.707106781186548,1.,0.707106781186548,1.)))
REPRESENTATION_ITEM('')
SURFACE()
);
#23=CYLINDRICAL_SURFACE('',#1728,2.5);
#24=CYLINDRICAL_SURFACE('',#1750,2.5);
#25=CYLINDRICAL_SURFACE('',#1753,3.5);
#26=CYLINDRICAL_SURFACE('',#1754,7.5);
#27=CYLINDRICAL_SURFACE('',#1756,1.);
#28=CYLINDRICAL_SURFACE('',#1760,3.5);
#29=CYLINDRICAL_SURFACE('',#1765,0.55);
#30=CYLINDRICAL_SURFACE('',#1768,2.5);
#31=CYLINDRICAL_SURFACE('',#1786,1.);
#32=CYLINDRICAL_SURFACE('',#1790,1.);
#33=CYLINDRICAL_SURFACE('',#1792,10.5);
#34=CYLINDRICAL_SURFACE('',#1795,1.);
#35=CYLINDRICAL_SURFACE('',#1808,1.25);
#36=CYLINDRICAL_SURFACE('',#1810,6.68959021068179);
#37=CYLINDRICAL_SURFACE('',#1814,1.5);
#38=CYLINDRICAL_SURFACE('',#1823,1.5);
#39=CYLINDRICAL_SURFACE('',#1824,0.55);
#40=CYLINDRICAL_SURFACE('',#1830,1.);
#41=CYLINDRICAL_SURFACE('',#1833,0.999999999999996);
#42=CYLINDRICAL_SURFACE('',#1843,1.25);
#43=CYLINDRICAL_SURFACE('',#1844,1.25);
#44=CYLINDRICAL_SURFACE('',#1845,2.5);
#45=CYLINDRICAL_SURFACE('',#1846,1.25);
#46=CYLINDRICAL_SURFACE('',#1847,1.25);
#47=CYLINDRICAL_SURFACE('',#1848,1.25);
#48=ELLIPSE('',#1714,7.500145233617,7.5);
#49=ELLIPSE('',#1715,1.00001936448227,1.);
#50=ELLIPSE('',#1716,3.50006777568794,3.5);
#51=ELLIPSE('',#1717,0.550010650465247,0.55);
#52=ELLIPSE('',#1718,2.50004841120567,2.5);
#53=ELLIPSE('',#1720,3.50006777568794,3.5);
#54=ELLIPSE('',#1729,2.50004841120567,2.5);
#55=ELLIPSE('',#1730,2.50004841120567,2.5);
#56=ELLIPSE('',#1731,2.50004841120567,2.5);
#57=ELLIPSE('',#1732,3.50006777568794,3.5);
#58=ELLIPSE('',#1738,0.550010650465247,0.55);
#59=ELLIPSE('',#1741,3.50006777568794,3.5);
#60=ELLIPSE('',#1745,1.00001936448227,1.);
#61=ELLIPSE('',#1746,1.00001936448227,1.);
#62=ELLIPSE('',#1748,7.500145233617,7.5);
#63=ELLIPSE('',#1749,7.500145233617,7.5);
#64=ELLIPSE('',#1751,2.50004841120567,2.5);
#65=B_SPLINE_SURFACE_WITH_KNOTS('',3,3,((#2375,#2376,#2377,#2378),(#2379,
#2380,#2381,#2382),(#2383,#2384,#2385,#2386),(#2387,#2388,#2389,#2390),
(#2391,#2392,#2393,#2394),(#2395,#2396,#2397,#2398)),.UNSPECIFIED.,.F.,
 .F.,.F.,(4,1,1,4),(4,4),(0.,0.285714285714286,0.571428571428571,1.),(-0.150298339656211,
1.15000001490116),.UNSPECIFIED.);
#66=FACE_BOUND('',#168,.T.);
#67=FACE_BOUND('',#169,.T.);
#68=FACE_BOUND('',#172,.T.);
#69=FACE_BOUND('',#173,.T.);
#70=FACE_BOUND('',#229,.T.);
#71=FACE_BOUND('',#230,.T.);
#72=FACE_BOUND('',#231,.T.);
#73=FACE_BOUND('',#232,.T.);
#74=FACE_BOUND('',#233,.T.);
#75=FACE_BOUND('',#240,.T.);
#76=FACE_BOUND('',#241,.T.);
#77=FACE_BOUND('',#242,.T.);
#78=FACE_BOUND('',#243,.T.);
#79=FACE_BOUND('',#244,.T.);
#80=FACE_BOUND('',#254,.T.);
#81=FACE_OUTER_BOUND('',#167,.T.);
#82=FACE_OUTER_BOUND('',#170,.T.);
#83=FACE_OUTER_BOUND('',#171,.T.);
#84=FACE_OUTER_BOUND('',#174,.T.);
#85=FACE_OUTER_BOUND('',#175,.T.);
#86=FACE_OUTER_BOUND('',#176,.T.);
#87=FACE_OUTER_BOUND('',#177,.T.);
#88=FACE_OUTER_BOUND('',#178,.T.);
#89=FACE_OUTER_BOUND('',#179,.T.);
#90=FACE_OUTER_BOUND('',#180,.T.);
#91=FACE_OUTER_BOUND('',#181,.T.);
#92=FACE_OUTER_BOUND('',#182,.T.);
#93=FACE_OUTER_BOUND('',#183,.T.);
#94=FACE_OUTER_BOUND('',#184,.T.);
#95=FACE_OUTER_BOUND('',#185,.T.);
#96=FACE_OUTER_BOUND('',#186,.T.);
#97=FACE_OUTER_BOUND('',#187,.T.);
#98=FACE_OUTER_BOUND('',#188,.T.);
#99=FACE_OUTER_BOUND('',#189,.T.);
#100=FACE_OUTER_BOUND('',#190,.T.);
#101=FACE_OUTER_BOUND('',#191,.T.);
#102=FACE_OUTER_BOUND('',#192,.T.);
#103=FACE_OUTER_BOUND('',#193,.T.);
#104=FACE_OUTER_BOUND('',#194,.T.);
#105=FACE_OUTER_BOUND('',#195,.T.);
#106=FACE_OUTER_BOUND('',#196,.T.);
#107=FACE_OUTER_BOUND('',#197,.T.);
#108=FACE_OUTER_BOUND('',#198,.T.);
#109=FACE_OUTER_BOUND('',#199,.T.);
#110=FACE_OUTER_BOUND('',#200,.T.);
#111=FACE_OUTER_BOUND('',#201,.T.);
#112=FACE_OUTER_BOUND('',#202,.T.);
#113=FACE_OUTER_BOUND('',#203,.T.);
#114=FACE_OUTER_BOUND('',#204,.T.);
#115=FACE_OUTER_BOUND('',#205,.T.);
#116=FACE_OUTER_BOUND('',#206,.T.);
#117=FACE_OUTER_BOUND('',#207,.T.);
#118=FACE_OUTER_BOUND('',#208,.T.);
#119=FACE_OUTER_BOUND('',#209,.T.);
#120=FACE_OUTER_BOUND('',#210,.T.);
#121=FACE_OUTER_BOUND('',#211,.T.);
#122=FACE_OUTER_BOUND('',#212,.T.);
#123=FACE_OUTER_BOUND('',#213,.T.);
#124=FACE_OUTER_BOUND('',#214,.T.);
#125=FACE_OUTER_BOUND('',#215,.T.);
#126=FACE_OUTER_BOUND('',#216,.T.);
#127=FACE_OUTER_BOUND('',#217,.T.);
#128=FACE_OUTER_BOUND('',#218,.T.);
#129=FACE_OUTER_BOUND('',#219,.T.);
#130=FACE_OUTER_BOUND('',#220,.T.);
#131=FACE_OUTER_BOUND('',#221,.T.);
#132=FACE_OUTER_BOUND('',#222,.T.);
#133=FACE_OUTER_BOUND('',#223,.T.);
#134=FACE_OUTER_BOUND('',#224,.T.);
#135=FACE_OUTER_BOUND('',#225,.T.);
#136=FACE_OUTER_BOUND('',#226,.T.);
#137=FACE_OUTER_BOUND('',#227,.T.);
#138=FACE_OUTER_BOUND('',#228,.T.);
#139=FACE_OUTER_BOUND('',#234,.T.);
#140=FACE_OUTER_BOUND('',#235,.T.);
#141=FACE_OUTER_BOUND('',#236,.T.);
#142=FACE_OUTER_BOUND('',#237,.T.);
#143=FACE_OUTER_BOUND('',#238,.T.);
#144=FACE_OUTER_BOUND('',#239,.T.);
#145=FACE_OUTER_BOUND('',#245,.T.);
#146=FACE_OUTER_BOUND('',#246,.T.);
#147=FACE_OUTER_BOUND('',#247,.T.);
#148=FACE_OUTER_BOUND('',#248,.T.);
#149=FACE_OUTER_BOUND('',#249,.T.);
#150=FACE_OUTER_BOUND('',#250,.T.);
#151=FACE_OUTER_BOUND('',#251,.T.);
#152=FACE_OUTER_BOUND('',#252,.T.);
#153=FACE_OUTER_BOUND('',#253,.T.);
#154=FACE_OUTER_BOUND('',#255,.T.);
#155=FACE_OUTER_BOUND('',#256,.T.);
#156=FACE_OUTER_BOUND('',#257,.T.);
#157=FACE_OUTER_BOUND('',#258,.T.);
#158=FACE_OUTER_BOUND('',#259,.T.);
#159=FACE_OUTER_BOUND('',#260,.T.);
#160=FACE_OUTER_BOUND('',#261,.T.);
#161=FACE_OUTER_BOUND('',#262,.T.);
#162=FACE_OUTER_BOUND('',#263,.T.);
#163=FACE_OUTER_BOUND('',#264,.T.);
#164=FACE_OUTER_BOUND('',#265,.T.);
#165=FACE_OUTER_BOUND('',#266,.T.);
#166=FACE_OUTER_BOUND('',#267,.T.);
#167=EDGE_LOOP('',(#1061,#1062,#1063,#1064,#1065,#1066,#1067,#1068,#1069,
#1070,#1071,#1072,#1073,#1074,#1075,#1076,#1077,#1078,#1079,#1080,#1081,
#1082,#1083,#1084,#1085));
#168=EDGE_LOOP('',(#1086,#1087,#1088));
#169=EDGE_LOOP('',(#1089));
#170=EDGE_LOOP('',(#1090,#1091,#1092,#1093,#1094,#1095,#1096,#1097,#1098));
#171=EDGE_LOOP('',(#1099,#1100,#1101,#1102,#1103,#1104,#1105,#1106,#1107,
#1108,#1109,#1110,#1111,#1112,#1113,#1114));
#172=EDGE_LOOP('',(#1115,#1116));
#173=EDGE_LOOP('',(#1117,#1118,#1119));
#174=EDGE_LOOP('',(#1120,#1121,#1122,#1123));
#175=EDGE_LOOP('',(#1124,#1125,#1126,#1127));
#176=EDGE_LOOP('',(#1128,#1129,#1130,#1131,#1132,#1133,#1134,#1135,#1136,
#1137,#1138,#1139,#1140));
#177=EDGE_LOOP('',(#1141,#1142,#1143,#1144,#1145));
#178=EDGE_LOOP('',(#1146,#1147,#1148,#1149,#1150,#1151));
#179=EDGE_LOOP('',(#1152,#1153,#1154,#1155));
#180=EDGE_LOOP('',(#1156,#1157,#1158,#1159));
#181=EDGE_LOOP('',(#1160,#1161,#1162,#1163));
#182=EDGE_LOOP('',(#1164,#1165,#1166,#1167));
#183=EDGE_LOOP('',(#1168,#1169,#1170,#1171));
#184=EDGE_LOOP('',(#1172,#1173,#1174,#1175));
#185=EDGE_LOOP('',(#1176,#1177,#1178,#1179));
#186=EDGE_LOOP('',(#1180,#1181,#1182,#1183));
#187=EDGE_LOOP('',(#1184,#1185,#1186,#1187));
#188=EDGE_LOOP('',(#1188,#1189,#1190,#1191));
#189=EDGE_LOOP('',(#1192,#1193,#1194,#1195,#1196));
#190=EDGE_LOOP('',(#1197,#1198,#1199,#1200));
#191=EDGE_LOOP('',(#1201,#1202,#1203,#1204,#1205));
#192=EDGE_LOOP('',(#1206,#1207,#1208,#1209,#1210));
#193=EDGE_LOOP('',(#1211,#1212,#1213,#1214));
#194=EDGE_LOOP('',(#1215,#1216,#1217,#1218,#1219));
#195=EDGE_LOOP('',(#1220,#1221,#1222));
#196=EDGE_LOOP('',(#1223,#1224,#1225,#1226));
#197=EDGE_LOOP('',(#1227,#1228,#1229,#1230));
#198=EDGE_LOOP('',(#1231,#1232,#1233,#1234,#1235,#1236,#1237,#1238));
#199=EDGE_LOOP('',(#1239,#1240,#1241,#1242,#1243,#1244,#1245,#1246));
#200=EDGE_LOOP('',(#1247,#1248,#1249,#1250,#1251));
#201=EDGE_LOOP('',(#1252,#1253,#1254,#1255,#1256,#1257));
#202=EDGE_LOOP('',(#1258,#1259,#1260,#1261,#1262,#1263,#1264,#1265,#1266,
#1267));
#203=EDGE_LOOP('',(#1268,#1269,#1270,#1271,#1272,#1273,#1274,#1275,#1276));
#204=EDGE_LOOP('',(#1277,#1278,#1279,#1280));
#205=EDGE_LOOP('',(#1281,#1282,#1283,#1284));
#206=EDGE_LOOP('',(#1285,#1286,#1287,#1288));
#207=EDGE_LOOP('',(#1289,#1290,#1291,#1292));
#208=EDGE_LOOP('',(#1293,#1294,#1295,#1296,#1297,#1298,#1299,#1300,#1301,
#1302,#1303,#1304,#1305,#1306));
#209=EDGE_LOOP('',(#1307,#1308,#1309,#1310));
#210=EDGE_LOOP('',(#1311,#1312,#1313));
#211=EDGE_LOOP('',(#1314,#1315,#1316,#1317));
#212=EDGE_LOOP('',(#1318,#1319,#1320,#1321,#1322));
#213=EDGE_LOOP('',(#1323,#1324,#1325,#1326));
#214=EDGE_LOOP('',(#1327,#1328,#1329,#1330));
#215=EDGE_LOOP('',(#1331,#1332,#1333,#1334,#1335,#1336,#1337,#1338,#1339,
#1340));
#216=EDGE_LOOP('',(#1341,#1342,#1343,#1344));
#217=EDGE_LOOP('',(#1345,#1346,#1347,#1348));
#218=EDGE_LOOP('',(#1349,#1350,#1351,#1352));
#219=EDGE_LOOP('',(#1353,#1354,#1355,#1356,#1357,#1358,#1359,#1360,#1361,
#1362,#1363,#1364,#1365));
#220=EDGE_LOOP('',(#1366,#1367,#1368,#1369));
#221=EDGE_LOOP('',(#1370,#1371,#1372,#1373));
#222=EDGE_LOOP('',(#1374,#1375,#1376,#1377));
#223=EDGE_LOOP('',(#1378,#1379,#1380,#1381));
#224=EDGE_LOOP('',(#1382,#1383,#1384,#1385));
#225=EDGE_LOOP('',(#1386,#1387,#1388,#1389));
#226=EDGE_LOOP('',(#1390,#1391,#1392,#1393));
#227=EDGE_LOOP('',(#1394,#1395,#1396,#1397));
#228=EDGE_LOOP('',(#1398,#1399,#1400,#1401,#1402,#1403,#1404,#1405,#1406,
#1407));
#229=EDGE_LOOP('',(#1408));
#230=EDGE_LOOP('',(#1409));
#231=EDGE_LOOP('',(#1410));
#232=EDGE_LOOP('',(#1411));
#233=EDGE_LOOP('',(#1412));
#234=EDGE_LOOP('',(#1413,#1414,#1415,#1416));
#235=EDGE_LOOP('',(#1417,#1418,#1419,#1420));
#236=EDGE_LOOP('',(#1421,#1422,#1423,#1424));
#237=EDGE_LOOP('',(#1425,#1426,#1427,#1428,#1429,#1430));
#238=EDGE_LOOP('',(#1431,#1432,#1433,#1434));
#239=EDGE_LOOP('',(#1435,#1436,#1437,#1438,#1439,#1440,#1441,#1442));
#240=EDGE_LOOP('',(#1443));
#241=EDGE_LOOP('',(#1444));
#242=EDGE_LOOP('',(#1445));
#243=EDGE_LOOP('',(#1446));
#244=EDGE_LOOP('',(#1447));
#245=EDGE_LOOP('',(#1448,#1449,#1450,#1451));
#246=EDGE_LOOP('',(#1452,#1453,#1454,#1455));
#247=EDGE_LOOP('',(#1456,#1457,#1458,#1459));
#248=EDGE_LOOP('',(#1460,#1461,#1462,#1463));
#249=EDGE_LOOP('',(#1464,#1465,#1466,#1467));
#250=EDGE_LOOP('',(#1468,#1469,#1470,#1471));
#251=EDGE_LOOP('',(#1472,#1473,#1474,#1475));
#252=EDGE_LOOP('',(#1476,#1477,#1478,#1479));
#253=EDGE_LOOP('',(#1480,#1481,#1482,#1483,#1484));
#254=EDGE_LOOP('',(#1485,#1486,#1487));
#255=EDGE_LOOP('',(#1488,#1489,#1490,#1491,#1492,#1493,#1494,#1495,#1496,
#1497));
#256=EDGE_LOOP('',(#1498,#1499,#1500,#1501,#1502));
#257=EDGE_LOOP('',(#1503,#1504,#1505,#1506));
#258=EDGE_LOOP('',(#1507,#1508,#1509,#1510,#1511));
#259=EDGE_LOOP('',(#1512,#1513,#1514,#1515,#1516));
#260=EDGE_LOOP('',(#1517));
#261=EDGE_LOOP('',(#1518,#1519,#1520,#1521,#1522,#1523,#1524));
#262=EDGE_LOOP('',(#1525,#1526,#1527,#1528));
#263=EDGE_LOOP('',(#1529,#1530,#1531,#1532));
#264=EDGE_LOOP('',(#1533,#1534,#1535,#1536));
#265=EDGE_LOOP('',(#1537,#1538,#1539,#1540));
#266=EDGE_LOOP('',(#1541,#1542,#1543,#1544));
#267=EDGE_LOOP('',(#1545,#1546,#1547,#1548,#1549,#1550));
#268=B_SPLINE_CURVE_WITH_KNOTS('',3,(#2356,#2357,#2358,#2359,#2360,#2361,
#2362,#2363,#2364,#2365),.UNSPECIFIED.,.F.,.F.,(4,3,3,4),(0.,0.172274073975264,
0.287123456625441,0.401972839275617),.UNSPECIFIED.);
#269=B_SPLINE_CURVE_WITH_KNOTS('',3,(#2402,#2403,#2404,#2405,#2406,#2407,
#2408,#2409,#2410,#2411),.UNSPECIFIED.,.F.,.F.,(4,3,3,4),(0.,0.114185888376152,
0.228371776752303,0.245190024036992),.UNSPECIFIED.);
#270=B_SPLINE_CURVE_WITH_KNOTS('',3,(#2413,#2414,#2415,#2416),
 .UNSPECIFIED.,.F.,.F.,(4,4),(1.14960015648647,1.14999819851307),
 .UNSPECIFIED.);
#271=B_SPLINE_CURVE_WITH_KNOTS('',3,(#2418,#2419,#2420,#2421,#2422,#2423,
#2424,#2425,#2426,#2427,#2428,#2429,#2430,#2431,#2432,#2433,#2434,#2435,
#2436,#2437,#2438,#2439,#2440,#2441,#2442),.UNSPECIFIED.,.F.,.F.,(4,3,3,
3,3,3,3,3,4),(0.245197052104979,0.267764712787185,0.282690975169695,0.305701362256081,
0.329633041417752,0.341291659337706,0.367230331565312,0.394149160941788,
0.396460473588675),.UNSPECIFIED.);
#272=B_SPLINE_CURVE_WITH_KNOTS('',3,(#2444,#2445,#2446,#2447,#2448,#2449,
#2450,#2451,#2452,#2453,#2454,#2455,#2456,#2457,#2458,#2459),
 .UNSPECIFIED.,.F.,.F.,(4,3,3,3,3,4),(-0.00945464613328424,-0.00773872882151368,
-0.00346895727348508,-0.00170986632747848,-0.000748096929054891,0.),
 .UNSPECIFIED.);
#273=B_SPLINE_CURVE_WITH_KNOTS('',3,(#2463,#2464,#2465,#2466,#2467,#2468,
#2469,#2470,#2471,#2472,#2473,#2474,#2475,#2476,#2477,#2478,#2479,#2480,
#2481),.UNSPECIFIED.,.F.,.F.,(4,3,3,3,3,3,4),(-0.0794305215784001,-0.0629446836453489,
-0.0470898517969217,-0.031888251697259,-0.0257049976865296,-0.0100063418275699,
0.),.UNSPECIFIED.);
#274=B_SPLINE_CURVE_WITH_KNOTS('',3,(#2482,#2483,#2484,#2485),
 .UNSPECIFIED.,.F.,.F.,(4,4),(0.539031237490017,1.15),.UNSPECIFIED.);
#275=B_SPLINE_CURVE_WITH_KNOTS('',3,(#2561,#2562,#2563,#2564),
 .UNSPECIFIED.,.F.,.F.,(4,4),(0.941068315228868,0.944860713517204),
 .UNSPECIFIED.);
#276=B_SPLINE_CURVE_WITH_KNOTS('',3,(#2685,#2686,#2687,#2688),
 .UNSPECIFIED.,.F.,.F.,(4,4),(0.938493411520741,0.944403477933313),
 .UNSPECIFIED.);
#277=B_SPLINE_CURVE_WITH_KNOTS('',3,(#2736,#2737,#2738,#2739,#2740,#2741,
#2742,#2743,#2744,#2745,#2746,#2747,#2748,#2749,#2750,#2751),
 .UNSPECIFIED.,.F.,.F.,(4,2,2,2,2,2,2,4),(0.435668868852058,0.459150369406752,
0.519920153996893,0.580689938587034,0.62607512062153,0.671460302656025,
0.708526473684245,0.745592644712464),.UNSPECIFIED.);
#278=B_SPLINE_CURVE_WITH_KNOTS('',3,(#2753,#2754,#2755,#2756,#2757,#2758,
#2759,#2760,#2761,#2762,#2763,#2764,#2765,#2766,#2767,#2768),
 .UNSPECIFIED.,.F.,.F.,(4,2,2,2,2,2,2,4),(0.,0.0370661710282197,0.0741323420564393,
0.119517524090935,0.16490270612543,0.225672490715571,0.286442275305712,
0.309922651732332),.UNSPECIFIED.);
#279=B_SPLINE_CURVE_WITH_KNOTS('',3,(#2792,#2793,#2794,#2795,#2796,#2797,
#2798,#2799,#2800,#2801,#2802,#2803,#2804,#2805,#2806,#2807,#2808,#2809,
#2810,#2811,#2812,#2813,#2814,#2815,#2816,#2817,#2818,#2819),
 .UNSPECIFIED.,.F.,.F.,(4,2,2,2,2,2,2,2,2,2,2,2,2,4),(0.621214119436922,
0.622758560766868,0.731306362354692,0.785580263148605,0.839854163942517,
0.886996002546409,0.910566921848355,0.934137841150301,0.957708760452248,
0.981279679754194,1.02842151835809,1.082695419152,1.13696931994591,1.24551712153373),
 .UNSPECIFIED.);
#280=B_SPLINE_CURVE_WITH_KNOTS('',3,(#2821,#2822,#2823,#2824),
 .UNSPECIFIED.,.F.,.F.,(4,4),(0.,0.00154444132994592),.UNSPECIFIED.);
#281=B_SPLINE_CURVE_WITH_KNOTS('',3,(#2826,#2827,#2828,#2829,#2830,#2831,
#2832,#2833,#2834,#2835,#2836,#2837,#2838,#2839,#2840,#2841,#2842,#2843,
#2844,#2845,#2846,#2847,#2848,#2849,#2850,#2851),.UNSPECIFIED.,.F.,.F.,
(4,2,2,2,2,2,2,2,2,2,2,2,4),(0.00154444132994592,0.108547801587824,0.162821702381737,
0.217095603175649,0.264237441779541,0.287808361081487,0.311379280383433,
0.334950199685379,0.358521118987326,0.405662957591218,0.45993685838513,
0.514210759179043,0.621214119436922),.UNSPECIFIED.);
#282=B_SPLINE_CURVE_WITH_KNOTS('',3,(#2907,#2908,#2909,#2910,#2911,#2912,
#2913,#2914,#2915,#2916,#2917,#2918,#2919,#2920),.UNSPECIFIED.,.F.,.F.,
(4,2,2,2,2,2,4),(-0.159757536059008,-0.159291709703474,-0.137776596457726,
-0.116301176819557,-0.076502986401219,-0.0379406902178289,0.),
 .UNSPECIFIED.);
#283=B_SPLINE_CURVE_WITH_KNOTS('',3,(#2926,#2927,#2928,#2929,#2930,#2931,
#2932,#2933,#2934,#2935,#2936,#2937,#2938,#2939),.UNSPECIFIED.,.F.,.F.,
(4,2,2,2,2,2,4),(-0.000466309426210055,0.,0.0215374247292344,0.0430351146908716,
0.0828745765622204,0.121476862632282,0.159456898158094),.UNSPECIFIED.);
#284=CIRCLE('',#1704,0.55);
#285=CIRCLE('',#1705,3.5);
#286=CIRCLE('',#1706,1.);
#287=CIRCLE('',#1707,7.5);
#288=CIRCLE('',#1708,1.25);
#289=CIRCLE('',#1709,1.);
#290=CIRCLE('',#1710,1.);
#291=CIRCLE('',#1711,3.5);
#292=CIRCLE('',#1712,2.5);
#293=CIRCLE('',#1719,2.5);
#294=CIRCLE('',#1724,7.5);
#295=CIRCLE('',#1725,1.);
#296=CIRCLE('',#1726,1.);
#297=CIRCLE('',#1727,1.25);
#298=CIRCLE('',#1757,1.);
#299=CIRCLE('',#1761,3.5);
#300=CIRCLE('',#1762,3.5);
#301=CIRCLE('',#1766,0.55);
#302=CIRCLE('',#1769,2.5);
#303=CIRCLE('',#1770,2.5);
#304=CIRCLE('',#1782,0.999999999999996);
#305=CIRCLE('',#1783,1.25);
#306=CIRCLE('',#1784,1.25);
#307=CIRCLE('',#1788,10.5);
#308=CIRCLE('',#1789,11.5);
#309=CIRCLE('',#1793,10.5);
#310=CIRCLE('',#1797,1.5);
#311=CIRCLE('',#1798,1.5);
#312=CIRCLE('',#1799,3.5);
#313=CIRCLE('',#1800,3.5);
#314=CIRCLE('',#1801,1.5);
#315=CIRCLE('',#1802,1.5);
#316=CIRCLE('',#1803,1.25);
#317=CIRCLE('',#1804,2.5);
#318=CIRCLE('',#1805,1.25);
#319=CIRCLE('',#1806,1.25);
#320=CIRCLE('',#1807,1.25);
#321=CIRCLE('',#1811,6.68959021068179);
#322=CIRCLE('',#1812,6.68959021068179);
#323=CIRCLE('',#1815,1.5);
#324=CIRCLE('',#1817,1.5);
#325=CIRCLE('',#1818,1.25);
#326=CIRCLE('',#1819,1.25);
#327=CIRCLE('',#1820,1.25);
#328=CIRCLE('',#1821,2.5);
#329=CIRCLE('',#1822,1.25);
#330=CIRCLE('',#1825,0.55);
#331=CIRCLE('',#1831,1.);
#332=CIRCLE('',#1838,0.25);
#333=CIRCLE('',#1839,1.);
#334=CIRCLE('',#1840,1.25);
#335=CIRCLE('',#1841,1.25);
#336=LINE('',#2310,#496);
#337=LINE('',#2312,#497);
#338=LINE('',#2314,#498);
#339=LINE('',#2316,#499);
#340=LINE('',#2320,#500);
#341=LINE('',#2322,#501);
#342=LINE('',#2326,#502);
#343=LINE('',#2328,#503);
#344=LINE('',#2332,#504);
#345=LINE('',#2336,#505);
#346=LINE('',#2340,#506);
#347=LINE('',#2344,#507);
#348=LINE('',#2346,#508);
#349=LINE('',#2348,#509);
#350=LINE('',#2350,#510);
#351=LINE('',#2354,#511);
#352=LINE('',#2366,#512);
#353=LINE('',#2371,#513);
#354=LINE('',#2372,#514);
#355=LINE('',#2400,#515);
#356=LINE('',#2461,#516);
#357=LINE('',#2491,#517);
#358=LINE('',#2495,#518);
#359=LINE('',#2497,#519);
#360=LINE('',#2499,#520);
#361=LINE('',#2503,#521);
#362=LINE('',#2505,#522);
#363=LINE('',#2509,#523);
#364=LINE('',#2511,#524);
#365=LINE('',#2513,#525);
#366=LINE('',#2514,#526);
#367=LINE('',#2515,#527);
#368=LINE('',#2522,#528);
#369=LINE('',#2524,#529);
#370=LINE('',#2528,#530);
#371=LINE('',#2529,#531);
#372=LINE('',#2532,#532);
#373=LINE('',#2533,#533);
#374=LINE('',#2537,#534);
#375=LINE('',#2540,#535);
#376=LINE('',#2544,#536);
#377=LINE('',#2546,#537);
#378=LINE('',#2548,#538);
#379=LINE('',#2550,#539);
#380=LINE('',#2554,#540);
#381=LINE('',#2565,#541);
#382=LINE('',#2566,#542);
#383=LINE('',#2584,#543);
#384=LINE('',#2595,#544);
#385=LINE('',#2596,#545);
#386=LINE('',#2599,#546);
#387=LINE('',#2600,#547);
#388=LINE('',#2602,#548);
#389=LINE('',#2605,#549);
#390=LINE('',#2606,#550);
#391=LINE('',#2609,#551);
#392=LINE('',#2610,#552);
#393=LINE('',#2613,#553);
#394=LINE('',#2614,#554);
#395=LINE('',#2623,#555);
#396=LINE('',#2626,#556);
#397=LINE('',#2627,#557);
#398=LINE('',#2630,#558);
#399=LINE('',#2631,#559);
#400=LINE('',#2640,#560);
#401=LINE('',#2643,#561);
#402=LINE('',#2645,#562);
#403=LINE('',#2646,#563);
#404=LINE('',#2649,#564);
#405=LINE('',#2650,#565);
#406=LINE('',#2654,#566);
#407=LINE('',#2655,#567);
#408=LINE('',#2656,#568);
#409=LINE('',#2666,#569);
#410=LINE('',#2670,#570);
#411=LINE('',#2671,#571);
#412=LINE('',#2681,#572);
#413=LINE('',#2691,#573);
#414=LINE('',#2692,#574);
#415=LINE('',#2694,#575);
#416=LINE('',#2695,#576);
#417=LINE('',#2697,#577);
#418=LINE('',#2700,#578);
#419=LINE('',#2702,#579);
#420=LINE('',#2704,#580);
#421=LINE('',#2706,#581);
#422=LINE('',#2707,#582);
#423=LINE('',#2710,#583);
#424=LINE('',#2715,#584);
#425=LINE('',#2716,#585);
#426=LINE('',#2717,#586);
#427=LINE('',#2719,#587);
#428=LINE('',#2720,#588);
#429=LINE('',#2722,#589);
#430=LINE('',#2724,#590);
#431=LINE('',#2726,#591);
#432=LINE('',#2727,#592);
#433=LINE('',#2730,#593);
#434=LINE('',#2732,#594);
#435=LINE('',#2772,#595);
#436=LINE('',#2773,#596);
#437=LINE('',#2776,#597);
#438=LINE('',#2777,#598);
#439=LINE('',#2780,#599);
#440=LINE('',#2784,#600);
#441=LINE('',#2785,#601);
#442=LINE('',#2790,#602);
#443=LINE('',#2825,#603);
#444=LINE('',#2854,#604);
#445=LINE('',#2858,#605);
#446=LINE('',#2860,#606);
#447=LINE('',#2861,#607);
#448=LINE('',#2864,#608);
#449=LINE('',#2866,#609);
#450=LINE('',#2867,#610);
#451=LINE('',#2870,#611);
#452=LINE('',#2871,#612);
#453=LINE('',#2874,#613);
#454=LINE('',#2876,#614);
#455=LINE('',#2877,#615);
#456=LINE('',#2880,#616);
#457=LINE('',#2882,#617);
#458=LINE('',#2883,#618);
#459=LINE('',#2886,#619);
#460=LINE('',#2889,#620);
#461=LINE('',#2890,#621);
#462=LINE('',#2893,#622);
#463=LINE('',#2894,#623);
#464=LINE('',#2897,#624);
#465=LINE('',#2904,#625);
#466=LINE('',#2906,#626);
#467=LINE('',#2941,#627);
#468=LINE('',#2942,#628);
#469=LINE('',#2945,#629);
#470=LINE('',#2946,#630);
#471=LINE('',#2949,#631);
#472=LINE('',#2952,#632);
#473=LINE('',#2954,#633);
#474=LINE('',#2955,#634);
#475=LINE('',#2964,#635);
#476=LINE('',#2981,#636);
#477=LINE('',#2987,#637);
#478=LINE('',#2989,#638);
#479=LINE('',#3008,#639);
#480=LINE('',#3011,#640);
#481=LINE('',#3014,#641);
#482=LINE('',#3015,#642);
#483=LINE('',#3017,#643);
#484=LINE('',#3019,#644);
#485=LINE('',#3023,#645);
#486=LINE('',#3026,#646);
#487=LINE('',#3028,#647);
#488=LINE('',#3031,#648);
#489=LINE('',#3033,#649);
#490=LINE('',#3071,#650);
#491=LINE('',#3073,#651);
#492=LINE('',#3075,#652);
#493=LINE('',#3077,#653);
#494=LINE('',#3079,#654);
#495=LINE('',#3081,#655);
#496=VECTOR('',#1854,10.);
#497=VECTOR('',#1855,10.);
#498=VECTOR('',#1856,10.);
#499=VECTOR('',#1857,10.);
#500=VECTOR('',#1860,10.);
#501=VECTOR('',#1861,10.);
#502=VECTOR('',#1864,10.);
#503=VECTOR('',#1865,10.);
#504=VECTOR('',#1868,10.);
#505=VECTOR('',#1871,10.);
#506=VECTOR('',#1874,10.);
#507=VECTOR('',#1877,10.);
#508=VECTOR('',#1878,10.);
#509=VECTOR('',#1879,10.);
#510=VECTOR('',#1880,10.);
#511=VECTOR('',#1883,10.);
#512=VECTOR('',#1884,10.);
#513=VECTOR('',#1887,10.);
#514=VECTOR('',#1888,10.);
#515=VECTOR('',#1891,10.);
#516=VECTOR('',#1892,10.);
#517=VECTOR('',#1897,10.);
#518=VECTOR('',#1900,10.);
#519=VECTOR('',#1901,10.);
#520=VECTOR('',#1902,10.);
#521=VECTOR('',#1905,10.);
#522=VECTOR('',#1906,10.);
#523=VECTOR('',#1909,10.);
#524=VECTOR('',#1910,10.);
#525=VECTOR('',#1911,10.);
#526=VECTOR('',#1912,10.);
#527=VECTOR('',#1913,10.);
#528=VECTOR('',#1918,10.);
#529=VECTOR('',#1919,10.);
#530=VECTOR('',#1924,10.);
#531=VECTOR('',#1925,10.);
#532=VECTOR('',#1928,10.);
#533=VECTOR('',#1929,10.);
#534=VECTOR('',#1932,10.);
#535=VECTOR('',#1935,10.);
#536=VECTOR('',#1938,10.);
#537=VECTOR('',#1939,10.);
#538=VECTOR('',#1940,10.);
#539=VECTOR('',#1941,10.);
#540=VECTOR('',#1944,10.);
#541=VECTOR('',#1951,10.);
#542=VECTOR('',#1952,10.);
#543=VECTOR('',#1955,10.);
#544=VECTOR('',#1960,10.);
#545=VECTOR('',#1961,10.);
#546=VECTOR('',#1964,10.);
#547=VECTOR('',#1965,10.);
#548=VECTOR('',#1968,10.);
#549=VECTOR('',#1971,10.);
#550=VECTOR('',#1972,10.);
#551=VECTOR('',#1975,10.);
#552=VECTOR('',#1976,10.);
#553=VECTOR('',#1979,10.);
#554=VECTOR('',#1980,10.);
#555=VECTOR('',#1983,10.);
#556=VECTOR('',#1986,10.);
#557=VECTOR('',#1987,10.);
#558=VECTOR('',#1990,10.);
#559=VECTOR('',#1991,10.);
#560=VECTOR('',#1994,10.);
#561=VECTOR('',#1997,10.);
#562=VECTOR('',#1998,10.);
#563=VECTOR('',#1999,10.);
#564=VECTOR('',#2002,10.);
#565=VECTOR('',#2003,10.);
#566=VECTOR('',#2006,10.);
#567=VECTOR('',#2007,10.);
#568=VECTOR('',#2008,10.);
#569=VECTOR('',#2011,10.);
#570=VECTOR('',#2016,10.);
#571=VECTOR('',#2017,10.);
#572=VECTOR('',#2020,10.);
#573=VECTOR('',#2029,10.);
#574=VECTOR('',#2030,10.);
#575=VECTOR('',#2033,10.);
#576=VECTOR('',#2034,10.);
#577=VECTOR('',#2037,10.);
#578=VECTOR('',#2040,10.);
#579=VECTOR('',#2041,10.);
#580=VECTOR('',#2042,10.);
#581=VECTOR('',#2043,10.);
#582=VECTOR('',#2044,10.);
#583=VECTOR('',#2047,10.);
#584=VECTOR('',#2052,10.);
#585=VECTOR('',#2053,10.);
#586=VECTOR('',#2054,10.);
#587=VECTOR('',#2057,10.);
#588=VECTOR('',#2058,10.);
#589=VECTOR('',#2059,10.);
#590=VECTOR('',#2060,10.);
#591=VECTOR('',#2061,10.);
#592=VECTOR('',#2062,10.);
#593=VECTOR('',#2065,3.5);
#594=VECTOR('',#2066,3.5);
#595=VECTOR('',#2073,3.5);
#596=VECTOR('',#2074,10.);
#597=VECTOR('',#2077,10.);
#598=VECTOR('',#2078,10.);
#599=VECTOR('',#2081,10.);
#600=VECTOR('',#2086,10.);
#601=VECTOR('',#2087,10.);
#602=VECTOR('',#2092,2.5);
#603=VECTOR('',#2093,2.5);
#604=VECTOR('',#2098,10.);
#605=VECTOR('',#2103,10.);
#606=VECTOR('',#2104,10.);
#607=VECTOR('',#2105,10.);
#608=VECTOR('',#2108,10.);
#609=VECTOR('',#2109,10.);
#610=VECTOR('',#2110,10.);
#611=VECTOR('',#2113,10.);
#612=VECTOR('',#2114,10.);
#613=VECTOR('',#2117,10.);
#614=VECTOR('',#2118,10.);
#615=VECTOR('',#2119,10.);
#616=VECTOR('',#2122,10.);
#617=VECTOR('',#2123,10.);
#618=VECTOR('',#2124,10.);
#619=VECTOR('',#2129,10.);
#620=VECTOR('',#2132,10.);
#621=VECTOR('',#2133,10.);
#622=VECTOR('',#2136,10.);
#623=VECTOR('',#2137,10.);
#624=VECTOR('',#2140,10.);
#625=VECTOR('',#2149,10.);
#626=VECTOR('',#2150,10.);
#627=VECTOR('',#2159,10.);
#628=VECTOR('',#2160,10.);
#629=VECTOR('',#2163,10.);
#630=VECTOR('',#2164,10.);
#631=VECTOR('',#2167,10.);
#632=VECTOR('',#2172,10.);
#633=VECTOR('',#2175,10.);
#634=VECTOR('',#2176,10.);
#635=VECTOR('',#2185,10.);
#636=VECTOR('',#2204,10.);
#637=VECTOR('',#2211,10.);
#638=VECTOR('',#2214,10.);
#639=VECTOR('',#2239,10.);
#640=VECTOR('',#2242,10.);
#641=VECTOR('',#2245,10.);
#642=VECTOR('',#2246,3.5);
#643=VECTOR('',#2249,10.);
#644=VECTOR('',#2252,10.);
#645=VECTOR('',#2257,10.);
#646=VECTOR('',#2262,10.);
#647=VECTOR('',#2265,10.);
#648=VECTOR('',#2270,10.);
#649=VECTOR('',#2273,10.);
#650=VECTOR('',#2288,1.25);
#651=VECTOR('',#2291,1.25);
#652=VECTOR('',#2294,2.5);
#653=VECTOR('',#2297,1.25);
#654=VECTOR('',#2300,1.25);
#655=VECTOR('',#2303,1.25);
#656=VERTEX_POINT('',#2308);
#657=VERTEX_POINT('',#2309);
#658=VERTEX_POINT('',#2311);
#659=VERTEX_POINT('',#2313);
#660=VERTEX_POINT('',#2315);
#661=VERTEX_POINT('',#2317);
#662=VERTEX_POINT('',#2319);
#663=VERTEX_POINT('',#2321);
#664=VERTEX_POINT('',#2323);
#665=VERTEX_POINT('',#2325);
#666=VERTEX_POINT('',#2327);
#667=VERTEX_POINT('',#2329);
#668=VERTEX_POINT('',#2331);
#669=VERTEX_POINT('',#2333);
#670=VERTEX_POINT('',#2335);
#671=VERTEX_POINT('',#2337);
#672=VERTEX_POINT('',#2339);
#673=VERTEX_POINT('',#2341);
#674=VERTEX_POINT('',#2343);
#675=VERTEX_POINT('',#2345);
#676=VERTEX_POINT('',#2347);
#677=VERTEX_POINT('',#2349);
#678=VERTEX_POINT('',#2351);
#679=VERTEX_POINT('',#2353);
#680=VERTEX_POINT('',#2355);
#681=VERTEX_POINT('',#2367);
#682=VERTEX_POINT('',#2368);
#683=VERTEX_POINT('',#2370);
#684=VERTEX_POINT('',#2373);
#685=VERTEX_POINT('',#2399);
#686=VERTEX_POINT('',#2401);
#687=VERTEX_POINT('',#2412);
#688=VERTEX_POINT('',#2417);
#689=VERTEX_POINT('',#2443);
#690=VERTEX_POINT('',#2460);
#691=VERTEX_POINT('',#2462);
#692=VERTEX_POINT('',#2487);
#693=VERTEX_POINT('',#2488);
#694=VERTEX_POINT('',#2490);
#695=VERTEX_POINT('',#2492);
#696=VERTEX_POINT('',#2494);
#697=VERTEX_POINT('',#2496);
#698=VERTEX_POINT('',#2498);
#699=VERTEX_POINT('',#2500);
#700=VERTEX_POINT('',#2502);
#701=VERTEX_POINT('',#2504);
#702=VERTEX_POINT('',#2506);
#703=VERTEX_POINT('',#2508);
#704=VERTEX_POINT('',#2510);
#705=VERTEX_POINT('',#2512);
#706=VERTEX_POINT('',#2516);
#707=VERTEX_POINT('',#2517);
#708=VERTEX_POINT('',#2520);
#709=VERTEX_POINT('',#2521);
#710=VERTEX_POINT('',#2523);
#711=VERTEX_POINT('',#2527);
#712=VERTEX_POINT('',#2531);
#713=VERTEX_POINT('',#2535);
#714=VERTEX_POINT('',#2536);
#715=VERTEX_POINT('',#2539);
#716=VERTEX_POINT('',#2541);
#717=VERTEX_POINT('',#2543);
#718=VERTEX_POINT('',#2545);
#719=VERTEX_POINT('',#2547);
#720=VERTEX_POINT('',#2549);
#721=VERTEX_POINT('',#2551);
#722=VERTEX_POINT('',#2553);
#723=VERTEX_POINT('',#2557);
#724=VERTEX_POINT('',#2558);
#725=VERTEX_POINT('',#2560);
#726=VERTEX_POINT('',#2581);
#727=VERTEX_POINT('',#2582);
#728=VERTEX_POINT('',#2592);
#729=VERTEX_POINT('',#2593);
#730=VERTEX_POINT('',#2598);
#731=VERTEX_POINT('',#2604);
#732=VERTEX_POINT('',#2608);
#733=VERTEX_POINT('',#2612);
#734=VERTEX_POINT('',#2621);
#735=VERTEX_POINT('',#2625);
#736=VERTEX_POINT('',#2629);
#737=VERTEX_POINT('',#2638);
#738=VERTEX_POINT('',#2642);
#739=VERTEX_POINT('',#2644);
#740=VERTEX_POINT('',#2648);
#741=VERTEX_POINT('',#2652);
#742=VERTEX_POINT('',#2653);
#743=VERTEX_POINT('',#2663);
#744=VERTEX_POINT('',#2665);
#745=VERTEX_POINT('',#2669);
#746=VERTEX_POINT('',#2678);
#747=VERTEX_POINT('',#2680);
#748=VERTEX_POINT('',#2684);
#749=VERTEX_POINT('',#2699);
#750=VERTEX_POINT('',#2701);
#751=VERTEX_POINT('',#2703);
#752=VERTEX_POINT('',#2705);
#753=VERTEX_POINT('',#2709);
#754=VERTEX_POINT('',#2713);
#755=VERTEX_POINT('',#2714);
#756=VERTEX_POINT('',#2721);
#757=VERTEX_POINT('',#2723);
#758=VERTEX_POINT('',#2725);
#759=VERTEX_POINT('',#2729);
#760=VERTEX_POINT('',#2731);
#761=VERTEX_POINT('',#2733);
#762=VERTEX_POINT('',#2735);
#763=VERTEX_POINT('',#2752);
#764=VERTEX_POINT('',#2771);
#765=VERTEX_POINT('',#2775);
#766=VERTEX_POINT('',#2779);
#767=VERTEX_POINT('',#2783);
#768=VERTEX_POINT('',#2787);
#769=VERTEX_POINT('',#2789);
#770=VERTEX_POINT('',#2791);
#771=VERTEX_POINT('',#2820);
#772=VERTEX_POINT('',#2857);
#773=VERTEX_POINT('',#2859);
#774=VERTEX_POINT('',#2863);
#775=VERTEX_POINT('',#2865);
#776=VERTEX_POINT('',#2869);
#777=VERTEX_POINT('',#2873);
#778=VERTEX_POINT('',#2875);
#779=VERTEX_POINT('',#2879);
#780=VERTEX_POINT('',#2881);
#781=VERTEX_POINT('',#2888);
#782=VERTEX_POINT('',#2892);
#783=VERTEX_POINT('',#2895);
#784=VERTEX_POINT('',#2898);
#785=VERTEX_POINT('',#2903);
#786=VERTEX_POINT('',#2905);
#787=VERTEX_POINT('',#2922);
#788=VERTEX_POINT('',#2924);
#789=VERTEX_POINT('',#2944);
#790=VERTEX_POINT('',#2948);
#791=VERTEX_POINT('',#2957);
#792=VERTEX_POINT('',#2959);
#793=VERTEX_POINT('',#2961);
#794=VERTEX_POINT('',#2963);
#795=VERTEX_POINT('',#2965);
#796=VERTEX_POINT('',#2967);
#797=VERTEX_POINT('',#2970);
#798=VERTEX_POINT('',#2972);
#799=VERTEX_POINT('',#2974);
#800=VERTEX_POINT('',#2976);
#801=VERTEX_POINT('',#2978);
#802=VERTEX_POINT('',#2984);
#803=VERTEX_POINT('',#2985);
#804=VERTEX_POINT('',#2995);
#805=VERTEX_POINT('',#2997);
#806=VERTEX_POINT('',#2999);
#807=VERTEX_POINT('',#3001);
#808=VERTEX_POINT('',#3003);
#809=VERTEX_POINT('',#3007);
#810=VERTEX_POINT('',#3009);
#811=VERTEX_POINT('',#3013);
#812=VERTEX_POINT('',#3022);
#813=VERTEX_POINT('',#3062);
#814=VERTEX_POINT('',#3064);
#815=VERTEX_POINT('',#3066);
#816=EDGE_CURVE('',#656,#657,#336,.T.);
#817=EDGE_CURVE('',#657,#658,#337,.T.);
#818=EDGE_CURVE('',#658,#659,#338,.T.);
#819=EDGE_CURVE('',#660,#659,#339,.T.);
#820=EDGE_CURVE('',#661,#660,#284,.T.);
#821=EDGE_CURVE('',#662,#661,#340,.T.);
#822=EDGE_CURVE('',#663,#662,#341,.T.);
#823=EDGE_CURVE('',#663,#664,#285,.T.);
#824=EDGE_CURVE('',#664,#665,#342,.T.);
#825=EDGE_CURVE('',#666,#665,#343,.T.);
#826=EDGE_CURVE('',#667,#666,#286,.T.);
#827=EDGE_CURVE('',#668,#667,#344,.T.);
#828=EDGE_CURVE('',#668,#669,#287,.T.);
#829=EDGE_CURVE('',#669,#670,#345,.T.);
#830=EDGE_CURVE('',#671,#670,#288,.T.);
#831=EDGE_CURVE('',#671,#672,#346,.T.);
#832=EDGE_CURVE('',#673,#672,#289,.T.);
#833=EDGE_CURVE('',#673,#674,#347,.T.);
#834=EDGE_CURVE('',#675,#674,#348,.T.);
#835=EDGE_CURVE('',#675,#676,#349,.T.);
#836=EDGE_CURVE('',#676,#677,#350,.T.);
#837=EDGE_CURVE('',#678,#677,#290,.T.);
#838=EDGE_CURVE('',#678,#679,#351,.T.);
#839=EDGE_CURVE('',#680,#679,#268,.T.);
#840=EDGE_CURVE('',#680,#656,#352,.T.);
#841=EDGE_CURVE('',#681,#682,#291,.T.);
#842=EDGE_CURVE('',#682,#683,#353,.T.);
#843=EDGE_CURVE('',#681,#683,#354,.T.);
#844=EDGE_CURVE('',#684,#684,#292,.T.);
#845=EDGE_CURVE('',#685,#679,#355,.F.);
#846=EDGE_CURVE('',#685,#686,#269,.T.);
#847=EDGE_CURVE('',#687,#686,#270,.T.);
#848=EDGE_CURVE('',#687,#688,#271,.T.);
#849=EDGE_CURVE('',#688,#689,#272,.T.);
#850=EDGE_CURVE('',#690,#689,#356,.T.);
#851=EDGE_CURVE('',#690,#691,#273,.T.);
#852=EDGE_CURVE('',#691,#680,#274,.T.);
#853=EDGE_CURVE('',#692,#693,#48,.T.);
#854=EDGE_CURVE('',#693,#694,#357,.T.);
#855=EDGE_CURVE('',#694,#695,#49,.T.);
#856=EDGE_CURVE('',#695,#696,#358,.T.);
#857=EDGE_CURVE('',#696,#697,#359,.T.);
#858=EDGE_CURVE('',#697,#698,#360,.T.);
#859=EDGE_CURVE('',#698,#699,#50,.T.);
#860=EDGE_CURVE('',#699,#700,#361,.T.);
#861=EDGE_CURVE('',#700,#701,#362,.T.);
#862=EDGE_CURVE('',#701,#702,#51,.T.);
#863=EDGE_CURVE('',#702,#703,#363,.T.);
#864=EDGE_CURVE('',#703,#704,#364,.T.);
#865=EDGE_CURVE('',#704,#705,#365,.T.);
#866=EDGE_CURVE('',#705,#688,#366,.T.);
#867=EDGE_CURVE('',#692,#687,#367,.T.);
#868=EDGE_CURVE('',#706,#707,#52,.T.);
#869=EDGE_CURVE('',#707,#706,#293,.T.);
#870=EDGE_CURVE('',#708,#709,#368,.T.);
#871=EDGE_CURVE('',#709,#710,#369,.T.);
#872=EDGE_CURVE('',#710,#708,#53,.T.);
#873=EDGE_CURVE('',#711,#705,#370,.T.);
#874=EDGE_CURVE('',#689,#711,#371,.T.);
#875=EDGE_CURVE('',#686,#712,#372,.T.);
#876=EDGE_CURVE('',#692,#712,#373,.T.);
#877=EDGE_CURVE('',#713,#714,#374,.T.);
#878=EDGE_CURVE('',#714,#712,#294,.T.);
#879=EDGE_CURVE('',#685,#715,#375,.T.);
#880=EDGE_CURVE('',#716,#715,#295,.T.);
#881=EDGE_CURVE('',#716,#717,#376,.T.);
#882=EDGE_CURVE('',#717,#718,#377,.T.);
#883=EDGE_CURVE('',#719,#718,#378,.T.);
#884=EDGE_CURVE('',#719,#720,#379,.T.);
#885=EDGE_CURVE('',#721,#720,#296,.T.);
#886=EDGE_CURVE('',#721,#722,#380,.T.);
#887=EDGE_CURVE('',#713,#722,#297,.T.);
#888=EDGE_CURVE('',#723,#724,#54,.T.);
#889=EDGE_CURVE('',#725,#723,#275,.T.);
#890=EDGE_CURVE('',#725,#706,#381,.T.);
#891=EDGE_CURVE('',#724,#707,#382,.T.);
#892=EDGE_CURVE('',#726,#727,#55,.T.);
#893=EDGE_CURVE('',#724,#726,#383,.T.);
#894=EDGE_CURVE('',#727,#725,#56,.T.);
#895=EDGE_CURVE('',#728,#729,#57,.T.);
#896=EDGE_CURVE('',#728,#708,#384,.T.);
#897=EDGE_CURVE('',#729,#710,#385,.T.);
#898=EDGE_CURVE('',#729,#730,#386,.T.);
#899=EDGE_CURVE('',#730,#709,#387,.T.);
#900=EDGE_CURVE('',#730,#728,#388,.T.);
#901=EDGE_CURVE('',#711,#731,#389,.T.);
#902=EDGE_CURVE('',#731,#704,#390,.T.);
#903=EDGE_CURVE('',#731,#732,#391,.T.);
#904=EDGE_CURVE('',#732,#703,#392,.T.);
#905=EDGE_CURVE('',#732,#733,#393,.T.);
#906=EDGE_CURVE('',#733,#702,#394,.T.);
#907=EDGE_CURVE('',#733,#734,#58,.T.);
#908=EDGE_CURVE('',#734,#701,#395,.T.);
#909=EDGE_CURVE('',#734,#735,#396,.T.);
#910=EDGE_CURVE('',#735,#700,#397,.T.);
#911=EDGE_CURVE('',#735,#736,#398,.T.);
#912=EDGE_CURVE('',#736,#699,#399,.T.);
#913=EDGE_CURVE('',#736,#737,#59,.T.);
#914=EDGE_CURVE('',#737,#698,#400,.T.);
#915=EDGE_CURVE('',#737,#738,#401,.T.);
#916=EDGE_CURVE('',#739,#697,#402,.T.);
#917=EDGE_CURVE('',#738,#739,#403,.T.);
#918=EDGE_CURVE('',#739,#740,#404,.T.);
#919=EDGE_CURVE('',#740,#696,#405,.T.);
#920=EDGE_CURVE('',#741,#742,#406,.T.);
#921=EDGE_CURVE('',#740,#741,#407,.T.);
#922=EDGE_CURVE('',#742,#695,#408,.T.);
#923=EDGE_CURVE('',#742,#743,#60,.T.);
#924=EDGE_CURVE('',#744,#694,#409,.T.);
#925=EDGE_CURVE('',#743,#744,#61,.T.);
#926=EDGE_CURVE('',#744,#745,#410,.T.);
#927=EDGE_CURVE('',#745,#693,#411,.T.);
#928=EDGE_CURVE('',#745,#746,#62,.T.);
#929=EDGE_CURVE('',#747,#692,#412,.T.);
#930=EDGE_CURVE('',#746,#747,#63,.T.);
#931=EDGE_CURVE('',#748,#726,#276,.T.);
#932=EDGE_CURVE('',#724,#748,#64,.T.);
#933=EDGE_CURVE('',#670,#713,#413,.T.);
#934=EDGE_CURVE('',#669,#714,#414,.T.);
#935=EDGE_CURVE('',#729,#682,#415,.T.);
#936=EDGE_CURVE('',#681,#728,#416,.T.);
#937=EDGE_CURVE('',#668,#745,#417,.T.);
#938=EDGE_CURVE('',#744,#749,#418,.T.);
#939=EDGE_CURVE('',#750,#667,#419,.T.);
#940=EDGE_CURVE('',#750,#751,#420,.T.);
#941=EDGE_CURVE('',#751,#752,#421,.T.);
#942=EDGE_CURVE('',#752,#749,#422,.T.);
#943=EDGE_CURVE('',#753,#742,#423,.T.);
#944=EDGE_CURVE('',#749,#753,#298,.T.);
#945=EDGE_CURVE('',#754,#755,#424,.T.);
#946=EDGE_CURVE('',#755,#740,#425,.T.);
#947=EDGE_CURVE('',#753,#754,#426,.T.);
#948=EDGE_CURVE('',#737,#664,#427,.T.);
#949=EDGE_CURVE('',#739,#755,#428,.T.);
#950=EDGE_CURVE('',#754,#756,#429,.T.);
#951=EDGE_CURVE('',#756,#757,#430,.T.);
#952=EDGE_CURVE('',#757,#758,#431,.T.);
#953=EDGE_CURVE('',#665,#758,#432,.T.);
#954=EDGE_CURVE('',#759,#736,#433,.T.);
#955=EDGE_CURVE('',#663,#760,#434,.T.);
#956=EDGE_CURVE('',#760,#761,#299,.T.);
#957=EDGE_CURVE('',#761,#762,#277,.T.);
#958=EDGE_CURVE('',#762,#763,#278,.T.);
#959=EDGE_CURVE('',#763,#759,#300,.T.);
#960=EDGE_CURVE('',#735,#764,#435,.T.);
#961=EDGE_CURVE('',#759,#764,#436,.T.);
#962=EDGE_CURVE('',#734,#765,#437,.T.);
#963=EDGE_CURVE('',#764,#765,#438,.T.);
#964=EDGE_CURVE('',#766,#733,#439,.T.);
#965=EDGE_CURVE('',#765,#766,#301,.T.);
#966=EDGE_CURVE('',#767,#732,#440,.T.);
#967=EDGE_CURVE('',#766,#767,#441,.T.);
#968=EDGE_CURVE('',#768,#723,#302,.T.);
#969=EDGE_CURVE('',#768,#769,#442,.T.);
#970=EDGE_CURVE('',#769,#770,#279,.T.);
#971=EDGE_CURVE('',#770,#771,#280,.T.);
#972=EDGE_CURVE('',#771,#684,#443,.T.);
#973=EDGE_CURVE('',#771,#769,#281,.T.);
#974=EDGE_CURVE('',#748,#768,#303,.T.);
#975=EDGE_CURVE('',#730,#683,#444,.T.);
#976=EDGE_CURVE('',#772,#658,#445,.T.);
#977=EDGE_CURVE('',#773,#772,#446,.T.);
#978=EDGE_CURVE('',#659,#773,#447,.T.);
#979=EDGE_CURVE('',#731,#774,#448,.T.);
#980=EDGE_CURVE('',#775,#767,#449,.T.);
#981=EDGE_CURVE('',#774,#775,#450,.T.);
#982=EDGE_CURVE('',#776,#657,#451,.T.);
#983=EDGE_CURVE('',#776,#772,#452,.T.);
#984=EDGE_CURVE('',#777,#775,#453,.T.);
#985=EDGE_CURVE('',#778,#777,#454,.T.);
#986=EDGE_CURVE('',#778,#774,#455,.T.);
#987=EDGE_CURVE('',#779,#777,#456,.T.);
#988=EDGE_CURVE('',#780,#763,#457,.T.);
#989=EDGE_CURVE('',#779,#780,#458,.T.);
#990=EDGE_CURVE('',#711,#778,#459,.T.);
#991=EDGE_CURVE('',#781,#656,#460,.T.);
#992=EDGE_CURVE('',#781,#776,#461,.T.);
#993=EDGE_CURVE('',#778,#782,#462,.T.);
#994=EDGE_CURVE('',#782,#779,#463,.T.);
#995=EDGE_CURVE('',#780,#783,#304,.T.);
#996=EDGE_CURVE('',#783,#781,#464,.T.);
#997=EDGE_CURVE('',#691,#784,#305,.T.);
#998=EDGE_CURVE('',#784,#690,#306,.T.);
#999=EDGE_CURVE('',#785,#716,#465,.T.);
#1000=EDGE_CURVE('',#715,#786,#466,.T.);
#1001=EDGE_CURVE('',#786,#785,#282,.T.);
#1002=EDGE_CURVE('',#787,#785,#307,.T.);
#1003=EDGE_CURVE('',#786,#788,#308,.T.);
#1004=EDGE_CURVE('',#788,#787,#283,.T.);
#1005=EDGE_CURVE('',#788,#678,#467,.T.);
#1006=EDGE_CURVE('',#677,#787,#468,.T.);
#1007=EDGE_CURVE('',#785,#789,#469,.T.);
#1008=EDGE_CURVE('',#789,#717,#470,.T.);
#1009=EDGE_CURVE('',#790,#787,#471,.T.);
#1010=EDGE_CURVE('',#790,#789,#309,.T.);
#1011=EDGE_CURVE('',#790,#676,#472,.T.);
#1012=EDGE_CURVE('',#672,#721,#473,.T.);
#1013=EDGE_CURVE('',#720,#673,#474,.T.);
#1014=EDGE_CURVE('',#791,#719,#310,.T.);
#1015=EDGE_CURVE('',#792,#791,#311,.T.);
#1016=EDGE_CURVE('',#792,#793,#312,.T.);
#1017=EDGE_CURVE('',#793,#794,#475,.T.);
#1018=EDGE_CURVE('',#794,#795,#313,.T.);
#1019=EDGE_CURVE('',#796,#795,#314,.T.);
#1020=EDGE_CURVE('',#674,#796,#315,.T.);
#1021=EDGE_CURVE('',#797,#797,#316,.T.);
#1022=EDGE_CURVE('',#798,#798,#317,.T.);
#1023=EDGE_CURVE('',#799,#799,#318,.T.);
#1024=EDGE_CURVE('',#800,#800,#319,.T.);
#1025=EDGE_CURVE('',#801,#801,#320,.T.);
#1026=EDGE_CURVE('',#722,#671,#476,.T.);
#1027=EDGE_CURVE('',#802,#803,#321,.T.);
#1028=EDGE_CURVE('',#796,#802,#477,.T.);
#1029=EDGE_CURVE('',#791,#796,#322,.T.);
#1030=EDGE_CURVE('',#803,#791,#478,.T.);
#1031=EDGE_CURVE('',#718,#803,#323,.T.);
#1032=EDGE_CURVE('',#802,#675,#324,.T.);
#1033=EDGE_CURVE('',#804,#804,#325,.T.);
#1034=EDGE_CURVE('',#805,#805,#326,.T.);
#1035=EDGE_CURVE('',#806,#806,#327,.T.);
#1036=EDGE_CURVE('',#807,#807,#328,.T.);
#1037=EDGE_CURVE('',#808,#808,#329,.T.);
#1038=EDGE_CURVE('',#660,#809,#479,.T.);
#1039=EDGE_CURVE('',#809,#810,#330,.T.);
#1040=EDGE_CURVE('',#810,#661,#480,.T.);
#1041=EDGE_CURVE('',#811,#810,#481,.T.);
#1042=EDGE_CURVE('',#811,#662,#482,.T.);
#1043=EDGE_CURVE('',#773,#809,#483,.T.);
#1044=EDGE_CURVE('',#760,#811,#484,.T.);
#1045=EDGE_CURVE('',#666,#812,#485,.T.);
#1046=EDGE_CURVE('',#812,#750,#331,.T.);
#1047=EDGE_CURVE('',#758,#812,#486,.T.);
#1048=EDGE_CURVE('',#761,#783,#487,.T.);
#1049=EDGE_CURVE('',#756,#752,#488,.T.);
#1050=EDGE_CURVE('',#757,#751,#489,.T.);
#1051=EDGE_CURVE('',#813,#813,#332,.T.);
#1052=EDGE_CURVE('',#813,#814,#333,.T.);
#1053=EDGE_CURVE('',#814,#815,#334,.T.);
#1054=EDGE_CURVE('',#815,#814,#335,.T.);
#1055=EDGE_CURVE('',#815,#784,#490,.T.);
#1056=EDGE_CURVE('',#808,#797,#491,.T.);
#1057=EDGE_CURVE('',#807,#798,#492,.T.);
#1058=EDGE_CURVE('',#806,#799,#493,.T.);
#1059=EDGE_CURVE('',#805,#800,#494,.T.);
#1060=EDGE_CURVE('',#804,#801,#495,.T.);
#1061=ORIENTED_EDGE('',*,*,#816,.T.);
#1062=ORIENTED_EDGE('',*,*,#817,.T.);
#1063=ORIENTED_EDGE('',*,*,#818,.T.);
#1064=ORIENTED_EDGE('',*,*,#819,.F.);
#1065=ORIENTED_EDGE('',*,*,#820,.F.);
#1066=ORIENTED_EDGE('',*,*,#821,.F.);
#1067=ORIENTED_EDGE('',*,*,#822,.F.);
#1068=ORIENTED_EDGE('',*,*,#823,.T.);
#1069=ORIENTED_EDGE('',*,*,#824,.T.);
#1070=ORIENTED_EDGE('',*,*,#825,.F.);
#1071=ORIENTED_EDGE('',*,*,#826,.F.);
#1072=ORIENTED_EDGE('',*,*,#827,.F.);
#1073=ORIENTED_EDGE('',*,*,#828,.T.);
#1074=ORIENTED_EDGE('',*,*,#829,.T.);
#1075=ORIENTED_EDGE('',*,*,#830,.F.);
#1076=ORIENTED_EDGE('',*,*,#831,.T.);
#1077=ORIENTED_EDGE('',*,*,#832,.F.);
#1078=ORIENTED_EDGE('',*,*,#833,.T.);
#1079=ORIENTED_EDGE('',*,*,#834,.F.);
#1080=ORIENTED_EDGE('',*,*,#835,.T.);
#1081=ORIENTED_EDGE('',*,*,#836,.T.);
#1082=ORIENTED_EDGE('',*,*,#837,.F.);
#1083=ORIENTED_EDGE('',*,*,#838,.T.);
#1084=ORIENTED_EDGE('',*,*,#839,.F.);
#1085=ORIENTED_EDGE('',*,*,#840,.T.);
#1086=ORIENTED_EDGE('',*,*,#841,.T.);
#1087=ORIENTED_EDGE('',*,*,#842,.T.);
#1088=ORIENTED_EDGE('',*,*,#843,.F.);
#1089=ORIENTED_EDGE('',*,*,#844,.T.);
#1090=ORIENTED_EDGE('',*,*,#839,.T.);
#1091=ORIENTED_EDGE('',*,*,#845,.F.);
#1092=ORIENTED_EDGE('',*,*,#846,.T.);
#1093=ORIENTED_EDGE('',*,*,#847,.F.);
#1094=ORIENTED_EDGE('',*,*,#848,.T.);
#1095=ORIENTED_EDGE('',*,*,#849,.T.);
#1096=ORIENTED_EDGE('',*,*,#850,.F.);
#1097=ORIENTED_EDGE('',*,*,#851,.T.);
#1098=ORIENTED_EDGE('',*,*,#852,.T.);
#1099=ORIENTED_EDGE('',*,*,#853,.T.);
#1100=ORIENTED_EDGE('',*,*,#854,.T.);
#1101=ORIENTED_EDGE('',*,*,#855,.T.);
#1102=ORIENTED_EDGE('',*,*,#856,.T.);
#1103=ORIENTED_EDGE('',*,*,#857,.T.);
#1104=ORIENTED_EDGE('',*,*,#858,.T.);
#1105=ORIENTED_EDGE('',*,*,#859,.T.);
#1106=ORIENTED_EDGE('',*,*,#860,.T.);
#1107=ORIENTED_EDGE('',*,*,#861,.T.);
#1108=ORIENTED_EDGE('',*,*,#862,.T.);
#1109=ORIENTED_EDGE('',*,*,#863,.T.);
#1110=ORIENTED_EDGE('',*,*,#864,.T.);
#1111=ORIENTED_EDGE('',*,*,#865,.T.);
#1112=ORIENTED_EDGE('',*,*,#866,.T.);
#1113=ORIENTED_EDGE('',*,*,#848,.F.);
#1114=ORIENTED_EDGE('',*,*,#867,.F.);
#1115=ORIENTED_EDGE('',*,*,#868,.T.);
#1116=ORIENTED_EDGE('',*,*,#869,.T.);
#1117=ORIENTED_EDGE('',*,*,#870,.T.);
#1118=ORIENTED_EDGE('',*,*,#871,.T.);
#1119=ORIENTED_EDGE('',*,*,#872,.T.);
#1120=ORIENTED_EDGE('',*,*,#866,.F.);
#1121=ORIENTED_EDGE('',*,*,#873,.F.);
#1122=ORIENTED_EDGE('',*,*,#874,.F.);
#1123=ORIENTED_EDGE('',*,*,#849,.F.);
#1124=ORIENTED_EDGE('',*,*,#847,.T.);
#1125=ORIENTED_EDGE('',*,*,#875,.T.);
#1126=ORIENTED_EDGE('',*,*,#876,.F.);
#1127=ORIENTED_EDGE('',*,*,#867,.T.);
#1128=ORIENTED_EDGE('',*,*,#877,.T.);
#1129=ORIENTED_EDGE('',*,*,#878,.T.);
#1130=ORIENTED_EDGE('',*,*,#875,.F.);
#1131=ORIENTED_EDGE('',*,*,#846,.F.);
#1132=ORIENTED_EDGE('',*,*,#879,.T.);
#1133=ORIENTED_EDGE('',*,*,#880,.F.);
#1134=ORIENTED_EDGE('',*,*,#881,.T.);
#1135=ORIENTED_EDGE('',*,*,#882,.T.);
#1136=ORIENTED_EDGE('',*,*,#883,.F.);
#1137=ORIENTED_EDGE('',*,*,#884,.T.);
#1138=ORIENTED_EDGE('',*,*,#885,.F.);
#1139=ORIENTED_EDGE('',*,*,#886,.T.);
#1140=ORIENTED_EDGE('',*,*,#887,.F.);
#1141=ORIENTED_EDGE('',*,*,#888,.F.);
#1142=ORIENTED_EDGE('',*,*,#889,.F.);
#1143=ORIENTED_EDGE('',*,*,#890,.T.);
#1144=ORIENTED_EDGE('',*,*,#869,.F.);
#1145=ORIENTED_EDGE('',*,*,#891,.F.);
#1146=ORIENTED_EDGE('',*,*,#892,.F.);
#1147=ORIENTED_EDGE('',*,*,#893,.F.);
#1148=ORIENTED_EDGE('',*,*,#891,.T.);
#1149=ORIENTED_EDGE('',*,*,#868,.F.);
#1150=ORIENTED_EDGE('',*,*,#890,.F.);
#1151=ORIENTED_EDGE('',*,*,#894,.F.);
#1152=ORIENTED_EDGE('',*,*,#895,.F.);
#1153=ORIENTED_EDGE('',*,*,#896,.T.);
#1154=ORIENTED_EDGE('',*,*,#872,.F.);
#1155=ORIENTED_EDGE('',*,*,#897,.F.);
#1156=ORIENTED_EDGE('',*,*,#898,.F.);
#1157=ORIENTED_EDGE('',*,*,#897,.T.);
#1158=ORIENTED_EDGE('',*,*,#871,.F.);
#1159=ORIENTED_EDGE('',*,*,#899,.F.);
#1160=ORIENTED_EDGE('',*,*,#900,.F.);
#1161=ORIENTED_EDGE('',*,*,#899,.T.);
#1162=ORIENTED_EDGE('',*,*,#870,.F.);
#1163=ORIENTED_EDGE('',*,*,#896,.F.);
#1164=ORIENTED_EDGE('',*,*,#901,.F.);
#1165=ORIENTED_EDGE('',*,*,#873,.T.);
#1166=ORIENTED_EDGE('',*,*,#865,.F.);
#1167=ORIENTED_EDGE('',*,*,#902,.F.);
#1168=ORIENTED_EDGE('',*,*,#903,.F.);
#1169=ORIENTED_EDGE('',*,*,#902,.T.);
#1170=ORIENTED_EDGE('',*,*,#864,.F.);
#1171=ORIENTED_EDGE('',*,*,#904,.F.);
#1172=ORIENTED_EDGE('',*,*,#905,.F.);
#1173=ORIENTED_EDGE('',*,*,#904,.T.);
#1174=ORIENTED_EDGE('',*,*,#863,.F.);
#1175=ORIENTED_EDGE('',*,*,#906,.F.);
#1176=ORIENTED_EDGE('',*,*,#907,.F.);
#1177=ORIENTED_EDGE('',*,*,#906,.T.);
#1178=ORIENTED_EDGE('',*,*,#862,.F.);
#1179=ORIENTED_EDGE('',*,*,#908,.F.);
#1180=ORIENTED_EDGE('',*,*,#909,.F.);
#1181=ORIENTED_EDGE('',*,*,#908,.T.);
#1182=ORIENTED_EDGE('',*,*,#861,.F.);
#1183=ORIENTED_EDGE('',*,*,#910,.F.);
#1184=ORIENTED_EDGE('',*,*,#911,.F.);
#1185=ORIENTED_EDGE('',*,*,#910,.T.);
#1186=ORIENTED_EDGE('',*,*,#860,.F.);
#1187=ORIENTED_EDGE('',*,*,#912,.F.);
#1188=ORIENTED_EDGE('',*,*,#913,.F.);
#1189=ORIENTED_EDGE('',*,*,#912,.T.);
#1190=ORIENTED_EDGE('',*,*,#859,.F.);
#1191=ORIENTED_EDGE('',*,*,#914,.F.);
#1192=ORIENTED_EDGE('',*,*,#915,.F.);
#1193=ORIENTED_EDGE('',*,*,#914,.T.);
#1194=ORIENTED_EDGE('',*,*,#858,.F.);
#1195=ORIENTED_EDGE('',*,*,#916,.F.);
#1196=ORIENTED_EDGE('',*,*,#917,.F.);
#1197=ORIENTED_EDGE('',*,*,#918,.F.);
#1198=ORIENTED_EDGE('',*,*,#916,.T.);
#1199=ORIENTED_EDGE('',*,*,#857,.F.);
#1200=ORIENTED_EDGE('',*,*,#919,.F.);
#1201=ORIENTED_EDGE('',*,*,#920,.F.);
#1202=ORIENTED_EDGE('',*,*,#921,.F.);
#1203=ORIENTED_EDGE('',*,*,#919,.T.);
#1204=ORIENTED_EDGE('',*,*,#856,.F.);
#1205=ORIENTED_EDGE('',*,*,#922,.F.);
#1206=ORIENTED_EDGE('',*,*,#923,.F.);
#1207=ORIENTED_EDGE('',*,*,#922,.T.);
#1208=ORIENTED_EDGE('',*,*,#855,.F.);
#1209=ORIENTED_EDGE('',*,*,#924,.F.);
#1210=ORIENTED_EDGE('',*,*,#925,.F.);
#1211=ORIENTED_EDGE('',*,*,#926,.F.);
#1212=ORIENTED_EDGE('',*,*,#924,.T.);
#1213=ORIENTED_EDGE('',*,*,#854,.F.);
#1214=ORIENTED_EDGE('',*,*,#927,.F.);
#1215=ORIENTED_EDGE('',*,*,#928,.F.);
#1216=ORIENTED_EDGE('',*,*,#927,.T.);
#1217=ORIENTED_EDGE('',*,*,#853,.F.);
#1218=ORIENTED_EDGE('',*,*,#929,.F.);
#1219=ORIENTED_EDGE('',*,*,#930,.F.);
#1220=ORIENTED_EDGE('',*,*,#893,.T.);
#1221=ORIENTED_EDGE('',*,*,#931,.F.);
#1222=ORIENTED_EDGE('',*,*,#932,.F.);
#1223=ORIENTED_EDGE('',*,*,#933,.F.);
#1224=ORIENTED_EDGE('',*,*,#829,.F.);
#1225=ORIENTED_EDGE('',*,*,#934,.T.);
#1226=ORIENTED_EDGE('',*,*,#877,.F.);
#1227=ORIENTED_EDGE('',*,*,#935,.T.);
#1228=ORIENTED_EDGE('',*,*,#841,.F.);
#1229=ORIENTED_EDGE('',*,*,#936,.T.);
#1230=ORIENTED_EDGE('',*,*,#895,.T.);
#1231=ORIENTED_EDGE('',*,*,#937,.T.);
#1232=ORIENTED_EDGE('',*,*,#928,.T.);
#1233=ORIENTED_EDGE('',*,*,#930,.T.);
#1234=ORIENTED_EDGE('',*,*,#929,.T.);
#1235=ORIENTED_EDGE('',*,*,#876,.T.);
#1236=ORIENTED_EDGE('',*,*,#878,.F.);
#1237=ORIENTED_EDGE('',*,*,#934,.F.);
#1238=ORIENTED_EDGE('',*,*,#828,.F.);
#1239=ORIENTED_EDGE('',*,*,#938,.F.);
#1240=ORIENTED_EDGE('',*,*,#926,.T.);
#1241=ORIENTED_EDGE('',*,*,#937,.F.);
#1242=ORIENTED_EDGE('',*,*,#827,.T.);
#1243=ORIENTED_EDGE('',*,*,#939,.F.);
#1244=ORIENTED_EDGE('',*,*,#940,.T.);
#1245=ORIENTED_EDGE('',*,*,#941,.T.);
#1246=ORIENTED_EDGE('',*,*,#942,.T.);
#1247=ORIENTED_EDGE('',*,*,#943,.T.);
#1248=ORIENTED_EDGE('',*,*,#923,.T.);
#1249=ORIENTED_EDGE('',*,*,#925,.T.);
#1250=ORIENTED_EDGE('',*,*,#938,.T.);
#1251=ORIENTED_EDGE('',*,*,#944,.T.);
#1252=ORIENTED_EDGE('',*,*,#945,.T.);
#1253=ORIENTED_EDGE('',*,*,#946,.T.);
#1254=ORIENTED_EDGE('',*,*,#921,.T.);
#1255=ORIENTED_EDGE('',*,*,#920,.T.);
#1256=ORIENTED_EDGE('',*,*,#943,.F.);
#1257=ORIENTED_EDGE('',*,*,#947,.T.);
#1258=ORIENTED_EDGE('',*,*,#948,.F.);
#1259=ORIENTED_EDGE('',*,*,#915,.T.);
#1260=ORIENTED_EDGE('',*,*,#917,.T.);
#1261=ORIENTED_EDGE('',*,*,#949,.T.);
#1262=ORIENTED_EDGE('',*,*,#945,.F.);
#1263=ORIENTED_EDGE('',*,*,#950,.T.);
#1264=ORIENTED_EDGE('',*,*,#951,.T.);
#1265=ORIENTED_EDGE('',*,*,#952,.T.);
#1266=ORIENTED_EDGE('',*,*,#953,.F.);
#1267=ORIENTED_EDGE('',*,*,#824,.F.);
#1268=ORIENTED_EDGE('',*,*,#954,.T.);
#1269=ORIENTED_EDGE('',*,*,#913,.T.);
#1270=ORIENTED_EDGE('',*,*,#948,.T.);
#1271=ORIENTED_EDGE('',*,*,#823,.F.);
#1272=ORIENTED_EDGE('',*,*,#955,.T.);
#1273=ORIENTED_EDGE('',*,*,#956,.T.);
#1274=ORIENTED_EDGE('',*,*,#957,.T.);
#1275=ORIENTED_EDGE('',*,*,#958,.T.);
#1276=ORIENTED_EDGE('',*,*,#959,.T.);
#1277=ORIENTED_EDGE('',*,*,#960,.F.);
#1278=ORIENTED_EDGE('',*,*,#911,.T.);
#1279=ORIENTED_EDGE('',*,*,#954,.F.);
#1280=ORIENTED_EDGE('',*,*,#961,.T.);
#1281=ORIENTED_EDGE('',*,*,#962,.F.);
#1282=ORIENTED_EDGE('',*,*,#909,.T.);
#1283=ORIENTED_EDGE('',*,*,#960,.T.);
#1284=ORIENTED_EDGE('',*,*,#963,.T.);
#1285=ORIENTED_EDGE('',*,*,#964,.T.);
#1286=ORIENTED_EDGE('',*,*,#907,.T.);
#1287=ORIENTED_EDGE('',*,*,#962,.T.);
#1288=ORIENTED_EDGE('',*,*,#965,.T.);
#1289=ORIENTED_EDGE('',*,*,#966,.T.);
#1290=ORIENTED_EDGE('',*,*,#905,.T.);
#1291=ORIENTED_EDGE('',*,*,#964,.F.);
#1292=ORIENTED_EDGE('',*,*,#967,.T.);
#1293=ORIENTED_EDGE('',*,*,#931,.T.);
#1294=ORIENTED_EDGE('',*,*,#892,.T.);
#1295=ORIENTED_EDGE('',*,*,#894,.T.);
#1296=ORIENTED_EDGE('',*,*,#889,.T.);
#1297=ORIENTED_EDGE('',*,*,#968,.F.);
#1298=ORIENTED_EDGE('',*,*,#969,.T.);
#1299=ORIENTED_EDGE('',*,*,#970,.T.);
#1300=ORIENTED_EDGE('',*,*,#971,.T.);
#1301=ORIENTED_EDGE('',*,*,#972,.T.);
#1302=ORIENTED_EDGE('',*,*,#844,.F.);
#1303=ORIENTED_EDGE('',*,*,#972,.F.);
#1304=ORIENTED_EDGE('',*,*,#973,.T.);
#1305=ORIENTED_EDGE('',*,*,#969,.F.);
#1306=ORIENTED_EDGE('',*,*,#974,.F.);
#1307=ORIENTED_EDGE('',*,*,#975,.T.);
#1308=ORIENTED_EDGE('',*,*,#842,.F.);
#1309=ORIENTED_EDGE('',*,*,#935,.F.);
#1310=ORIENTED_EDGE('',*,*,#898,.T.);
#1311=ORIENTED_EDGE('',*,*,#918,.T.);
#1312=ORIENTED_EDGE('',*,*,#946,.F.);
#1313=ORIENTED_EDGE('',*,*,#949,.F.);
#1314=ORIENTED_EDGE('',*,*,#976,.F.);
#1315=ORIENTED_EDGE('',*,*,#977,.F.);
#1316=ORIENTED_EDGE('',*,*,#978,.F.);
#1317=ORIENTED_EDGE('',*,*,#818,.F.);
#1318=ORIENTED_EDGE('',*,*,#979,.F.);
#1319=ORIENTED_EDGE('',*,*,#903,.T.);
#1320=ORIENTED_EDGE('',*,*,#966,.F.);
#1321=ORIENTED_EDGE('',*,*,#980,.F.);
#1322=ORIENTED_EDGE('',*,*,#981,.F.);
#1323=ORIENTED_EDGE('',*,*,#976,.T.);
#1324=ORIENTED_EDGE('',*,*,#817,.F.);
#1325=ORIENTED_EDGE('',*,*,#982,.F.);
#1326=ORIENTED_EDGE('',*,*,#983,.T.);
#1327=ORIENTED_EDGE('',*,*,#981,.T.);
#1328=ORIENTED_EDGE('',*,*,#984,.F.);
#1329=ORIENTED_EDGE('',*,*,#985,.F.);
#1330=ORIENTED_EDGE('',*,*,#986,.T.);
#1331=ORIENTED_EDGE('',*,*,#987,.T.);
#1332=ORIENTED_EDGE('',*,*,#984,.T.);
#1333=ORIENTED_EDGE('',*,*,#980,.T.);
#1334=ORIENTED_EDGE('',*,*,#967,.F.);
#1335=ORIENTED_EDGE('',*,*,#965,.F.);
#1336=ORIENTED_EDGE('',*,*,#963,.F.);
#1337=ORIENTED_EDGE('',*,*,#961,.F.);
#1338=ORIENTED_EDGE('',*,*,#959,.F.);
#1339=ORIENTED_EDGE('',*,*,#988,.F.);
#1340=ORIENTED_EDGE('',*,*,#989,.F.);
#1341=ORIENTED_EDGE('',*,*,#888,.T.);
#1342=ORIENTED_EDGE('',*,*,#932,.T.);
#1343=ORIENTED_EDGE('',*,*,#974,.T.);
#1344=ORIENTED_EDGE('',*,*,#968,.T.);
#1345=ORIENTED_EDGE('',*,*,#901,.T.);
#1346=ORIENTED_EDGE('',*,*,#979,.T.);
#1347=ORIENTED_EDGE('',*,*,#986,.F.);
#1348=ORIENTED_EDGE('',*,*,#990,.F.);
#1349=ORIENTED_EDGE('',*,*,#982,.T.);
#1350=ORIENTED_EDGE('',*,*,#816,.F.);
#1351=ORIENTED_EDGE('',*,*,#991,.F.);
#1352=ORIENTED_EDGE('',*,*,#992,.T.);
#1353=ORIENTED_EDGE('',*,*,#850,.T.);
#1354=ORIENTED_EDGE('',*,*,#874,.T.);
#1355=ORIENTED_EDGE('',*,*,#990,.T.);
#1356=ORIENTED_EDGE('',*,*,#993,.T.);
#1357=ORIENTED_EDGE('',*,*,#994,.T.);
#1358=ORIENTED_EDGE('',*,*,#989,.T.);
#1359=ORIENTED_EDGE('',*,*,#995,.T.);
#1360=ORIENTED_EDGE('',*,*,#996,.T.);
#1361=ORIENTED_EDGE('',*,*,#991,.T.);
#1362=ORIENTED_EDGE('',*,*,#840,.F.);
#1363=ORIENTED_EDGE('',*,*,#852,.F.);
#1364=ORIENTED_EDGE('',*,*,#997,.T.);
#1365=ORIENTED_EDGE('',*,*,#998,.T.);
#1366=ORIENTED_EDGE('',*,*,#936,.F.);
#1367=ORIENTED_EDGE('',*,*,#843,.T.);
#1368=ORIENTED_EDGE('',*,*,#975,.F.);
#1369=ORIENTED_EDGE('',*,*,#900,.T.);
#1370=ORIENTED_EDGE('',*,*,#999,.T.);
#1371=ORIENTED_EDGE('',*,*,#880,.T.);
#1372=ORIENTED_EDGE('',*,*,#1000,.T.);
#1373=ORIENTED_EDGE('',*,*,#1001,.T.);
#1374=ORIENTED_EDGE('',*,*,#1002,.T.);
#1375=ORIENTED_EDGE('',*,*,#1001,.F.);
#1376=ORIENTED_EDGE('',*,*,#1003,.T.);
#1377=ORIENTED_EDGE('',*,*,#1004,.T.);
#1378=ORIENTED_EDGE('',*,*,#1005,.T.);
#1379=ORIENTED_EDGE('',*,*,#837,.T.);
#1380=ORIENTED_EDGE('',*,*,#1006,.T.);
#1381=ORIENTED_EDGE('',*,*,#1004,.F.);
#1382=ORIENTED_EDGE('',*,*,#999,.F.);
#1383=ORIENTED_EDGE('',*,*,#1007,.T.);
#1384=ORIENTED_EDGE('',*,*,#1008,.T.);
#1385=ORIENTED_EDGE('',*,*,#881,.F.);
#1386=ORIENTED_EDGE('',*,*,#1002,.F.);
#1387=ORIENTED_EDGE('',*,*,#1009,.F.);
#1388=ORIENTED_EDGE('',*,*,#1010,.T.);
#1389=ORIENTED_EDGE('',*,*,#1007,.F.);
#1390=ORIENTED_EDGE('',*,*,#1006,.F.);
#1391=ORIENTED_EDGE('',*,*,#836,.F.);
#1392=ORIENTED_EDGE('',*,*,#1011,.F.);
#1393=ORIENTED_EDGE('',*,*,#1009,.T.);
#1394=ORIENTED_EDGE('',*,*,#832,.T.);
#1395=ORIENTED_EDGE('',*,*,#1012,.T.);
#1396=ORIENTED_EDGE('',*,*,#885,.T.);
#1397=ORIENTED_EDGE('',*,*,#1013,.T.);
#1398=ORIENTED_EDGE('',*,*,#1013,.F.);
#1399=ORIENTED_EDGE('',*,*,#884,.F.);
#1400=ORIENTED_EDGE('',*,*,#1014,.F.);
#1401=ORIENTED_EDGE('',*,*,#1015,.F.);
#1402=ORIENTED_EDGE('',*,*,#1016,.T.);
#1403=ORIENTED_EDGE('',*,*,#1017,.T.);
#1404=ORIENTED_EDGE('',*,*,#1018,.T.);
#1405=ORIENTED_EDGE('',*,*,#1019,.F.);
#1406=ORIENTED_EDGE('',*,*,#1020,.F.);
#1407=ORIENTED_EDGE('',*,*,#833,.F.);
#1408=ORIENTED_EDGE('',*,*,#1021,.T.);
#1409=ORIENTED_EDGE('',*,*,#1022,.T.);
#1410=ORIENTED_EDGE('',*,*,#1023,.T.);
#1411=ORIENTED_EDGE('',*,*,#1024,.T.);
#1412=ORIENTED_EDGE('',*,*,#1025,.T.);
#1413=ORIENTED_EDGE('',*,*,#887,.T.);
#1414=ORIENTED_EDGE('',*,*,#1026,.T.);
#1415=ORIENTED_EDGE('',*,*,#830,.T.);
#1416=ORIENTED_EDGE('',*,*,#933,.T.);
#1417=ORIENTED_EDGE('',*,*,#1012,.F.);
#1418=ORIENTED_EDGE('',*,*,#831,.F.);
#1419=ORIENTED_EDGE('',*,*,#1026,.F.);
#1420=ORIENTED_EDGE('',*,*,#886,.F.);
#1421=ORIENTED_EDGE('',*,*,#1027,.F.);
#1422=ORIENTED_EDGE('',*,*,#1028,.F.);
#1423=ORIENTED_EDGE('',*,*,#1029,.F.);
#1424=ORIENTED_EDGE('',*,*,#1030,.F.);
#1425=ORIENTED_EDGE('',*,*,#1019,.T.);
#1426=ORIENTED_EDGE('',*,*,#1018,.F.);
#1427=ORIENTED_EDGE('',*,*,#1017,.F.);
#1428=ORIENTED_EDGE('',*,*,#1016,.F.);
#1429=ORIENTED_EDGE('',*,*,#1015,.T.);
#1430=ORIENTED_EDGE('',*,*,#1029,.T.);
#1431=ORIENTED_EDGE('',*,*,#1030,.T.);
#1432=ORIENTED_EDGE('',*,*,#1014,.T.);
#1433=ORIENTED_EDGE('',*,*,#883,.T.);
#1434=ORIENTED_EDGE('',*,*,#1031,.T.);
#1435=ORIENTED_EDGE('',*,*,#882,.F.);
#1436=ORIENTED_EDGE('',*,*,#1008,.F.);
#1437=ORIENTED_EDGE('',*,*,#1010,.F.);
#1438=ORIENTED_EDGE('',*,*,#1011,.T.);
#1439=ORIENTED_EDGE('',*,*,#835,.F.);
#1440=ORIENTED_EDGE('',*,*,#1032,.F.);
#1441=ORIENTED_EDGE('',*,*,#1027,.T.);
#1442=ORIENTED_EDGE('',*,*,#1031,.F.);
#1443=ORIENTED_EDGE('',*,*,#1033,.T.);
#1444=ORIENTED_EDGE('',*,*,#1034,.T.);
#1445=ORIENTED_EDGE('',*,*,#1035,.T.);
#1446=ORIENTED_EDGE('',*,*,#1036,.T.);
#1447=ORIENTED_EDGE('',*,*,#1037,.T.);
#1448=ORIENTED_EDGE('',*,*,#1028,.T.);
#1449=ORIENTED_EDGE('',*,*,#1032,.T.);
#1450=ORIENTED_EDGE('',*,*,#834,.T.);
#1451=ORIENTED_EDGE('',*,*,#1020,.T.);
#1452=ORIENTED_EDGE('',*,*,#820,.T.);
#1453=ORIENTED_EDGE('',*,*,#1038,.T.);
#1454=ORIENTED_EDGE('',*,*,#1039,.T.);
#1455=ORIENTED_EDGE('',*,*,#1040,.T.);
#1456=ORIENTED_EDGE('',*,*,#1040,.F.);
#1457=ORIENTED_EDGE('',*,*,#1041,.F.);
#1458=ORIENTED_EDGE('',*,*,#1042,.T.);
#1459=ORIENTED_EDGE('',*,*,#821,.T.);
#1460=ORIENTED_EDGE('',*,*,#978,.T.);
#1461=ORIENTED_EDGE('',*,*,#1043,.T.);
#1462=ORIENTED_EDGE('',*,*,#1038,.F.);
#1463=ORIENTED_EDGE('',*,*,#819,.T.);
#1464=ORIENTED_EDGE('',*,*,#955,.F.);
#1465=ORIENTED_EDGE('',*,*,#822,.T.);
#1466=ORIENTED_EDGE('',*,*,#1042,.F.);
#1467=ORIENTED_EDGE('',*,*,#1044,.F.);
#1468=ORIENTED_EDGE('',*,*,#985,.T.);
#1469=ORIENTED_EDGE('',*,*,#987,.F.);
#1470=ORIENTED_EDGE('',*,*,#994,.F.);
#1471=ORIENTED_EDGE('',*,*,#993,.F.);
#1472=ORIENTED_EDGE('',*,*,#826,.T.);
#1473=ORIENTED_EDGE('',*,*,#1045,.T.);
#1474=ORIENTED_EDGE('',*,*,#1046,.T.);
#1475=ORIENTED_EDGE('',*,*,#939,.T.);
#1476=ORIENTED_EDGE('',*,*,#1045,.F.);
#1477=ORIENTED_EDGE('',*,*,#825,.T.);
#1478=ORIENTED_EDGE('',*,*,#953,.T.);
#1479=ORIENTED_EDGE('',*,*,#1047,.T.);
#1480=ORIENTED_EDGE('',*,*,#988,.T.);
#1481=ORIENTED_EDGE('',*,*,#958,.F.);
#1482=ORIENTED_EDGE('',*,*,#957,.F.);
#1483=ORIENTED_EDGE('',*,*,#1048,.T.);
#1484=ORIENTED_EDGE('',*,*,#995,.F.);
#1485=ORIENTED_EDGE('',*,*,#971,.F.);
#1486=ORIENTED_EDGE('',*,*,#970,.F.);
#1487=ORIENTED_EDGE('',*,*,#973,.F.);
#1488=ORIENTED_EDGE('',*,*,#996,.F.);
#1489=ORIENTED_EDGE('',*,*,#1048,.F.);
#1490=ORIENTED_EDGE('',*,*,#956,.F.);
#1491=ORIENTED_EDGE('',*,*,#1044,.T.);
#1492=ORIENTED_EDGE('',*,*,#1041,.T.);
#1493=ORIENTED_EDGE('',*,*,#1039,.F.);
#1494=ORIENTED_EDGE('',*,*,#1043,.F.);
#1495=ORIENTED_EDGE('',*,*,#977,.T.);
#1496=ORIENTED_EDGE('',*,*,#983,.F.);
#1497=ORIENTED_EDGE('',*,*,#992,.F.);
#1498=ORIENTED_EDGE('',*,*,#1049,.F.);
#1499=ORIENTED_EDGE('',*,*,#950,.F.);
#1500=ORIENTED_EDGE('',*,*,#947,.F.);
#1501=ORIENTED_EDGE('',*,*,#944,.F.);
#1502=ORIENTED_EDGE('',*,*,#942,.F.);
#1503=ORIENTED_EDGE('',*,*,#1050,.F.);
#1504=ORIENTED_EDGE('',*,*,#951,.F.);
#1505=ORIENTED_EDGE('',*,*,#1049,.T.);
#1506=ORIENTED_EDGE('',*,*,#941,.F.);
#1507=ORIENTED_EDGE('',*,*,#952,.F.);
#1508=ORIENTED_EDGE('',*,*,#1050,.T.);
#1509=ORIENTED_EDGE('',*,*,#940,.F.);
#1510=ORIENTED_EDGE('',*,*,#1046,.F.);
#1511=ORIENTED_EDGE('',*,*,#1047,.F.);
#1512=ORIENTED_EDGE('',*,*,#1051,.T.);
#1513=ORIENTED_EDGE('',*,*,#1052,.T.);
#1514=ORIENTED_EDGE('',*,*,#1053,.T.);
#1515=ORIENTED_EDGE('',*,*,#1054,.T.);
#1516=ORIENTED_EDGE('',*,*,#1052,.F.);
#1517=ORIENTED_EDGE('',*,*,#1051,.F.);
#1518=ORIENTED_EDGE('',*,*,#1054,.F.);
#1519=ORIENTED_EDGE('',*,*,#1055,.T.);
#1520=ORIENTED_EDGE('',*,*,#997,.F.);
#1521=ORIENTED_EDGE('',*,*,#851,.F.);
#1522=ORIENTED_EDGE('',*,*,#998,.F.);
#1523=ORIENTED_EDGE('',*,*,#1055,.F.);
#1524=ORIENTED_EDGE('',*,*,#1053,.F.);
#1525=ORIENTED_EDGE('',*,*,#1037,.F.);
#1526=ORIENTED_EDGE('',*,*,#1056,.T.);
#1527=ORIENTED_EDGE('',*,*,#1021,.F.);
#1528=ORIENTED_EDGE('',*,*,#1056,.F.);
#1529=ORIENTED_EDGE('',*,*,#1036,.F.);
#1530=ORIENTED_EDGE('',*,*,#1057,.T.);
#1531=ORIENTED_EDGE('',*,*,#1022,.F.);
#1532=ORIENTED_EDGE('',*,*,#1057,.F.);
#1533=ORIENTED_EDGE('',*,*,#1035,.F.);
#1534=ORIENTED_EDGE('',*,*,#1058,.T.);
#1535=ORIENTED_EDGE('',*,*,#1023,.F.);
#1536=ORIENTED_EDGE('',*,*,#1058,.F.);
#1537=ORIENTED_EDGE('',*,*,#1034,.F.);
#1538=ORIENTED_EDGE('',*,*,#1059,.T.);
#1539=ORIENTED_EDGE('',*,*,#1024,.F.);
#1540=ORIENTED_EDGE('',*,*,#1059,.F.);
#1541=ORIENTED_EDGE('',*,*,#1033,.F.);
#1542=ORIENTED_EDGE('',*,*,#1060,.T.);
#1543=ORIENTED_EDGE('',*,*,#1025,.F.);
#1544=ORIENTED_EDGE('',*,*,#1060,.F.);
#1545=ORIENTED_EDGE('',*,*,#1000,.F.);
#1546=ORIENTED_EDGE('',*,*,#879,.F.);
#1547=ORIENTED_EDGE('',*,*,#845,.T.);
#1548=ORIENTED_EDGE('',*,*,#838,.F.);
#1549=ORIENTED_EDGE('',*,*,#1005,.F.);
#1550=ORIENTED_EDGE('',*,*,#1003,.F.);
#1551=PLANE('',#1703);
#1552=PLANE('',#1713);
#1553=PLANE('',#1721);
#1554=PLANE('',#1722);
#1555=PLANE('',#1723);
#1556=PLANE('',#1733);
#1557=PLANE('',#1734);
#1558=PLANE('',#1735);
#1559=PLANE('',#1736);
#1560=PLANE('',#1737);
#1561=PLANE('',#1739);
#1562=PLANE('',#1740);
#1563=PLANE('',#1742);
#1564=PLANE('',#1743);
#1565=PLANE('',#1744);
#1566=PLANE('',#1747);
#1567=PLANE('',#1752);
#1568=PLANE('',#1755);
#1569=PLANE('',#1758);
#1570=PLANE('',#1759);
#1571=PLANE('',#1763);
#1572=PLANE('',#1764);
#1573=PLANE('',#1767);
#1574=PLANE('',#1771);
#1575=PLANE('',#1772);
#1576=PLANE('',#1773);
#1577=PLANE('',#1774);
#1578=PLANE('',#1775);
#1579=PLANE('',#1776);
#1580=PLANE('',#1777);
#1581=PLANE('',#1778);
#1582=PLANE('',#1779);
#1583=PLANE('',#1780);
#1584=PLANE('',#1781);
#1585=PLANE('',#1785);
#1586=PLANE('',#1791);
#1587=PLANE('',#1794);
#1588=PLANE('',#1796);
#1589=PLANE('',#1809);
#1590=PLANE('',#1813);
#1591=PLANE('',#1816);
#1592=PLANE('',#1826);
#1593=PLANE('',#1827);
#1594=PLANE('',#1828);
#1595=PLANE('',#1829);
#1596=PLANE('',#1832);
#1597=PLANE('',#1834);
#1598=PLANE('',#1835);
#1599=PLANE('',#1836);
#1600=PLANE('',#1837);
#1601=PLANE('',#1842);
#1602=PLANE('',#1849);
#1603=ADVANCED_FACE('',(#81,#66,#67),#1551,.T.);
#1604=ADVANCED_FACE('',(#82),#65,.T.);
#1605=ADVANCED_FACE('',(#83,#68,#69),#1552,.F.);
#1606=ADVANCED_FACE('',(#84),#1553,.T.);
#1607=ADVANCED_FACE('',(#85),#1554,.F.);
#1608=ADVANCED_FACE('',(#86),#1555,.T.);
#1609=ADVANCED_FACE('',(#87),#23,.F.);
#1610=ADVANCED_FACE('',(#88),#16,.T.);
#1611=ADVANCED_FACE('',(#89),#17,.F.);
#1612=ADVANCED_FACE('',(#90),#1556,.T.);
#1613=ADVANCED_FACE('',(#91),#1557,.T.);
#1614=ADVANCED_FACE('',(#92),#1558,.T.);
#1615=ADVANCED_FACE('',(#93),#1559,.T.);
#1616=ADVANCED_FACE('',(#94),#1560,.T.);
#1617=ADVANCED_FACE('',(#95),#18,.F.);
#1618=ADVANCED_FACE('',(#96),#1561,.T.);
#1619=ADVANCED_FACE('',(#97),#1562,.T.);
#1620=ADVANCED_FACE('',(#98),#19,.F.);
#1621=ADVANCED_FACE('',(#99),#1563,.T.);
#1622=ADVANCED_FACE('',(#100),#1564,.T.);
#1623=ADVANCED_FACE('',(#101),#1565,.T.);
#1624=ADVANCED_FACE('',(#102),#20,.F.);
#1625=ADVANCED_FACE('',(#103),#1566,.T.);
#1626=ADVANCED_FACE('',(#104),#21,.F.);
#1627=ADVANCED_FACE('',(#105),#24,.T.);
#1628=ADVANCED_FACE('',(#106),#1567,.T.);
#1629=ADVANCED_FACE('',(#107),#25,.T.);
#1630=ADVANCED_FACE('',(#108),#26,.T.);
#1631=ADVANCED_FACE('',(#109),#1568,.T.);
#1632=ADVANCED_FACE('',(#110),#27,.T.);
#1633=ADVANCED_FACE('',(#111),#1569,.T.);
#1634=ADVANCED_FACE('',(#112),#1570,.T.);
#1635=ADVANCED_FACE('',(#113),#28,.T.);
#1636=ADVANCED_FACE('',(#114),#1571,.T.);
#1637=ADVANCED_FACE('',(#115),#1572,.T.);
#1638=ADVANCED_FACE('',(#116),#29,.T.);
#1639=ADVANCED_FACE('',(#117),#1573,.T.);
#1640=ADVANCED_FACE('',(#118),#30,.F.);
#1641=ADVANCED_FACE('',(#119),#1574,.T.);
#1642=ADVANCED_FACE('',(#120),#1575,.T.);
#1643=ADVANCED_FACE('',(#121),#1576,.F.);
#1644=ADVANCED_FACE('',(#122),#1577,.F.);
#1645=ADVANCED_FACE('',(#123),#1578,.T.);
#1646=ADVANCED_FACE('',(#124),#1579,.T.);
#1647=ADVANCED_FACE('',(#125),#1580,.F.);
#1648=ADVANCED_FACE('',(#126),#1581,.T.);
#1649=ADVANCED_FACE('',(#127),#1582,.T.);
#1650=ADVANCED_FACE('',(#128),#1583,.T.);
#1651=ADVANCED_FACE('',(#129),#1584,.T.);
#1652=ADVANCED_FACE('',(#130),#1585,.T.);
#1653=ADVANCED_FACE('',(#131),#31,.T.);
#1654=ADVANCED_FACE('',(#132),#15,.T.);
#1655=ADVANCED_FACE('',(#133),#32,.T.);
#1656=ADVANCED_FACE('',(#134),#1586,.T.);
#1657=ADVANCED_FACE('',(#135),#33,.F.);
#1658=ADVANCED_FACE('',(#136),#1587,.T.);
#1659=ADVANCED_FACE('',(#137),#34,.T.);
#1660=ADVANCED_FACE('',(#138,#70,#71,#72,#73,#74),#1588,.T.);
#1661=ADVANCED_FACE('',(#139),#35,.F.);
#1662=ADVANCED_FACE('',(#140),#1589,.T.);
#1663=ADVANCED_FACE('',(#141),#36,.T.);
#1664=ADVANCED_FACE('',(#142),#1590,.F.);
#1665=ADVANCED_FACE('',(#143),#37,.T.);
#1666=ADVANCED_FACE('',(#144,#75,#76,#77,#78,#79),#1591,.T.);
#1667=ADVANCED_FACE('',(#145),#38,.T.);
#1668=ADVANCED_FACE('',(#146),#39,.T.);
#1669=ADVANCED_FACE('',(#147),#1592,.T.);
#1670=ADVANCED_FACE('',(#148),#1593,.T.);
#1671=ADVANCED_FACE('',(#149),#1594,.T.);
#1672=ADVANCED_FACE('',(#150),#1595,.T.);
#1673=ADVANCED_FACE('',(#151),#40,.T.);
#1674=ADVANCED_FACE('',(#152),#1596,.T.);
#1675=ADVANCED_FACE('',(#153,#80),#41,.F.);
#1676=ADVANCED_FACE('',(#154),#1597,.F.);
#1677=ADVANCED_FACE('',(#155),#1598,.F.);
#1678=ADVANCED_FACE('',(#156),#1599,.F.);
#1679=ADVANCED_FACE('',(#157),#1600,.F.);
#1680=ADVANCED_FACE('',(#158),#22,.F.);
#1681=ADVANCED_FACE('',(#159),#1601,.T.);
#1682=ADVANCED_FACE('',(#160),#42,.T.);
#1683=ADVANCED_FACE('',(#161),#43,.F.);
#1684=ADVANCED_FACE('',(#162),#44,.F.);
#1685=ADVANCED_FACE('',(#163),#45,.F.);
#1686=ADVANCED_FACE('',(#164),#46,.F.);
#1687=ADVANCED_FACE('',(#165),#47,.F.);
#1688=ADVANCED_FACE('',(#166),#1602,.F.);
#1689=CLOSED_SHELL('',(#1603,#1604,#1605,#1606,#1607,#1608,#1609,#1610,
#1611,#1612,#1613,#1614,#1615,#1616,#1617,#1618,#1619,#1620,#1621,#1622,
#1623,#1624,#1625,#1626,#1627,#1628,#1629,#1630,#1631,#1632,#1633,#1634,
#1635,#1636,#1637,#1638,#1639,#1640,#1641,#1642,#1643,#1644,#1645,#1646,
#1647,#1648,#1649,#1650,#1651,#1652,#1653,#1654,#1655,#1656,#1657,#1658,
#1659,#1660,#1661,#1662,#1663,#1664,#1665,#1666,#1667,#1668,#1669,#1670,
#1671,#1672,#1673,#1674,#1675,#1676,#1677,#1678,#1679,#1680,#1681,#1682,
#1683,#1684,#1685,#1686,#1687,#1688));
#1690=DERIVED_UNIT_ELEMENT(#1692,1.);
#1691=DERIVED_UNIT_ELEMENT(#3088,-3.);
#1692=(
MASS_UNIT()
NAMED_UNIT(*)
SI_UNIT(.KILO.,.GRAM.)
);
#1693=DERIVED_UNIT((#1690,#1691));
#1694=MEASURE_REPRESENTATION_ITEM('density measure',
POSITIVE_RATIO_MEASURE(7850.),#1693);
#1695=PROPERTY_DEFINITION_REPRESENTATION(#1700,#1697);
#1696=PROPERTY_DEFINITION_REPRESENTATION(#1701,#1698);
#1697=REPRESENTATION('material name',(#1699),#3085);
#1698=REPRESENTATION('density',(#1694),#3085);
#1699=DESCRIPTIVE_REPRESENTATION_ITEM('Steel','Steel');
#1700=PROPERTY_DEFINITION('material property','material name',#3095);
#1701=PROPERTY_DEFINITION('material property','density of part',#3095);
#1702=AXIS2_PLACEMENT_3D('',#2306,#1850,#1851);
#1703=AXIS2_PLACEMENT_3D('',#2307,#1852,#1853);
#1704=AXIS2_PLACEMENT_3D('',#2318,#1858,#1859);
#1705=AXIS2_PLACEMENT_3D('',#2324,#1862,#1863);
#1706=AXIS2_PLACEMENT_3D('',#2330,#1866,#1867);
#1707=AXIS2_PLACEMENT_3D('',#2334,#1869,#1870);
#1708=AXIS2_PLACEMENT_3D('',#2338,#1872,#1873);
#1709=AXIS2_PLACEMENT_3D('',#2342,#1875,#1876);
#1710=AXIS2_PLACEMENT_3D('',#2352,#1881,#1882);
#1711=AXIS2_PLACEMENT_3D('',#2369,#1885,#1886);
#1712=AXIS2_PLACEMENT_3D('',#2374,#1889,#1890);
#1713=AXIS2_PLACEMENT_3D('',#2486,#1893,#1894);
#1714=AXIS2_PLACEMENT_3D('',#2489,#1895,#1896);
#1715=AXIS2_PLACEMENT_3D('',#2493,#1898,#1899);
#1716=AXIS2_PLACEMENT_3D('',#2501,#1903,#1904);
#1717=AXIS2_PLACEMENT_3D('',#2507,#1907,#1908);
#1718=AXIS2_PLACEMENT_3D('',#2518,#1914,#1915);
#1719=AXIS2_PLACEMENT_3D('',#2519,#1916,#1917);
#1720=AXIS2_PLACEMENT_3D('',#2525,#1920,#1921);
#1721=AXIS2_PLACEMENT_3D('',#2526,#1922,#1923);
#1722=AXIS2_PLACEMENT_3D('',#2530,#1926,#1927);
#1723=AXIS2_PLACEMENT_3D('',#2534,#1930,#1931);
#1724=AXIS2_PLACEMENT_3D('',#2538,#1933,#1934);
#1725=AXIS2_PLACEMENT_3D('',#2542,#1936,#1937);
#1726=AXIS2_PLACEMENT_3D('',#2552,#1942,#1943);
#1727=AXIS2_PLACEMENT_3D('',#2555,#1945,#1946);
#1728=AXIS2_PLACEMENT_3D('',#2556,#1947,#1948);
#1729=AXIS2_PLACEMENT_3D('',#2559,#1949,#1950);
#1730=AXIS2_PLACEMENT_3D('',#2583,#1953,#1954);
#1731=AXIS2_PLACEMENT_3D('',#2585,#1956,#1957);
#1732=AXIS2_PLACEMENT_3D('',#2594,#1958,#1959);
#1733=AXIS2_PLACEMENT_3D('',#2597,#1962,#1963);
#1734=AXIS2_PLACEMENT_3D('',#2601,#1966,#1967);
#1735=AXIS2_PLACEMENT_3D('',#2603,#1969,#1970);
#1736=AXIS2_PLACEMENT_3D('',#2607,#1973,#1974);
#1737=AXIS2_PLACEMENT_3D('',#2611,#1977,#1978);
#1738=AXIS2_PLACEMENT_3D('',#2622,#1981,#1982);
#1739=AXIS2_PLACEMENT_3D('',#2624,#1984,#1985);
#1740=AXIS2_PLACEMENT_3D('',#2628,#1988,#1989);
#1741=AXIS2_PLACEMENT_3D('',#2639,#1992,#1993);
#1742=AXIS2_PLACEMENT_3D('',#2641,#1995,#1996);
#1743=AXIS2_PLACEMENT_3D('',#2647,#2000,#2001);
#1744=AXIS2_PLACEMENT_3D('',#2651,#2004,#2005);
#1745=AXIS2_PLACEMENT_3D('',#2664,#2009,#2010);
#1746=AXIS2_PLACEMENT_3D('',#2667,#2012,#2013);
#1747=AXIS2_PLACEMENT_3D('',#2668,#2014,#2015);
#1748=AXIS2_PLACEMENT_3D('',#2679,#2018,#2019);
#1749=AXIS2_PLACEMENT_3D('',#2682,#2021,#2022);
#1750=AXIS2_PLACEMENT_3D('',#2683,#2023,#2024);
#1751=AXIS2_PLACEMENT_3D('',#2689,#2025,#2026);
#1752=AXIS2_PLACEMENT_3D('',#2690,#2027,#2028);
#1753=AXIS2_PLACEMENT_3D('',#2693,#2031,#2032);
#1754=AXIS2_PLACEMENT_3D('',#2696,#2035,#2036);
#1755=AXIS2_PLACEMENT_3D('',#2698,#2038,#2039);
#1756=AXIS2_PLACEMENT_3D('',#2708,#2045,#2046);
#1757=AXIS2_PLACEMENT_3D('',#2711,#2048,#2049);
#1758=AXIS2_PLACEMENT_3D('',#2712,#2050,#2051);
#1759=AXIS2_PLACEMENT_3D('',#2718,#2055,#2056);
#1760=AXIS2_PLACEMENT_3D('',#2728,#2063,#2064);
#1761=AXIS2_PLACEMENT_3D('',#2734,#2067,#2068);
#1762=AXIS2_PLACEMENT_3D('',#2769,#2069,#2070);
#1763=AXIS2_PLACEMENT_3D('',#2770,#2071,#2072);
#1764=AXIS2_PLACEMENT_3D('',#2774,#2075,#2076);
#1765=AXIS2_PLACEMENT_3D('',#2778,#2079,#2080);
#1766=AXIS2_PLACEMENT_3D('',#2781,#2082,#2083);
#1767=AXIS2_PLACEMENT_3D('',#2782,#2084,#2085);
#1768=AXIS2_PLACEMENT_3D('',#2786,#2088,#2089);
#1769=AXIS2_PLACEMENT_3D('',#2788,#2090,#2091);
#1770=AXIS2_PLACEMENT_3D('',#2852,#2094,#2095);
#1771=AXIS2_PLACEMENT_3D('',#2853,#2096,#2097);
#1772=AXIS2_PLACEMENT_3D('',#2855,#2099,#2100);
#1773=AXIS2_PLACEMENT_3D('',#2856,#2101,#2102);
#1774=AXIS2_PLACEMENT_3D('',#2862,#2106,#2107);
#1775=AXIS2_PLACEMENT_3D('',#2868,#2111,#2112);
#1776=AXIS2_PLACEMENT_3D('',#2872,#2115,#2116);
#1777=AXIS2_PLACEMENT_3D('',#2878,#2120,#2121);
#1778=AXIS2_PLACEMENT_3D('',#2884,#2125,#2126);
#1779=AXIS2_PLACEMENT_3D('',#2885,#2127,#2128);
#1780=AXIS2_PLACEMENT_3D('',#2887,#2130,#2131);
#1781=AXIS2_PLACEMENT_3D('',#2891,#2134,#2135);
#1782=AXIS2_PLACEMENT_3D('',#2896,#2138,#2139);
#1783=AXIS2_PLACEMENT_3D('',#2899,#2141,#2142);
#1784=AXIS2_PLACEMENT_3D('',#2900,#2143,#2144);
#1785=AXIS2_PLACEMENT_3D('',#2901,#2145,#2146);
#1786=AXIS2_PLACEMENT_3D('',#2902,#2147,#2148);
#1787=AXIS2_PLACEMENT_3D('',#2921,#2151,#2152);
#1788=AXIS2_PLACEMENT_3D('',#2923,#2153,#2154);
#1789=AXIS2_PLACEMENT_3D('',#2925,#2155,#2156);
#1790=AXIS2_PLACEMENT_3D('',#2940,#2157,#2158);
#1791=AXIS2_PLACEMENT_3D('',#2943,#2161,#2162);
#1792=AXIS2_PLACEMENT_3D('',#2947,#2165,#2166);
#1793=AXIS2_PLACEMENT_3D('',#2950,#2168,#2169);
#1794=AXIS2_PLACEMENT_3D('',#2951,#2170,#2171);
#1795=AXIS2_PLACEMENT_3D('',#2953,#2173,#2174);
#1796=AXIS2_PLACEMENT_3D('',#2956,#2177,#2178);
#1797=AXIS2_PLACEMENT_3D('',#2958,#2179,#2180);
#1798=AXIS2_PLACEMENT_3D('',#2960,#2181,#2182);
#1799=AXIS2_PLACEMENT_3D('',#2962,#2183,#2184);
#1800=AXIS2_PLACEMENT_3D('',#2966,#2186,#2187);
#1801=AXIS2_PLACEMENT_3D('',#2968,#2188,#2189);
#1802=AXIS2_PLACEMENT_3D('',#2969,#2190,#2191);
#1803=AXIS2_PLACEMENT_3D('',#2971,#2192,#2193);
#1804=AXIS2_PLACEMENT_3D('',#2973,#2194,#2195);
#1805=AXIS2_PLACEMENT_3D('',#2975,#2196,#2197);
#1806=AXIS2_PLACEMENT_3D('',#2977,#2198,#2199);
#1807=AXIS2_PLACEMENT_3D('',#2979,#2200,#2201);
#1808=AXIS2_PLACEMENT_3D('',#2980,#2202,#2203);
#1809=AXIS2_PLACEMENT_3D('',#2982,#2205,#2206);
#1810=AXIS2_PLACEMENT_3D('',#2983,#2207,#2208);
#1811=AXIS2_PLACEMENT_3D('',#2986,#2209,#2210);
#1812=AXIS2_PLACEMENT_3D('',#2988,#2212,#2213);
#1813=AXIS2_PLACEMENT_3D('',#2990,#2215,#2216);
#1814=AXIS2_PLACEMENT_3D('',#2991,#2217,#2218);
#1815=AXIS2_PLACEMENT_3D('',#2992,#2219,#2220);
#1816=AXIS2_PLACEMENT_3D('',#2993,#2221,#2222);
#1817=AXIS2_PLACEMENT_3D('',#2994,#2223,#2224);
#1818=AXIS2_PLACEMENT_3D('',#2996,#2225,#2226);
#1819=AXIS2_PLACEMENT_3D('',#2998,#2227,#2228);
#1820=AXIS2_PLACEMENT_3D('',#3000,#2229,#2230);
#1821=AXIS2_PLACEMENT_3D('',#3002,#2231,#2232);
#1822=AXIS2_PLACEMENT_3D('',#3004,#2233,#2234);
#1823=AXIS2_PLACEMENT_3D('',#3005,#2235,#2236);
#1824=AXIS2_PLACEMENT_3D('',#3006,#2237,#2238);
#1825=AXIS2_PLACEMENT_3D('',#3010,#2240,#2241);
#1826=AXIS2_PLACEMENT_3D('',#3012,#2243,#2244);
#1827=AXIS2_PLACEMENT_3D('',#3016,#2247,#2248);
#1828=AXIS2_PLACEMENT_3D('',#3018,#2250,#2251);
#1829=AXIS2_PLACEMENT_3D('',#3020,#2253,#2254);
#1830=AXIS2_PLACEMENT_3D('',#3021,#2255,#2256);
#1831=AXIS2_PLACEMENT_3D('',#3024,#2258,#2259);
#1832=AXIS2_PLACEMENT_3D('',#3025,#2260,#2261);
#1833=AXIS2_PLACEMENT_3D('',#3027,#2263,#2264);
#1834=AXIS2_PLACEMENT_3D('',#3029,#2266,#2267);
#1835=AXIS2_PLACEMENT_3D('',#3030,#2268,#2269);
#1836=AXIS2_PLACEMENT_3D('',#3032,#2271,#2272);
#1837=AXIS2_PLACEMENT_3D('',#3034,#2274,#2275);
#1838=AXIS2_PLACEMENT_3D('',#3063,#2276,#2277);
#1839=AXIS2_PLACEMENT_3D('',#3065,#2278,#2279);
#1840=AXIS2_PLACEMENT_3D('',#3067,#2280,#2281);
#1841=AXIS2_PLACEMENT_3D('',#3068,#2282,#2283);
#1842=AXIS2_PLACEMENT_3D('',#3069,#2284,#2285);
#1843=AXIS2_PLACEMENT_3D('',#3070,#2286,#2287);
#1844=AXIS2_PLACEMENT_3D('',#3072,#2289,#2290);
#1845=AXIS2_PLACEMENT_3D('',#3074,#2292,#2293);
#1846=AXIS2_PLACEMENT_3D('',#3076,#2295,#2296);
#1847=AXIS2_PLACEMENT_3D('',#3078,#2298,#2299);
#1848=AXIS2_PLACEMENT_3D('',#3080,#2301,#2302);
#1849=AXIS2_PLACEMENT_3D('',#3082,#2304,#2305);
#1850=DIRECTION('axis',(0.,0.,1.));
#1851=DIRECTION('refdir',(1.,0.,0.));
#1852=DIRECTION('center_axis',(1.,0.,0.));
#1853=DIRECTION('ref_axis',(0.,-1.,-7.66497976201207E-12));
#1854=DIRECTION('',(0.,0.,1.));
#1855=DIRECTION('',(0.,-0.0290090390453809,0.999579149269163));
#1856=DIRECTION('',(0.,-0.999579149269163,-0.0290090390453823));
#1857=DIRECTION('',(0.,1.,0.));
#1858=DIRECTION('center_axis',(-1.,0.,0.));
#1859=DIRECTION('ref_axis',(0.,-0.707106781186543,0.707106781186552));
#1860=DIRECTION('',(0.,0.,1.));
#1861=DIRECTION('',(0.,-1.,0.));
#1862=DIRECTION('center_axis',(1.,0.,0.));
#1863=DIRECTION('ref_axis',(0.,0.,-1.));
#1864=DIRECTION('',(0.,-1.,-7.66497976201207E-12));
#1865=DIRECTION('',(0.,-7.66497976201209E-12,1.));
#1866=DIRECTION('center_axis',(-1.,0.,0.));
#1867=DIRECTION('ref_axis',(0.,-0.707106781181129,-0.707106781191966));
#1868=DIRECTION('',(0.,-1.,-7.66497976201207E-12));
#1869=DIRECTION('center_axis',(1.,0.,0.));
#1870=DIRECTION('ref_axis',(0.,0.,-1.));
#1871=DIRECTION('',(0.,1.,0.));
#1872=DIRECTION('center_axis',(1.,0.,0.));
#1873=DIRECTION('ref_axis',(0.,0.707106781186547,0.707106781186547));
#1874=DIRECTION('',(0.,0.,-1.));
#1875=DIRECTION('center_axis',(-1.,0.,0.));
#1876=DIRECTION('ref_axis',(0.,-0.707106781186549,-0.707106781186546));
#1877=DIRECTION('',(0.,1.,0.));
#1878=DIRECTION('',(0.,0.,-1.));
#1879=DIRECTION('',(0.,-1.,0.));
#1880=DIRECTION('',(0.,0.,1.));
#1881=DIRECTION('center_axis',(-1.,0.,0.));
#1882=DIRECTION('ref_axis',(0.,0.707106781186549,0.707106781186546));
#1883=DIRECTION('',(0.,-1.,0.));
#1884=DIRECTION('',(0.,0.,1.));
#1885=DIRECTION('center_axis',(1.,0.,0.));
#1886=DIRECTION('ref_axis',(0.,0.,-1.));
#1887=DIRECTION('',(0.,-1.,-7.66497976201207E-12));
#1888=DIRECTION('',(0.,7.66497976201209E-12,-1.));
#1889=DIRECTION('center_axis',(-1.,0.,0.));
#1890=DIRECTION('ref_axis',(-5.42784394409465E-15,-0.0061810883082414,-0.999980896891199));
#1891=DIRECTION('',(-1.,0.,0.));
#1892=DIRECTION('',(-1.,0.,0.));
#1893=DIRECTION('center_axis',(0.999980635892709,-0.0052092726765251,0.00340460244307221));
#1894=DIRECTION('ref_axis',(-2.48897297370117E-15,0.547084953999824,0.8370770891065));
#1895=DIRECTION('center_axis',(-0.999980635892709,0.0052092726765251,-0.00340460244307221));
#1896=DIRECTION('ref_axis',(0.0062231695793835,0.837060879855581,-0.547074360188619));
#1897=DIRECTION('',(-0.00520930286792901,-0.999986431489763,-7.66598596648735E-12));
#1898=DIRECTION('center_axis',(-0.999980635892709,0.0052092726765251,-0.00340460244307221));
#1899=DIRECTION('ref_axis',(-0.0062231695793835,-0.837060879856689,0.547074360186923));
#1900=DIRECTION('',(-0.00340464863858657,-7.66493534045775E-12,0.999994204167028));
#1901=DIRECTION('',(-2.48897297370117E-15,0.547084953999824,0.8370770891065));
#1902=DIRECTION('',(0.00520930286792901,0.999986431489763,7.66643605079572E-12));
#1903=DIRECTION('center_axis',(-0.999980635892709,0.0052092726765251,-0.00340460244307221));
#1904=DIRECTION('ref_axis',(0.0062231695793835,0.837060879856346,-0.547074360187448));
#1905=DIRECTION('',(-0.00520930286795511,-0.999986431489763,1.12891082248758E-21));
#1906=DIRECTION('',(-0.00340464863854664,-3.38811215197127E-21,0.999994204167028));
#1907=DIRECTION('center_axis',(-0.999980635892709,0.0052092726765251,-0.00340460244307221));
#1908=DIRECTION('ref_axis',(-0.0062231695793835,-0.837060879855883,0.547074360188156));
#1909=DIRECTION('',(0.00520930286795511,0.999986431489763,-1.12891082248758E-21));
#1910=DIRECTION('',(0.00510834837195391,0.99956610706363,0.0290086605442403));
#1911=DIRECTION('',(0.0035543319833769,0.0290088558052075,-0.999572835269659));
#1912=DIRECTION('',(0.00340464863854664,3.38811215197127E-21,-0.999994204167028));
#1913=DIRECTION('',(-2.48932818802672E-15,0.547084953999824,0.8370770891065));
#1914=DIRECTION('center_axis',(0.999980635892709,-0.0052092726765251,0.00340460244307221));
#1915=DIRECTION('ref_axis',(0.0062231695793835,0.837060879855353,-0.547074360188968));
#1916=DIRECTION('center_axis',(0.999980635892709,-0.0052092726765251,0.00340460244307221));
#1917=DIRECTION('ref_axis',(2.48897297370117E-15,-0.547084953999824,-0.8370770891065));
#1918=DIRECTION('',(0.00340464863858657,7.66493534045777E-12,-0.999994204167028));
#1919=DIRECTION('',(0.00520930286792901,0.999986431489763,7.66487575852679E-12));
#1920=DIRECTION('center_axis',(-0.999980635892709,0.0052092726765251,-0.00340460244307221));
#1921=DIRECTION('ref_axis',(0.0062231695793835,0.837060879856346,-0.547074360187448));
#1922=DIRECTION('center_axis',(0.0052092424844506,0.999986431647041,1.77357431259488E-5));
#1923=DIRECTION('ref_axis',(0.00340464863854664,0.,-0.999994204167028));
#1924=DIRECTION('',(-0.999980635892709,0.00520927267652493,-0.00340460244305818));
#1925=DIRECTION('',(-0.00340464863854664,0.,0.999994204167028));
#1926=DIRECTION('center_axis',(0.006223169579388,0.837060879855935,-0.547074360188077));
#1927=DIRECTION('ref_axis',(2.48933599802059E-15,-0.547084953999824,-0.8370770891065));
#1928=DIRECTION('',(0.,-0.547084953999824,-0.8370770891065));
#1929=DIRECTION('',(-0.999977132940541,0.006657328231574,-0.00118893937297259));
#1930=DIRECTION('center_axis',(-1.,0.,0.));
#1931=DIRECTION('ref_axis',(0.,1.,7.66497976201207E-12));
#1932=DIRECTION('',(0.,-1.,0.));
#1933=DIRECTION('center_axis',(-1.,0.,0.));
#1934=DIRECTION('ref_axis',(0.,0.,-1.));
#1935=DIRECTION('',(0.,1.,0.));
#1936=DIRECTION('center_axis',(1.,0.,0.));
#1937=DIRECTION('ref_axis',(0.,0.707106781186549,0.707106781186546));
#1938=DIRECTION('',(0.,0.,-1.));
#1939=DIRECTION('',(0.,1.,0.));
#1940=DIRECTION('',(0.,0.,1.));
#1941=DIRECTION('',(0.,-1.,0.));
#1942=DIRECTION('center_axis',(1.,0.,0.));
#1943=DIRECTION('ref_axis',(0.,-0.707106781186549,-0.707106781186546));
#1944=DIRECTION('',(0.,0.,1.));
#1945=DIRECTION('center_axis',(-1.,0.,0.));
#1946=DIRECTION('ref_axis',(0.,0.707106781186547,0.707106781186547));
#1947=DIRECTION('center_axis',(-0.999980635892709,0.00520927267652493,-0.00340460244305818));
#1948=DIRECTION('ref_axis',(0.00406631231649483,0.961091384362652,0.276200680679874));
#1949=DIRECTION('center_axis',(-1.,0.,0.));
#1950=DIRECTION('ref_axis',(0.,-0.8370770891065,0.547084953999824));
#1951=DIRECTION('',(-0.999980635892709,0.00520927267652493,-0.00340460244305818));
#1952=DIRECTION('',(-0.999980635892709,0.00520927267652493,-0.00340460244305818));
#1953=DIRECTION('center_axis',(-0.999980635892709,0.0052092726765251,-0.00340460244307221));
#1954=DIRECTION('ref_axis',(0.00622316957938351,0.837060879855353,-0.547074360188968));
#1955=DIRECTION('',(0.999980635892709,-0.00520927267652493,0.00340460244305818));
#1956=DIRECTION('center_axis',(-0.999980635892709,0.0052092726765251,-0.00340460244307221));
#1957=DIRECTION('ref_axis',(0.00622316957938351,0.837060879855353,-0.547074360188968));
#1958=DIRECTION('center_axis',(0.999980635892709,-0.0052092726765251,0.00340460244307221));
#1959=DIRECTION('ref_axis',(0.0062231695793835,0.837060879856346,-0.547074360187448));
#1960=DIRECTION('',(-0.999980635892709,0.00520927267652493,-0.00340460244305818));
#1961=DIRECTION('',(-0.999980635892709,0.00520927267652493,-0.00340460244305818));
#1962=DIRECTION('center_axis',(-0.00340455624771501,1.77355976060538E-5,
0.999994204324308));
#1963=DIRECTION('ref_axis',(0.00520930286792901,0.999986431489763,7.6648757596557E-12));
#1964=DIRECTION('',(-0.00520930286792901,-0.999986431489763,-7.6648757596557E-12));
#1965=DIRECTION('',(-0.999980635892709,0.00520927267652493,-0.00340460244305818));
#1966=DIRECTION('center_axis',(0.0052092424844245,0.999986431647041,1.77357507909438E-5));
#1967=DIRECTION('ref_axis',(0.00340464863858657,7.66493533706965E-12,-0.999994204167028));
#1968=DIRECTION('',(-0.00340464863858657,-7.66493533706965E-12,0.999994204167028));
#1969=DIRECTION('center_axis',(0.00510828383762206,0.999565580521386,0.0290268095590956));
#1970=DIRECTION('ref_axis',(0.0035543319833769,0.0290088558052075,-0.999572835269659));
#1971=DIRECTION('',(-0.0035543319833769,-0.0290088558052075,0.999572835269659));
#1972=DIRECTION('',(-0.999980635892709,0.00520927267652493,-0.00340460244305818));
#1973=DIRECTION('center_axis',(-0.00355423923286269,-0.028990706922078,
0.999573362137884));
#1974=DIRECTION('ref_axis',(0.00510834837195391,0.99956610706363,0.0290086605442403));
#1975=DIRECTION('',(-0.00510834837195391,-0.99956610706363,-0.0290086605442403));
#1976=DIRECTION('',(-0.999980635892709,0.00520927267652493,-0.00340460244305818));
#1977=DIRECTION('center_axis',(-0.00340455624767508,1.773560527087E-5,0.999994204324308));
#1978=DIRECTION('ref_axis',(0.00520930286795511,0.999986431489763,0.));
#1979=DIRECTION('',(-0.00520930286795511,-0.999986431489763,0.));
#1980=DIRECTION('',(-0.999980635892709,0.00520927267652493,-0.00340460244305818));
#1981=DIRECTION('center_axis',(0.999980635892709,-0.0052092726765251,0.00340460244307221));
#1982=DIRECTION('ref_axis',(-0.0062231695793835,-0.837060879855883,0.547074360188156));
#1983=DIRECTION('',(-0.999980635892709,0.00520927267652493,-0.00340460244305818));
#1984=DIRECTION('center_axis',(-0.0052092424844506,-0.999986431647041,-1.77357431259488E-5));
#1985=DIRECTION('ref_axis',(-0.00340464863854664,0.,0.999994204167028));
#1986=DIRECTION('',(0.00340464863854664,0.,-0.999994204167028));
#1987=DIRECTION('',(-0.999980635892709,0.00520927267652493,-0.00340460244305818));
#1988=DIRECTION('center_axis',(0.00340455624767508,-1.773560527087E-5,-0.999994204324308));
#1989=DIRECTION('ref_axis',(-0.00520930286795511,-0.999986431489763,0.));
#1990=DIRECTION('',(0.00520930286795511,0.999986431489763,0.));
#1991=DIRECTION('',(-0.999980635892709,0.00520927267652493,-0.00340460244305818));
#1992=DIRECTION('center_axis',(0.999980635892709,-0.0052092726765251,0.00340460244307221));
#1993=DIRECTION('ref_axis',(0.0062231695793835,0.837060879856346,-0.547074360187448));
#1994=DIRECTION('',(-0.999980635892709,0.00520927267652493,-0.00340460244305818));
#1995=DIRECTION('center_axis',(-0.00340455624771502,1.77355976044935E-5,
0.999994204324308));
#1996=DIRECTION('ref_axis',(0.00520930286792901,0.999986431489763,7.66643605192463E-12));
#1997=DIRECTION('',(-0.00520930286792901,-0.999986431489763,-7.66643605192463E-12));
#1998=DIRECTION('',(-0.999980635892709,0.00520927267652493,-0.00340460244305818));
#1999=DIRECTION('',(-0.99997236489104,0.00743434289095054,5.6995687708125E-14));
#2000=DIRECTION('center_axis',(-0.00622316957937569,-0.837060879855935,
0.547074360188077));
#2001=DIRECTION('ref_axis',(-2.48933599802059E-15,0.547084953999824,0.8370770891065));
#2002=DIRECTION('',(0.,-0.547084953999824,-0.8370770891065));
#2003=DIRECTION('',(-0.999980635892709,0.00520927267652493,-0.00340460244305818));
#2004=DIRECTION('center_axis',(-0.0052092424844245,-0.999986431647041,-1.77357507909438E-5));
#2005=DIRECTION('ref_axis',(-0.00340464863858657,-7.66493533706964E-12,
0.999994204167028));
#2006=DIRECTION('',(0.00340464863858657,7.66493533706964E-12,-0.999994204167028));
#2007=DIRECTION('',(0.999980635892709,-0.00520927267652493,0.00340460244308068));
#2008=DIRECTION('',(-0.999980635892709,0.00520927267652493,-0.00340460244305818));
#2009=DIRECTION('center_axis',(0.999980635892709,-0.0052092726765251,0.00340460244307221));
#2010=DIRECTION('ref_axis',(-0.0062231695793835,-0.837060879856689,0.547074360186923));
#2011=DIRECTION('',(-0.999980635892709,0.00520927267652493,-0.00340460244305818));
#2012=DIRECTION('center_axis',(0.999980635892709,-0.0052092726765251,0.00340460244307221));
#2013=DIRECTION('ref_axis',(-0.0062231695793835,-0.837060879856689,0.547074360186923));
#2014=DIRECTION('center_axis',(0.00340455624771501,-1.77355976049436E-5,
-0.999994204324308));
#2015=DIRECTION('ref_axis',(-0.00520930286792901,-0.999986431489763,-7.66598596761626E-12));
#2016=DIRECTION('',(0.00520930286792901,0.999986431489763,7.66598596761626E-12));
#2017=DIRECTION('',(-0.999980635892709,0.00520927267652493,-0.00340460244305818));
#2018=DIRECTION('center_axis',(0.999980635892709,-0.0052092726765251,0.00340460244307221));
#2019=DIRECTION('ref_axis',(0.00622316957938351,0.837060879855581,-0.547074360188619));
#2020=DIRECTION('',(-0.999977132940541,0.006657328231574,-0.00118893937297259));
#2021=DIRECTION('center_axis',(0.999980635892709,-0.0052092726765251,0.00340460244307221));
#2022=DIRECTION('ref_axis',(0.00622316957938351,0.837060879855581,-0.547074360188619));
#2023=DIRECTION('center_axis',(-0.999980635892709,0.00520927267652529,-0.00340460244308014));
#2024=DIRECTION('ref_axis',(9.02217810344415E-15,-0.547084953999824,-0.8370770891065));
#2025=DIRECTION('center_axis',(-1.,0.,0.));
#2026=DIRECTION('ref_axis',(0.,-0.8370770891065,0.547084953999824));
#2027=DIRECTION('center_axis',(0.,0.,-1.));
#2028=DIRECTION('ref_axis',(-1.,0.,0.));
#2029=DIRECTION('',(-1.,0.,0.));
#2030=DIRECTION('',(-1.,0.,0.));
#2031=DIRECTION('center_axis',(1.,0.,0.));
#2032=DIRECTION('ref_axis',(0.,0.,-1.));
#2033=DIRECTION('',(1.,0.,0.));
#2034=DIRECTION('',(-1.,0.,0.));
#2035=DIRECTION('center_axis',(-1.,0.,0.));
#2036=DIRECTION('ref_axis',(0.,0.,-1.));
#2037=DIRECTION('',(-1.,0.,0.));
#2038=DIRECTION('center_axis',(0.,7.6660899850367E-12,-1.));
#2039=DIRECTION('ref_axis',(-1.,0.,0.));
#2040=DIRECTION('',(1.,0.,0.));
#2041=DIRECTION('',(1.,0.,0.));
#2042=DIRECTION('',(5.32907051819773E-14,1.,7.6660899850367E-12));
#2043=DIRECTION('',(-1.,5.72111498462763E-14,4.38585822868973E-25));
#2044=DIRECTION('',(-5.32907051819773E-14,-1.,-7.6660899850367E-12));
#2045=DIRECTION('center_axis',(1.,0.,0.));
#2046=DIRECTION('ref_axis',(0.,-0.707106781181129,-0.707106781191966));
#2047=DIRECTION('',(-1.,0.,0.));
#2048=DIRECTION('center_axis',(-1.,5.32907051820075E-14,-5.91940684630206E-15));
#2049=DIRECTION('ref_axis',(0.,-0.707106781181129,-0.707106781191966));
#2050=DIRECTION('center_axis',(0.,-1.,-7.66497976201207E-12));
#2051=DIRECTION('ref_axis',(0.,7.66497976201207E-12,-1.));
#2052=DIRECTION('',(-1.,0.,0.));
#2053=DIRECTION('',(0.,7.66497976201209E-12,-1.));
#2054=DIRECTION('',(-5.91940684671053E-15,-7.66497976201207E-12,1.));
#2055=DIRECTION('center_axis',(0.,-7.66654007545213E-12,1.));
#2056=DIRECTION('ref_axis',(1.,0.,0.));
#2057=DIRECTION('',(1.,0.,0.));
#2058=DIRECTION('',(0.,-1.,-7.66497976201207E-12));
#2059=DIRECTION('',(5.32907051819773E-14,1.,7.66654007545213E-12));
#2060=DIRECTION('',(1.,-5.72111498462763E-14,-4.38611573059174E-25));
#2061=DIRECTION('',(-5.32907051819773E-14,-1.,-7.66654007545213E-12));
#2062=DIRECTION('',(-1.,0.,0.));
#2063=DIRECTION('center_axis',(1.,0.,0.));
#2064=DIRECTION('ref_axis',(0.,0.,-1.));
#2065=DIRECTION('',(-1.,0.,0.));
#2066=DIRECTION('',(-1.,0.,0.));
#2067=DIRECTION('center_axis',(1.,-6.481535580607E-17,-5.68855591527379E-27));
#2068=DIRECTION('ref_axis',(0.,0.,-1.));
#2069=DIRECTION('center_axis',(-1.,6.481535580607E-17,5.68855591527379E-27));
#2070=DIRECTION('ref_axis',(0.,0.,-1.));
#2071=DIRECTION('center_axis',(0.,0.,-1.));
#2072=DIRECTION('ref_axis',(1.,0.,0.));
#2073=DIRECTION('',(1.,0.,0.));
#2074=DIRECTION('',(0.,-1.,0.));
#2075=DIRECTION('center_axis',(0.,-1.,0.));
#2076=DIRECTION('ref_axis',(0.,0.,-1.));
#2077=DIRECTION('',(1.,0.,0.));
#2078=DIRECTION('',(5.68855591527379E-27,0.,1.));
#2079=DIRECTION('center_axis',(1.,0.,0.));
#2080=DIRECTION('ref_axis',(0.,-0.707106781186549,0.707106781186546));
#2081=DIRECTION('',(-1.,0.,0.));
#2082=DIRECTION('center_axis',(-1.,6.481535580607E-17,5.68855591527379E-27));
#2083=DIRECTION('ref_axis',(0.,-0.707106781186549,0.707106781186546));
#2084=DIRECTION('center_axis',(0.,0.,1.));
#2085=DIRECTION('ref_axis',(1.,0.,0.));
#2086=DIRECTION('',(-1.,2.62447670808463E-16,0.));
#2087=DIRECTION('',(0.,1.,0.));
#2088=DIRECTION('center_axis',(1.,-3.08395284618099E-17,-5.42775700927854E-15));
#2089=DIRECTION('ref_axis',(-5.42784394409465E-15,-0.0061810883082414,-0.999980896891199));
#2090=DIRECTION('center_axis',(1.,0.,0.));
#2091=DIRECTION('ref_axis',(-5.42784394409465E-15,-0.0061810883082414,-0.999980896891199));
#2092=DIRECTION('',(1.,-3.08395284618099E-17,-5.42775700927854E-15));
#2093=DIRECTION('',(1.,-3.08395284618099E-17,-5.42775700927854E-15));
#2094=DIRECTION('center_axis',(1.,0.,0.));
#2095=DIRECTION('ref_axis',(-5.42784394409465E-15,-0.0061810883082414,-0.999980896891199));
#2096=DIRECTION('center_axis',(0.,-7.66497976201207E-12,1.));
#2097=DIRECTION('ref_axis',(1.,0.,0.));
#2098=DIRECTION('',(1.,0.,0.));
#2099=DIRECTION('center_axis',(-1.,0.,0.));
#2100=DIRECTION('ref_axis',(0.,1.,7.66497976201207E-12));
#2101=DIRECTION('center_axis',(7.61335472985235E-18,0.0290090390453823,
-0.999579149269163));
#2102=DIRECTION('ref_axis',(-1.,2.62447670808463E-16,0.));
#2103=DIRECTION('',(1.,-1.58621848159774E-16,3.01315543180035E-18));
#2104=DIRECTION('',(6.47880782163746E-17,0.999579149269163,0.0290090390453823));
#2105=DIRECTION('',(-1.,2.62447670808463E-16,0.));
#2106=DIRECTION('center_axis',(7.61335472985235E-18,0.0290090390453823,
-0.999579149269163));
#2107=DIRECTION('ref_axis',(-1.,2.62447670808463E-16,0.));
#2108=DIRECTION('',(1.,-1.58621848159782E-16,3.01315543180012E-18));
#2109=DIRECTION('',(-6.47880782163746E-17,-0.999579149269163,-0.0290090390453823));
#2110=DIRECTION('',(1.,-1.58621848159782E-16,3.01315543180012E-18));
#2111=DIRECTION('center_axis',(1.58467683295479E-16,0.999579149269163,0.0290090390453809));
#2112=DIRECTION('ref_axis',(-1.,0.,5.46270019656895E-15));
#2113=DIRECTION('',(1.,0.,-5.46270019656895E-15));
#2114=DIRECTION('',(0.,-0.0290090390453809,0.999579149269163));
#2115=DIRECTION('center_axis',(1.58467683295487E-16,0.999579149269163,0.0290090390453824));
#2116=DIRECTION('ref_axis',(-1.,0.,5.46270019656895E-15));
#2117=DIRECTION('',(0.,-0.0290090390453824,0.999579149269163));
#2118=DIRECTION('',(1.,0.,-5.46270019656895E-15));
#2119=DIRECTION('',(0.,-0.0290090390453824,0.999579149269163));
#2120=DIRECTION('center_axis',(-1.,6.481535580607E-17,5.68855591527379E-27));
#2121=DIRECTION('ref_axis',(6.481535580607E-17,1.,8.77663376003257E-11));
#2122=DIRECTION('',(0.,0.,1.));
#2123=DIRECTION('',(0.,-1.,-1.47211021150895E-9));
#2124=DIRECTION('',(0.,0.,-1.));
#2125=DIRECTION('center_axis',(-1.,0.,0.));
#2126=DIRECTION('ref_axis',(0.,1.,7.66497976201207E-12));
#2127=DIRECTION('center_axis',(1.58467683295487E-16,0.999579149269163,0.0290090390453824));
#2128=DIRECTION('ref_axis',(-1.,0.,5.46270019656895E-15));
#2129=DIRECTION('',(1.,0.,-5.46270019656895E-15));
#2130=DIRECTION('center_axis',(0.,1.,0.));
#2131=DIRECTION('ref_axis',(0.,0.,1.));
#2132=DIRECTION('',(1.,0.,0.));
#2133=DIRECTION('',(0.,0.,1.));
#2134=DIRECTION('center_axis',(0.,1.,0.));
#2135=DIRECTION('ref_axis',(-1.,0.,0.));
#2136=DIRECTION('',(0.,0.,-1.));
#2137=DIRECTION('',(1.,0.,0.));
#2138=DIRECTION('center_axis',(0.,-1.,0.));
#2139=DIRECTION('ref_axis',(-1.,0.,-7.35840376388254E-17));
#2140=DIRECTION('',(0.,0.,1.));
#2141=DIRECTION('center_axis',(0.,-1.,0.));
#2142=DIRECTION('ref_axis',(-1.,-6.45353663250563E-27,-7.35346904023317E-17));
#2143=DIRECTION('center_axis',(0.,-1.,0.));
#2144=DIRECTION('ref_axis',(-1.,-6.45353663250563E-27,-7.35346904023317E-17));
#2145=DIRECTION('center_axis',(0.,1.,7.66497976201209E-12));
#2146=DIRECTION('ref_axis',(1.,0.,0.));
#2147=DIRECTION('center_axis',(-1.,0.,0.));
#2148=DIRECTION('ref_axis',(0.,0.707106781186549,0.707106781186546));
#2149=DIRECTION('',(-1.,0.,0.));
#2150=DIRECTION('',(1.,0.,0.));
#2151=DIRECTION('center_axis',(0.,0.,-1.));
#2152=DIRECTION('ref_axis',(-1.,0.,0.));
#2153=DIRECTION('center_axis',(0.,0.,-1.));
#2154=DIRECTION('ref_axis',(0.,-1.,0.));
#2155=DIRECTION('center_axis',(0.,0.,1.));
#2156=DIRECTION('ref_axis',(0.,-1.,0.));
#2157=DIRECTION('center_axis',(1.,0.,0.));
#2158=DIRECTION('ref_axis',(0.,0.707106781186549,0.707106781186546));
#2159=DIRECTION('',(1.,0.,0.));
#2160=DIRECTION('',(-1.,0.,0.));
#2161=DIRECTION('center_axis',(0.,1.,0.));
#2162=DIRECTION('ref_axis',(0.,0.,-1.));
#2163=DIRECTION('',(0.,0.,-1.));
#2164=DIRECTION('',(-1.,0.,0.));
#2165=DIRECTION('center_axis',(0.,0.,-1.));
#2166=DIRECTION('ref_axis',(-1.,0.,0.));
#2167=DIRECTION('',(0.,0.,1.));
#2168=DIRECTION('center_axis',(0.,0.,-1.));
#2169=DIRECTION('ref_axis',(-1.,0.,0.));
#2170=DIRECTION('center_axis',(0.,1.,0.));
#2171=DIRECTION('ref_axis',(0.,0.,1.));
#2172=DIRECTION('',(1.,0.,0.));
#2173=DIRECTION('center_axis',(1.,0.,0.));
#2174=DIRECTION('ref_axis',(0.,-0.707106781186549,-0.707106781186546));
#2175=DIRECTION('',(-1.,0.,0.));
#2176=DIRECTION('',(1.,0.,0.));
#2177=DIRECTION('center_axis',(0.,0.,-1.));
#2178=DIRECTION('ref_axis',(-1.,0.,0.));
#2179=DIRECTION('center_axis',(0.,0.,1.));
#2180=DIRECTION('ref_axis',(-0.855653470264741,0.517549165610289,0.));
#2181=DIRECTION('center_axis',(0.,0.,1.));
#2182=DIRECTION('ref_axis',(-0.855653470264741,0.517549165610289,0.));
#2183=DIRECTION('center_axis',(0.,0.,-1.));
#2184=DIRECTION('ref_axis',(-0.707106781186545,0.70710678118655,0.));
#2185=DIRECTION('',(1.,0.,0.));
#2186=DIRECTION('center_axis',(0.,0.,-1.));
#2187=DIRECTION('ref_axis',(0.707106781186544,0.707106781186551,0.));
#2188=DIRECTION('center_axis',(0.,0.,1.));
#2189=DIRECTION('ref_axis',(0.855653470109257,0.517549165867347,0.));
#2190=DIRECTION('center_axis',(0.,0.,1.));
#2191=DIRECTION('ref_axis',(0.855653470109257,0.517549165867347,0.));
#2192=DIRECTION('center_axis',(0.,0.,1.));
#2193=DIRECTION('ref_axis',(-1.,0.,0.));
#2194=DIRECTION('center_axis',(0.,0.,1.));
#2195=DIRECTION('ref_axis',(-1.,0.,0.));
#2196=DIRECTION('center_axis',(0.,0.,1.));
#2197=DIRECTION('ref_axis',(-1.,0.,0.));
#2198=DIRECTION('center_axis',(0.,0.,1.));
#2199=DIRECTION('ref_axis',(-1.,0.,0.));
#2200=DIRECTION('center_axis',(0.,0.,1.));
#2201=DIRECTION('ref_axis',(-1.,0.,0.));
#2202=DIRECTION('center_axis',(1.,0.,0.));
#2203=DIRECTION('ref_axis',(0.,0.707106781186547,0.707106781186547));
#2204=DIRECTION('',(1.,0.,0.));
#2205=DIRECTION('center_axis',(0.,-1.,0.));
#2206=DIRECTION('ref_axis',(0.,0.,-1.));
#2207=DIRECTION('center_axis',(1.17202247906789E-8,6.20570261844478E-11,
-1.));
#2208=DIRECTION('ref_axis',(0.971658920027416,0.236387273623507,1.14027304538186E-8));
#2209=DIRECTION('center_axis',(0.,0.,1.));
#2210=DIRECTION('ref_axis',(0.236387273623507,-0.971658920027416,0.));
#2211=DIRECTION('',(-1.17202247906789E-8,-6.20570261844478E-11,1.));
#2212=DIRECTION('center_axis',(1.17202259538923E-8,6.20573063422891E-11,
-1.));
#2213=DIRECTION('ref_axis',(0.971658920027416,0.236387273623507,1.14027316796315E-8));
#2214=DIRECTION('',(1.17202247906789E-8,6.20570261844478E-11,-1.));
#2215=DIRECTION('center_axis',(-1.17202259539635E-8,-6.20573219548004E-11,
1.));
#2216=DIRECTION('ref_axis',(-0.999990317804472,0.00440048830370898,-1.17198394461218E-8));
#2217=DIRECTION('center_axis',(0.,0.,-1.));
#2218=DIRECTION('ref_axis',(-0.855653470264741,0.517549165610289,0.));
#2219=DIRECTION('center_axis',(0.,0.,-1.));
#2220=DIRECTION('ref_axis',(-0.855653470264741,0.517549165610289,0.));
#2221=DIRECTION('center_axis',(0.,0.,1.));
#2222=DIRECTION('ref_axis',(-1.,0.,0.));
#2223=DIRECTION('center_axis',(0.,0.,-1.));
#2224=DIRECTION('ref_axis',(0.855653470109257,0.517549165867347,0.));
#2225=DIRECTION('center_axis',(0.,0.,-1.));
#2226=DIRECTION('ref_axis',(-1.,0.,0.));
#2227=DIRECTION('center_axis',(0.,0.,-1.));
#2228=DIRECTION('ref_axis',(-1.,0.,0.));
#2229=DIRECTION('center_axis',(0.,0.,-1.));
#2230=DIRECTION('ref_axis',(-1.,0.,0.));
#2231=DIRECTION('center_axis',(0.,0.,-1.));
#2232=DIRECTION('ref_axis',(-1.,0.,0.));
#2233=DIRECTION('center_axis',(0.,0.,-1.));
#2234=DIRECTION('ref_axis',(-1.,0.,0.));
#2235=DIRECTION('center_axis',(0.,0.,1.));
#2236=DIRECTION('ref_axis',(0.855653470109257,0.517549165867347,0.));
#2237=DIRECTION('center_axis',(1.,0.,0.));
#2238=DIRECTION('ref_axis',(0.,-0.707106781186543,0.707106781186552));
#2239=DIRECTION('',(-1.,0.,0.));
#2240=DIRECTION('center_axis',(1.,-6.481535580607E-17,-5.68855591527379E-27));
#2241=DIRECTION('ref_axis',(0.,-0.707106781186543,0.707106781186552));
#2242=DIRECTION('',(1.,0.,0.));
#2243=DIRECTION('center_axis',(0.,-1.,0.));
#2244=DIRECTION('ref_axis',(0.,0.,-1.));
#2245=DIRECTION('',(0.,0.,1.));
#2246=DIRECTION('',(1.,0.,0.));
#2247=DIRECTION('center_axis',(0.,0.,1.));
#2248=DIRECTION('ref_axis',(1.,0.,0.));
#2249=DIRECTION('',(0.,-1.,0.));
#2250=DIRECTION('center_axis',(0.,0.,-1.));
#2251=DIRECTION('ref_axis',(1.,0.,0.));
#2252=DIRECTION('',(0.,-1.,0.));
#2253=DIRECTION('center_axis',(0.,1.,0.));
#2254=DIRECTION('ref_axis',(0.,0.,1.));
#2255=DIRECTION('center_axis',(1.,0.,0.));
#2256=DIRECTION('ref_axis',(0.,-0.707106781181129,-0.707106781191966));
#2257=DIRECTION('',(-1.,0.,0.));
#2258=DIRECTION('center_axis',(1.,-5.32907051820075E-14,5.91940684629901E-15));
#2259=DIRECTION('ref_axis',(0.,-0.707106781181129,-0.707106781191966));
#2260=DIRECTION('center_axis',(0.,-1.,-7.66497976201207E-12));
#2261=DIRECTION('ref_axis',(0.,7.66497976201207E-12,-1.));
#2262=DIRECTION('',(0.,7.66497976201209E-12,-1.));
#2263=DIRECTION('center_axis',(0.,-1.,-1.47211021150895E-9));
#2264=DIRECTION('ref_axis',(4.15964213029731E-6,1.47211021149621E-9,-0.999999999991349));
#2265=DIRECTION('',(0.,1.,1.47211021150895E-9));
#2266=DIRECTION('center_axis',(1.,-6.481535580607E-17,-5.68855591527379E-27));
#2267=DIRECTION('ref_axis',(-6.481535580607E-17,-1.,-8.77655647810172E-11));
#2268=DIRECTION('center_axis',(-1.,5.32907051820075E-14,-3.94745964311156E-15));
#2269=DIRECTION('ref_axis',(-5.32907051820075E-14,-1.,-2.22044604925031E-15));
#2270=DIRECTION('',(6.45947941600091E-15,2.22044604925031E-15,-1.));
#2271=DIRECTION('center_axis',(5.72111498462763E-14,1.,1.97372982155606E-15));
#2272=DIRECTION('ref_axis',(-1.,5.72111498462763E-14,-5.919406846299E-15));
#2273=DIRECTION('',(6.45947941600091E-15,2.22044604925031E-15,-1.));
#2274=DIRECTION('center_axis',(1.,-5.32907051820075E-14,3.94745964311156E-15));
#2275=DIRECTION('ref_axis',(5.32907051820075E-14,1.,2.22044604925031E-15));
#2276=DIRECTION('center_axis',(2.96924717718287E-23,-1.,8.7762162120919E-11));
#2277=DIRECTION('ref_axis',(-1.,-2.96045359246612E-23,1.00197627976536E-15));
#2278=DIRECTION('center_axis',(-1.,-2.96924717718287E-23,2.60586470468219E-33));
#2279=DIRECTION('ref_axis',(0.,-8.77617978289891E-11,-1.));
#2280=DIRECTION('center_axis',(-2.96924717718287E-23,1.,-8.7762162120919E-11));
#2281=DIRECTION('ref_axis',(-1.,-4.44089209850063E-16,1.00197627980434E-15));
#2282=DIRECTION('center_axis',(-2.96924717718287E-23,1.,-8.7762162120919E-11));
#2283=DIRECTION('ref_axis',(-1.,-4.44089209850063E-16,1.00197627980434E-15));
#2284=DIRECTION('center_axis',(-2.96924717718287E-23,1.,-8.7762162120919E-11));
#2285=DIRECTION('ref_axis',(-1.,-2.96989244433657E-23,-7.35346904023317E-17));
#2286=DIRECTION('center_axis',(0.,1.,-8.7761797828989E-11));
#2287=DIRECTION('ref_axis',(-1.,-6.45353663250563E-27,-7.35346904023317E-17));
#2288=DIRECTION('',(0.,-1.,8.7761797828989E-11));
#2289=DIRECTION('center_axis',(0.,0.,-1.));
#2290=DIRECTION('ref_axis',(-1.,0.,0.));
#2291=DIRECTION('',(0.,0.,-1.));
#2292=DIRECTION('center_axis',(0.,0.,-1.));
#2293=DIRECTION('ref_axis',(-1.,0.,0.));
#2294=DIRECTION('',(0.,0.,-1.));
#2295=DIRECTION('center_axis',(0.,0.,-1.));
#2296=DIRECTION('ref_axis',(-1.,0.,0.));
#2297=DIRECTION('',(0.,0.,-1.));
#2298=DIRECTION('center_axis',(0.,0.,-1.));
#2299=DIRECTION('ref_axis',(-1.,0.,0.));
#2300=DIRECTION('',(0.,0.,-1.));
#2301=DIRECTION('center_axis',(0.,0.,-1.));
#2302=DIRECTION('ref_axis',(-1.,0.,0.));
#2303=DIRECTION('',(0.,0.,-1.));
#2304=DIRECTION('center_axis',(0.,0.,-1.));
#2305=DIRECTION('ref_axis',(1.,0.,0.));
#2306=CARTESIAN_POINT('',(0.,0.,0.));
#2307=CARTESIAN_POINT('Origin',(-83.5000014156103,-7.6562490024724,22.7583426133342));
#2308=CARTESIAN_POINT('',(-83.5000014156103,0.,27.4000000000191));
#2309=CARTESIAN_POINT('',(-83.5000014156103,9.93337579923911E-5,28.2824770262741));
#2310=CARTESIAN_POINT('',(-83.5000014156103,9.93337579923911E-5,28.0000000000191));
#2311=CARTESIAN_POINT('',(-83.5000014156103,-0.00347564703036818,28.4056619497558));
#2312=CARTESIAN_POINT('',(-83.5000014156103,9.93337579923911E-5,28.2824770262741));
#2313=CARTESIAN_POINT('',(-83.5000014156103,-3.33420540106826,28.3090000000191));
#2314=CARTESIAN_POINT('',(-83.5000014156103,-5.57388438502141,28.2440017038683));
#2315=CARTESIAN_POINT('',(-83.5000014156103,-4.24967103861802,28.3090000000191));
#2316=CARTESIAN_POINT('',(-83.5000014156103,-4.29967103861802,28.3090000000191));
#2317=CARTESIAN_POINT('',(-83.5000014156103,-4.79967103861802,27.7589999935461));
#2318=CARTESIAN_POINT('Origin',(-83.5000014156103,-4.24967103861802,27.7589999935461));
#2319=CARTESIAN_POINT('',(-83.5000014156103,-4.79967103861802,27.2500000000191));
#2320=CARTESIAN_POINT('',(-83.5000014156103,-4.79967103861802,27.4000000000191));
#2321=CARTESIAN_POINT('',(-83.5000014156103,-4.29967103861802,27.2500000000191));
#2322=CARTESIAN_POINT('',(-83.5000014156103,-4.29967103861802,27.2500000000191));
#2323=CARTESIAN_POINT('',(-83.5000014156103,-7.78713200614367,24.0459999999939));
#2324=CARTESIAN_POINT('Origin',(-83.5000014156103,-4.29967103861802,23.7500000000191));
#2325=CARTESIAN_POINT('',(-83.5000014156103,-11.0000000002117,24.0459999999693));
#2326=CARTESIAN_POINT('',(-83.5000014156103,-10.0000000002117,24.0459999999769));
#2327=CARTESIAN_POINT('',(-83.5000014156103,-11.0000000001918,21.4583426133085));
#2328=CARTESIAN_POINT('',(-83.5000014156103,-11.0000000002018,22.7583426133085));
#2329=CARTESIAN_POINT('',(-83.5000014156103,-10.0000000001842,20.4583426133162));
#2330=CARTESIAN_POINT('Origin',(-83.5000014156103,-10.0000000001918,21.4583426133162));
#2331=CARTESIAN_POINT('',(-83.5000014156103,-6.46852981770564,20.4583426133433));
#2332=CARTESIAN_POINT('',(-83.5000014156103,-10.5000000001842,20.4583426133124));
#2333=CARTESIAN_POINT('',(-83.5000012665987,-0.500000000219072,17.5));
#2334=CARTESIAN_POINT('Origin',(-83.5000014156103,-0.500000000219071,25.));
#2335=CARTESIAN_POINT('',(-83.5000012665987,22.7500004842877,17.5));
#2336=CARTESIAN_POINT('',(-83.5000012665987,27.4999998509884,17.5));
#2337=CARTESIAN_POINT('',(-83.5000012665987,24.0000004842877,16.25));
#2338=CARTESIAN_POINT('Origin',(-83.5000014156103,22.7500004842877,16.25));
#2339=CARTESIAN_POINT('',(-83.5000012665987,24.0000004842877,9.));
#2340=CARTESIAN_POINT('',(-83.5000012665987,24.0000004842877,9.));
#2341=CARTESIAN_POINT('',(-83.5000012665987,25.0000004842877,8.));
#2342=CARTESIAN_POINT('Origin',(-83.5000014156103,25.0000004842877,9.));
#2343=CARTESIAN_POINT('',(-83.5000012665987,38.8961905330308,8.));
#2344=CARTESIAN_POINT('',(-83.5000012665987,37.4999998509884,8.));
#2345=CARTESIAN_POINT('',(-83.5000014156103,38.8961905330308,10.));
#2346=CARTESIAN_POINT('',(-83.5000014156103,38.8961905330308,9.));
#2347=CARTESIAN_POINT('',(-83.5000014156103,28.2669078621367,10.));
#2348=CARTESIAN_POINT('',(-83.5000014156103,13.7500002793968,10.));
#2349=CARTESIAN_POINT('',(-83.5000014156103,28.2669078621367,19.));
#2350=CARTESIAN_POINT('',(-83.5000014156103,28.2669078621367,20.));
#2351=CARTESIAN_POINT('',(-83.5000012665987,27.2669078621367,20.));
#2352=CARTESIAN_POINT('Origin',(-83.5000014156103,27.2669078621367,19.));
#2353=CARTESIAN_POINT('',(-83.5000012665987,2.5,20.));
#2354=CARTESIAN_POINT('',(-83.5000012665987,27.4999998509884,20.));
#2355=CARTESIAN_POINT('',(-83.5000014156103,0.,22.5));
#2356=CARTESIAN_POINT('Ctrl Pts',(-83.5000014156103,0.,22.5));
#2357=CARTESIAN_POINT('Ctrl Pts',(-83.5000014156103,2.31296463463574E-17,
21.8961914180194));
#2358=CARTESIAN_POINT('Ctrl Pts',(-83.5000014156103,0.16382122115278,21.3185506619534));
#2359=CARTESIAN_POINT('Ctrl Pts',(-83.5000014156103,0.497392993480043,20.8832163565097));
#2360=CARTESIAN_POINT('Ctrl Pts',(-83.5000014156103,0.719774175031551,20.5929934862139));
#2361=CARTESIAN_POINT('Ctrl Pts',(-83.5000014156103,1.01760004599394,20.3660179273057));
#2362=CARTESIAN_POINT('Ctrl Pts',(-83.5000014156103,1.36202173857261,20.2177695557523));
#2363=CARTESIAN_POINT('Ctrl Pts',(-83.5000014156103,1.70644343115128,20.0695211841988));
#2364=CARTESIAN_POINT('Ctrl Pts',(-83.5000014156103,2.09746094534624,20.));
#2365=CARTESIAN_POINT('Ctrl Pts',(-83.5000014156103,2.5,20.));
#2366=CARTESIAN_POINT('',(-83.5000014156103,0.,27.25));
#2367=CARTESIAN_POINT('',(-83.5000014156103,-7.79967103861802,23.7499999999938));
#2368=CARTESIAN_POINT('',(-83.5000014156103,-7.6562490024724,22.7583426133342));
#2369=CARTESIAN_POINT('Origin',(-83.5000014156103,-4.29967103861802,23.7500000000191));
#2370=CARTESIAN_POINT('',(-83.5000014156103,-7.79967103861042,22.7583426133331));
#2371=CARTESIAN_POINT('',(-83.5000014156103,-8.00000000020181,22.7583426133315));
#2372=CARTESIAN_POINT('',(-83.5000014156103,-7.79967103861802,23.7499999999938));
#2373=CARTESIAN_POINT('',(-83.5000014156103,-4.34368450154037,26.2540662401488));
#2374=CARTESIAN_POINT('Origin',(-83.5000014156103,-4.35913722231097,23.7541139979208));
#2375=CARTESIAN_POINT('Ctrl Pts',(-96.5029848121724,2.5,20.));
#2376=CARTESIAN_POINT('Ctrl Pts',(-92.1686569636478,2.5,20.));
#2377=CARTESIAN_POINT('Ctrl Pts',(-87.8343291151233,2.5,20.));
#2378=CARTESIAN_POINT('Ctrl Pts',(-83.5000012665987,2.5,20.));
#2379=CARTESIAN_POINT('Ctrl Pts',(-96.5029848121724,2.09746094534624,20.));
#2380=CARTESIAN_POINT('Ctrl Pts',(-92.1686569636478,2.09746094534624,20.));
#2381=CARTESIAN_POINT('Ctrl Pts',(-87.8343291151233,2.09746094534624,20.));
#2382=CARTESIAN_POINT('Ctrl Pts',(-83.5000012665987,2.09746094534624,20.));
#2383=CARTESIAN_POINT('Ctrl Pts',(-96.5029848121725,1.31542591695633,20.1390423683976));
#2384=CARTESIAN_POINT('Ctrl Pts',(-92.1686569636479,1.31542591695633,20.1390423683976));
#2385=CARTESIAN_POINT('Ctrl Pts',(-87.8343291151233,1.31542591695633,20.1390423683976));
#2386=CARTESIAN_POINT('Ctrl Pts',(-83.5000012665987,1.31542591695633,20.1390423683976));
#2387=CARTESIAN_POINT('Ctrl Pts',(-96.5029848121724,0.273035368587967,20.933456824576));
#2388=CARTESIAN_POINT('Ctrl Pts',(-92.1686569636478,0.273035368587967,20.933456824576));
#2389=CARTESIAN_POINT('Ctrl Pts',(-87.8343291151233,0.273035368587967,20.933456824576));
#2390=CARTESIAN_POINT('Ctrl Pts',(-83.5000012665987,0.273035368587967,20.933456824576));
#2391=CARTESIAN_POINT('Ctrl Pts',(-96.5029848121724,0.,21.8961914180194));
#2392=CARTESIAN_POINT('Ctrl Pts',(-92.1686569636479,0.,21.8961914180194));
#2393=CARTESIAN_POINT('Ctrl Pts',(-87.8343291151233,0.,21.8961914180194));
#2394=CARTESIAN_POINT('Ctrl Pts',(-83.5000012665987,0.,21.8961914180194));
#2395=CARTESIAN_POINT('Ctrl Pts',(-96.5029848121724,0.,22.5));
#2396=CARTESIAN_POINT('Ctrl Pts',(-92.1686569636478,0.,22.5));
#2397=CARTESIAN_POINT('Ctrl Pts',(-87.8343291151233,0.,22.5));
#2398=CARTESIAN_POINT('Ctrl Pts',(-83.5000012665987,0.,22.5));
#2399=CARTESIAN_POINT('',(-96.5000014156103,2.5,20.));
#2400=CARTESIAN_POINT('',(-95.0000014156103,2.5,20.));
#2401=CARTESIAN_POINT('',(-96.5000014156103,0.402993337414971,21.0154723585182));
#2402=CARTESIAN_POINT('Ctrl Pts',(-96.5000014156103,2.5,20.));
#2403=CARTESIAN_POINT('Ctrl Pts',(-96.5000014156103,2.09746094534624,20.));
#2404=CARTESIAN_POINT('Ctrl Pts',(-96.5000014156103,1.70644343115129,20.0695211841988));
#2405=CARTESIAN_POINT('Ctrl Pts',(-96.5000014156103,1.36202173857261,20.2177695557523));
#2406=CARTESIAN_POINT('Ctrl Pts',(-96.5000014156103,1.01760004599394,20.3660179273057));
#2407=CARTESIAN_POINT('Ctrl Pts',(-96.5000014156103,0.719774175031551,20.5929934862139));
#2408=CARTESIAN_POINT('Ctrl Pts',(-96.5000014156103,0.497392993480043,20.8832163565097));
#2409=CARTESIAN_POINT('Ctrl Pts',(-96.5000014156103,0.464638843593553,20.9259627945303));
#2410=CARTESIAN_POINT('Ctrl Pts',(-96.5000014156103,0.433521379348381,20.9700813101248));
#2411=CARTESIAN_POINT('Ctrl Pts',(-96.5000014156103,0.40403498720555,21.0154619501121));
#2412=CARTESIAN_POINT('',(-96.4960209994948,0.402978531761502,21.0154949835436));
#2413=CARTESIAN_POINT('Ctrl Pts',(-96.4960209994948,0.402978531761056,21.0154949835429));
#2414=CARTESIAN_POINT('Ctrl Pts',(-96.4973478049013,0.402983466945502,21.0154874418164));
#2415=CARTESIAN_POINT('Ctrl Pts',(-96.4986746102731,0.402988402163312,21.0154799001413));
#2416=CARTESIAN_POINT('Ctrl Pts',(-96.5000014156103,0.402993337414486,21.0154723585177));
#2417=CARTESIAN_POINT('',(-96.5029848121724,0.000427160359474941,22.4449358803697));
#2418=CARTESIAN_POINT('Ctrl Pts',(-96.4960209994948,0.404020278808013,21.0154845871887));
#2419=CARTESIAN_POINT('Ctrl Pts',(-96.4964435592912,0.363701293664847,21.0775387008967));
#2420=CARTESIAN_POINT('Ctrl Pts',(-96.4968570550725,0.326558986775305,21.141749045797));
#2421=CARTESIAN_POINT('Ctrl Pts',(-96.4972610433816,0.292474689877991,21.2079086182665));
#2422=CARTESIAN_POINT('Ctrl Pts',(-96.4975282414571,0.26993131837942,21.2516665935259));
#2423=CARTESIAN_POINT('Ctrl Pts',(-96.4977912804828,0.248726500606475,21.2962780965678));
#2424=CARTESIAN_POINT('Ctrl Pts',(-96.4980500321533,0.228835414804035,21.3416912168255));
#2425=CARTESIAN_POINT('Ctrl Pts',(-96.4984488809812,0.198174603070488,21.4116925804658));
#2426=CARTESIAN_POINT('Ctrl Pts',(-96.4988343506306,0.170875550827936,21.4830449954948));
#2427=CARTESIAN_POINT('Ctrl Pts',(-96.4992064706011,0.146748684368073,21.5554552678807));
#2428=CARTESIAN_POINT('Ctrl Pts',(-96.4995934895464,0.121655824125165,21.6307647096663));
#2429=CARTESIAN_POINT('Ctrl Pts',(-96.4999660684211,0.099994137372436,21.707218693594));
#2430=CARTESIAN_POINT('Ctrl Pts',(-96.5003242404116,0.0815839430262151,
21.784533219166));
#2431=CARTESIAN_POINT('Ctrl Pts',(-96.500498728393,0.0726151857457623,21.822197960834));
#2432=CARTESIAN_POINT('Ctrl Pts',(-96.5006697972267,0.0644186031956088,
21.8600675817699));
#2433=CARTESIAN_POINT('Ctrl Pts',(-96.5008374507496,0.0569762554389668,
21.8981126310826));
#2434=CARTESIAN_POINT('Ctrl Pts',(-96.5012104529878,0.0404182236014793,
21.9827567727403));
#2435=CARTESIAN_POINT('Ctrl Pts',(-96.5015660055122,0.0276164129281042,
22.068141161993));
#2436=CARTESIAN_POINT('Ctrl Pts',(-96.5019045410198,0.0183748059485351,
22.1539157847574));
#2437=CARTESIAN_POINT('Ctrl Pts',(-96.5022558689323,0.00878398189769164,
22.2429316146644));
#2438=CARTESIAN_POINT('Ctrl Pts',(-96.5025888694691,0.00302740912414865,
22.3323680367786));
#2439=CARTESIAN_POINT('Ctrl Pts',(-96.5029040262555,0.000918215901287767,
22.4218789869549));
#2440=CARTESIAN_POINT('Ctrl Pts',(-96.5029310863425,0.000737115716634627,
22.4295646031562));
#2441=CARTESIAN_POINT('Ctrl Pts',(-96.5029580148794,0.000582924708973667,
22.4372507935979));
#2442=CARTESIAN_POINT('Ctrl Pts',(-96.5029848121724,0.000455535498832871,
22.4449373528041));
#2443=CARTESIAN_POINT('',(-96.4211729245891,0.,22.5));
#2444=CARTESIAN_POINT('Ctrl Pts',(-96.5029848121724,0.000455535498835202,
22.4449373528039));
#2445=CARTESIAN_POINT('Ctrl Pts',(-96.4961769982939,0.000417734884820077,
22.4472182104789));
#2446=CARTESIAN_POINT('Ctrl Pts',(-96.4896775281642,0.00038164140348953,
22.4495384858914));
#2447=CARTESIAN_POINT('Ctrl Pts',(-96.4835350095002,0.000347510919107508,
22.4518973484631));
#2448=CARTESIAN_POINT('Ctrl Pts',(-96.4682497387842,0.000262579358947436,
22.4577672293642));
#2449=CARTESIAN_POINT('Ctrl Pts',(-96.4527719921315,0.000176472978539797,
22.464786725507));
#2450=CARTESIAN_POINT('Ctrl Pts',(-96.4410524859833,0.000111155251086292,
22.4727785655911));
#2451=CARTESIAN_POINT('Ctrl Pts',(-96.4362242002249,8.42451877059142E-5,
22.4760711008885));
#2452=CARTESIAN_POINT('Ctrl Pts',(-96.4312737194382,5.66272388621069E-5,
22.4800487254085));
#2453=CARTESIAN_POINT('Ctrl Pts',(-96.4275354868144,3.5731064787381E-5,
22.4845612212654));
#2454=CARTESIAN_POINT('Ctrl Pts',(-96.4254916369783,2.43062428844384E-5,
22.4870283935486));
#2455=CARTESIAN_POINT('Ctrl Pts',(-96.4237082469022,1.43213723815754E-5,
22.4897766644707));
#2456=CARTESIAN_POINT('Ctrl Pts',(-96.4225546683046,7.83746416799236E-6,
22.4927676981807));
#2457=CARTESIAN_POINT('Ctrl Pts',(-96.4216573756608,2.79405996860092E-6,
22.4950942258669));
#2458=CARTESIAN_POINT('Ctrl Pts',(-96.4211644345653,7.64176711258207E-20,
22.4975063580226));
#2459=CARTESIAN_POINT('Ctrl Pts',(-96.4211729245892,0.,22.5));
#2460=CARTESIAN_POINT('',(-90.3903137905105,3.3119536244799E-25,22.5));
#2461=CARTESIAN_POINT('',(-96.0127909962701,1.17093834628434E-16,22.5));
#2462=CARTESIAN_POINT('',(-89.6096890407102,3.3119536244799E-25,22.5));
#2463=CARTESIAN_POINT('Ctrl Pts',(-90.3903137905105,0.,22.5));
#2464=CARTESIAN_POINT('Ctrl Pts',(-90.338105029274,5.25874109214523E-19,
22.4828398100305));
#2465=CARTESIAN_POINT('Ctrl Pts',(-90.2848205788508,0.000127349256209257,
22.4691414853331));
#2466=CARTESIAN_POINT('Ctrl Pts',(-90.2308074065262,0.000252430979828466,
22.4589941539697));
#2467=CARTESIAN_POINT('Ctrl Pts',(-90.1788616232251,0.000372725119765279,
22.449235218262));
#2468=CARTESIAN_POINT('Ctrl Pts',(-90.1263485747492,0.000490516163953405,
22.4427806916218));
#2469=CARTESIAN_POINT('Ctrl Pts',(-90.0735846362785,0.000547038901128449,
22.4396694514369));
#2470=CARTESIAN_POINT('Ctrl Pts',(-90.0229946142597,0.000601232856339558,
22.4366863968351));
#2471=CARTESIAN_POINT('Ctrl Pts',(-89.9722899597314,0.000599193426466146,
22.4367843074258));
#2472=CARTESIAN_POINT('Ctrl Pts',(-89.9217502222437,0.000541884942909965,
22.4399538200361));
#2473=CARTESIAN_POINT('Ctrl Pts',(-89.9011931734808,0.000518574705272189,
22.4412430199513));
#2474=CARTESIAN_POINT('Ctrl Pts',(-89.8806634095385,0.000486712009260059,
22.4430405124611));
#2475=CARTESIAN_POINT('Ctrl Pts',(-89.8601797427277,0.000448786514057498,
22.4453461056625));
#2476=CARTESIAN_POINT('Ctrl Pts',(-89.8081737867319,0.000352497521816114,
22.4511997733522));
#2477=CARTESIAN_POINT('Ctrl Pts',(-89.7566220073901,0.000213687209985441,
22.4603103688838));
#2478=CARTESIAN_POINT('Ctrl Pts',(-89.7058251067332,0.000112538323320865,
22.4726098660998));
#2479=CARTESIAN_POINT('Ctrl Pts',(-89.6734471021244,4.8065903227255E-5,
22.4804495801847));
#2480=CARTESIAN_POINT('Ctrl Pts',(-89.6413757898308,3.19165606941693E-19,
22.4895850692192));
#2481=CARTESIAN_POINT('Ctrl Pts',(-89.6096890407102,0.,22.5));
#2482=CARTESIAN_POINT('Ctrl Pts',(-89.6096890407102,0.,22.5));
#2483=CARTESIAN_POINT('Ctrl Pts',(-87.5731264990102,0.,22.5));
#2484=CARTESIAN_POINT('Ctrl Pts',(-85.5365639573102,0.,22.5));
#2485=CARTESIAN_POINT('Ctrl Pts',(-83.5000014156103,0.,22.5));
#2486=CARTESIAN_POINT('Origin',(-96.4960209994947,-8.12901243547611,7.96097006758235));
#2487=CARTESIAN_POINT('',(-96.496020999492,-1.81831535728651,17.6167646600353));
#2488=CARTESIAN_POINT('',(-96.5299171585514,-6.46810265734617,20.4580634359429));
#2489=CARTESIAN_POINT('Origin',(-96.5142876944378,-0.499572839859596,24.9997208225997));
#2490=CARTESIAN_POINT('',(-96.5483139059175,-9.99957283982469,20.4580634359159));
#2491=CARTESIAN_POINT('',(-96.5382119769061,-8.06038976688992,20.4580634359307));
#2492=CARTESIAN_POINT('',(-96.5569279478403,-10.9995728398324,21.4580634359082));
#2493=CARTESIAN_POINT('Origin',(-96.551718574289,-9.99957283983235,21.4580634359159));
#2494=CARTESIAN_POINT('',(-96.564475864868,-10.9995728398493,23.6749950733321));
#2495=CARTESIAN_POINT('',(-96.5360977999365,-10.9995728397855,15.339949825082));
#2496=CARTESIAN_POINT('',(-96.564475864868,-10.757279170475,24.0457208225708));
#2497=CARTESIAN_POINT('',(-96.564475864868,-8.03623789589439,28.2090985444617));
#2498=CARTESIAN_POINT('',(-96.5490010335486,-7.78670484578419,24.0457208225936));
#2499=CARTESIAN_POINT('',(-96.5502907448857,-8.03427997634614,24.0457208225917));
#2500=CARTESIAN_POINT('',(-96.541742104085,-4.29924387825855,27.2497208226188));
#2501=CARTESIAN_POINT('Origin',(-96.529825764785,-4.29924387825854,23.7497208226188));
#2502=CARTESIAN_POINT('',(-96.5443467908607,-4.79924387825854,27.2497208226188));
#2503=CARTESIAN_POINT('',(-96.5517171067712,-6.21406196295612,27.2497208226188));
#2504=CARTESIAN_POINT('',(-96.5460797670618,-4.79924387825855,27.7587208226188));
#2505=CARTESIAN_POINT('',(-96.5115025160907,-4.79924387825854,17.6028855990907));
#2506=CARTESIAN_POINT('',(-96.5450871792128,-4.24924387825854,28.3087208226188));
#2507=CARTESIAN_POINT('Origin',(-96.5432146116085,-4.24924387825854,27.7587208226188));
#2508=CARTESIAN_POINT('',(-96.5403181767333,-3.33377824070878,28.3087208226188));
#2509=CARTESIAN_POINT('',(-96.5570584460983,-6.54726815457327,28.3087208226188));
#2510=CARTESIAN_POINT('',(-96.5232967707805,-0.00314782042888484,28.4053798895654));
#2511=CARTESIAN_POINT('',(-96.5539900354796,-6.00899254253643,28.2310827524437));
#2512=CARTESIAN_POINT('',(-96.5228587435573,0.000427160359474932,28.2821949660837));
#2513=CARTESIAN_POINT('',(-96.4871698110449,0.291704143470866,18.2455164492709));
#2514=CARTESIAN_POINT('',(-96.4740997886103,0.000427160359474585,13.9609896011072));
#2515=CARTESIAN_POINT('',(-96.4960209994948,-2.15392381432699,17.1032609560035));
#2516=CARTESIAN_POINT('',(-96.5402902055308,-4.68542478644947,26.2323943797799));
#2517=CARTESIAN_POINT('',(-96.5169954045361,-3.31975370323593,21.479946150272));
#2518=CARTESIAN_POINT('Origin',(-96.530149553148,-4.3587100619515,23.7538348205205));
#2519=CARTESIAN_POINT('Origin',(-96.5271368473917,-3.64664931645649,23.958461110726));
#2520=CARTESIAN_POINT('',(-96.5480585722148,-7.79924387825855,23.7497208225935));
#2521=CARTESIAN_POINT('',(-96.5446823076751,-7.79924387825094,22.7580634359327));
#2522=CARTESIAN_POINT('',(-96.5211810487283,-7.79924387819804,15.8554061481639));
#2523=CARTESIAN_POINT('',(-96.5439351687133,-7.65582184211293,22.7580634359338));
#2524=CARTESIAN_POINT('',(-96.546042501659,-8.060348974779,22.7580634359307));
#2525=CARTESIAN_POINT('Origin',(-96.529825764785,-4.29924387825854,23.7497208226188));
#2526=CARTESIAN_POINT('Origin',(-96.4408603314141,-5.55111512312578E-16,
28.282474143484));
#2527=CARTESIAN_POINT('',(-96.4408603314141,0.,28.282474143484));
#2528=CARTESIAN_POINT('',(-96.4408603314141,0.,28.282474143484));
#2529=CARTESIAN_POINT('',(-96.3921013764671,-5.55111512312578E-16,13.9612687785075));
#2530=CARTESIAN_POINT('Origin',(-96.4140225873516,3.82073764646265,26.2458310218249));
#2531=CARTESIAN_POINT('',(-96.5000014156103,-1.81828412213507,17.6167671732564));
#2532=CARTESIAN_POINT('',(-96.5000014156103,-0.754684972370668,19.244146017715));
#2533=CARTESIAN_POINT('',(-96.4570120014809,-1.81857032331999,17.6168182862323));
#2534=CARTESIAN_POINT('Origin',(-96.5000014156103,-10.0000000002018,22.7583426133162));
#2535=CARTESIAN_POINT('',(-96.5000014156103,22.7500004842877,17.5));
#2536=CARTESIAN_POINT('',(-96.5000014156103,-0.500000000219072,17.5));
#2537=CARTESIAN_POINT('',(-96.5000014156103,27.4999998509884,17.5));
#2538=CARTESIAN_POINT('Origin',(-96.5000014156103,-0.500000000219071,25.));
#2539=CARTESIAN_POINT('',(-96.5000014156103,27.266907942831,20.));
#2540=CARTESIAN_POINT('',(-96.5000014156103,27.4999998509884,20.));
#2541=CARTESIAN_POINT('',(-96.5000014156103,28.266907942831,19.));
#2542=CARTESIAN_POINT('Origin',(-96.5000014156103,27.266907942831,19.));
#2543=CARTESIAN_POINT('',(-96.5000014156103,28.266907942831,10.));
#2544=CARTESIAN_POINT('',(-96.5000014156103,28.266907942831,20.));
#2545=CARTESIAN_POINT('',(-96.5000014156103,38.8961905292249,10.));
#2546=CARTESIAN_POINT('',(-96.5000014156103,37.4999998509884,10.));
#2547=CARTESIAN_POINT('',(-96.5000014156103,38.8961905292249,8.));
#2548=CARTESIAN_POINT('',(-96.5000014156103,38.8961905292249,20.));
#2549=CARTESIAN_POINT('',(-96.5000014156103,25.0000004842877,8.));
#2550=CARTESIAN_POINT('',(-96.5000014156103,27.0000004842877,8.));
#2551=CARTESIAN_POINT('',(-96.5000014156103,24.0000004842877,9.));
#2552=CARTESIAN_POINT('Origin',(-96.5000014156103,25.0000004842877,9.));
#2553=CARTESIAN_POINT('',(-96.5000014156103,24.0000004842877,16.25));
#2554=CARTESIAN_POINT('',(-96.5000014156103,24.0000004842877,17.5));
#2555=CARTESIAN_POINT('Origin',(-96.5000014156103,22.7500004842877,16.25));
#2556=CARTESIAN_POINT('Origin',(-96.4451384352485,-3.64707647681596,23.9587402881263));
#2557=CARTESIAN_POINT('',(-96.5000014156103,-4.68510971959755,26.2327712818173));
#2558=CARTESIAN_POINT('',(-96.5000014156103,-3.31984223127237,21.4800040091686));
#2559=CARTESIAN_POINT('Origin',(-96.5000014156103,-3.64679067505711,23.9585534978723));
#2560=CARTESIAN_POINT('',(-96.4582917933876,-4.68585194680895,26.2326735571803));
#2561=CARTESIAN_POINT('Ctrl Pts',(-96.4582917933876,-4.68585194680895,26.2326735571803));
#2562=CARTESIAN_POINT('Ctrl Pts',(-96.4721949963112,-4.68560449696652,26.2327061751203));
#2563=CARTESIAN_POINT('Ctrl Pts',(-96.4860982138109,-4.68535708771634,26.232738750009));
#2564=CARTESIAN_POINT('Ctrl Pts',(-96.5000014156103,-4.68510971959752,26.2327712818173));
#2565=CARTESIAN_POINT('',(-96.4582917933876,-4.68585194680895,26.2326735571803));
#2566=CARTESIAN_POINT('',(-96.4349969923929,-3.3201808635954,21.4802253276724));
#2567=CARTESIAN_POINT('Ctrl Pts',(-96.4349969923929,-3.3201808635954,21.4802253276724));
#2568=CARTESIAN_POINT('Ctrl Pts',(-96.4403597285841,-4.7879134273923,20.8096075881134));
#2569=CARTESIAN_POINT('Ctrl Pts',(-96.4503054005372,-6.00343834281344,21.870958713534));
#2570=CARTESIAN_POINT('Ctrl Pts',(-96.4602510724904,-7.21896325823457,22.9323098389545));
#2571=CARTESIAN_POINT('Ctrl Pts',(-96.4630795228503,-6.75232859778262,24.4770490160021));
#2572=CARTESIAN_POINT('Ctrl Pts',(-96.4659079732101,-6.28569393733066,26.0217881930498));
#2573=CARTESIAN_POINT('Ctrl Pts',(-96.4582917933875,-4.68585194680895,26.2326735571803));
#2574=CARTESIAN_POINT('Ctrl Pts',(-96.5169954045362,-3.31975370323593,21.479946150272));
#2575=CARTESIAN_POINT('Ctrl Pts',(-96.5223581407274,-4.78748626703283,20.8093284107131));
#2576=CARTESIAN_POINT('Ctrl Pts',(-96.5323038126805,-6.00301118245396,21.8706795361336));
#2577=CARTESIAN_POINT('Ctrl Pts',(-96.5422494846337,-7.2185360978751,22.9320306615541));
#2578=CARTESIAN_POINT('Ctrl Pts',(-96.5450779349935,-6.75190143742314,24.4767698386018));
#2579=CARTESIAN_POINT('Ctrl Pts',(-96.5479063853534,-6.28526677697119,26.0215090156494));
#2580=CARTESIAN_POINT('Ctrl Pts',(-96.5402902055308,-4.68542478644947,26.2323943797799));
#2581=CARTESIAN_POINT('',(-96.4349969923929,-3.3201808635954,21.4802253276724));
#2582=CARTESIAN_POINT('',(-96.4481511410048,-5.72684960730899,21.6614212751536));
#2583=CARTESIAN_POINT('Origin',(-96.4481511410048,-4.35913722231097,23.7541139979209));
#2584=CARTESIAN_POINT('',(-96.434996992393,-3.3201808635954,21.4802253276724));
#2585=CARTESIAN_POINT('Origin',(-96.4481511410048,-4.35913722231097,23.7541139979209));
#2586=CARTESIAN_POINT('Ctrl Pts',(-96.4619367565701,-7.65624900247245,22.7583426133341));
#2587=CARTESIAN_POINT('Ctrl Pts',(-96.4643367164016,-7.79967103861436,23.2437998413132));
#2588=CARTESIAN_POINT('Ctrl Pts',(-96.4660601600715,-7.79967103861802,23.7499999999938));
#2589=CARTESIAN_POINT('Ctrl Pts',(-96.5439351687133,-7.65582184211297,22.7580634359338));
#2590=CARTESIAN_POINT('Ctrl Pts',(-96.5463351285449,-7.79924387825489,23.2435206639129));
#2591=CARTESIAN_POINT('Ctrl Pts',(-96.5480585722147,-7.79924387825854,23.7497208225935));
#2592=CARTESIAN_POINT('',(-96.4660601600715,-7.79967103861802,23.7499999999938));
#2593=CARTESIAN_POINT('',(-96.4619367565701,-7.6562490024724,22.7583426133342));
#2594=CARTESIAN_POINT('Origin',(-96.4478273526418,-4.29967103861802,23.7500000000191));
#2595=CARTESIAN_POINT('',(-96.4660601600715,-7.79967103861802,23.7499999999938));
#2596=CARTESIAN_POINT('',(-96.4619367565701,-7.6562490024724,22.7583426133342));
#2597=CARTESIAN_POINT('Origin',(-96.4626838955319,-7.79967103861042,22.7583426133331));
#2598=CARTESIAN_POINT('',(-96.4626838955319,-7.79967103861042,22.7583426133331));
#2599=CARTESIAN_POINT('',(-96.4640440895158,-8.06077613513848,22.7583426133311));
#2600=CARTESIAN_POINT('',(-96.4626838955319,-7.79967103861042,22.7583426133331));
#2601=CARTESIAN_POINT('Origin',(-96.4660601600715,-7.79967103861802,23.7499999999938));
#2602=CARTESIAN_POINT('',(-96.439182636585,-7.79967103855751,15.8556853255643));
#2603=CARTESIAN_POINT('Origin',(-96.4412983586373,-0.00357498078835967,
28.4056590669657));
#2604=CARTESIAN_POINT('',(-96.4412983586373,-0.00357498078835974,28.4056590669657));
#2605=CARTESIAN_POINT('',(-96.4051713989017,0.291276983111391,18.2457956266713));
#2606=CARTESIAN_POINT('',(-96.4412983586373,-0.00357498078835974,28.4056590669657));
#2607=CARTESIAN_POINT('Origin',(-96.4583197645901,-3.33420540106825,28.3090000000191));
#2608=CARTESIAN_POINT('',(-96.4583197645901,-3.33420540106825,28.3090000000191));
#2609=CARTESIAN_POINT('',(-96.4719916233364,-6.00941970289591,28.231361929844));
#2610=CARTESIAN_POINT('',(-96.4583197645901,-3.33420540106825,28.3090000000191));
#2611=CARTESIAN_POINT('Origin',(-96.4630887670696,-4.24967103861802,28.3090000000191));
#2612=CARTESIAN_POINT('',(-96.4630887670696,-4.24967103861802,28.3090000000191));
#2613=CARTESIAN_POINT('',(-96.4750600339551,-6.54769531493274,28.3090000000191));
#2614=CARTESIAN_POINT('',(-96.4630887670696,-4.24967103861802,28.3090000000191));
#2615=CARTESIAN_POINT('Ctrl Pts',(-96.4640813549185,-4.79967103861802,27.7590000000191));
#2616=CARTESIAN_POINT('Ctrl Pts',(-96.4659539225228,-4.79967103861802,28.3090000000191));
#2617=CARTESIAN_POINT('Ctrl Pts',(-96.4630887670696,-4.24967103861802,28.3090000000191));
#2618=CARTESIAN_POINT('Ctrl Pts',(-96.5460797670618,-4.79924387825854,27.7587208226188));
#2619=CARTESIAN_POINT('Ctrl Pts',(-96.547952334666,-4.79924387825855,28.3087208226188));
#2620=CARTESIAN_POINT('Ctrl Pts',(-96.5450871792128,-4.24924387825854,28.3087208226188));
#2621=CARTESIAN_POINT('',(-96.4640813549185,-4.79967103861802,27.7590000000191));
#2622=CARTESIAN_POINT('Origin',(-96.4612161994653,-4.24967103861802,27.7590000000191));
#2623=CARTESIAN_POINT('',(-96.4640813549185,-4.79967103861802,27.7590000000191));
#2624=CARTESIAN_POINT('Origin',(-96.4623483787175,-4.79967103861802,27.2500000000191));
#2625=CARTESIAN_POINT('',(-96.4623483787175,-4.79967103861802,27.2500000000191));
#2626=CARTESIAN_POINT('',(-96.4295041039475,-4.79967103861802,17.603164776491));
#2627=CARTESIAN_POINT('',(-96.4623483787175,-4.79967103861802,27.2500000000191));
#2628=CARTESIAN_POINT('Origin',(-96.4597436919418,-4.29967103861802,27.2500000000191));
#2629=CARTESIAN_POINT('',(-96.4597436919418,-4.29967103861802,27.2500000000191));
#2630=CARTESIAN_POINT('',(-96.4697186946279,-6.2144891233156,27.2500000000191));
#2631=CARTESIAN_POINT('',(-96.4597436919418,-4.29967103861802,27.2500000000191));
#2632=CARTESIAN_POINT('Ctrl Pts',(-96.4670026214053,-7.78713200614367,24.0459999999939));
#2633=CARTESIAN_POINT('Ctrl Pts',(-96.4764945360515,-7.51519089805448,27.2500000000191));
#2634=CARTESIAN_POINT('Ctrl Pts',(-96.4597436919417,-4.29967103861802,27.2500000000191));
#2635=CARTESIAN_POINT('Ctrl Pts',(-96.5490010335486,-7.78670484578419,24.0457208225936));
#2636=CARTESIAN_POINT('Ctrl Pts',(-96.5584929481947,-7.514763737695,27.2497208226188));
#2637=CARTESIAN_POINT('Ctrl Pts',(-96.541742104085,-4.29924387825855,27.2497208226188));
#2638=CARTESIAN_POINT('',(-96.4670026214054,-7.78713200614367,24.0459999999939));
#2639=CARTESIAN_POINT('Origin',(-96.4478273526418,-4.29967103861802,23.7500000000191));
#2640=CARTESIAN_POINT('',(-96.4670026214054,-7.78713200614367,24.0459999999939));
#2641=CARTESIAN_POINT('Origin',(-96.4824774527248,-10.7577063308345,24.0459999999711));
#2642=CARTESIAN_POINT('',(-96.4824774527248,-10.7577063308345,24.0459999999711));
#2643=CARTESIAN_POINT('',(-96.4682923327425,-8.03470713670561,24.045999999992));
#2644=CARTESIAN_POINT('',(-96.5000014156103,-10.7575792244889,24.0459951398581));
#2645=CARTESIAN_POINT('',(-96.4824774527248,-10.7577063308345,24.0459999999711));
#2646=CARTESIAN_POINT('',(-90.7273512403184,-10.8004930948951,24.0459999999708));
#2647=CARTESIAN_POINT('Origin',(-96.4824774527248,-11.0000000002088,23.6752742507324));
#2648=CARTESIAN_POINT('',(-96.5000014156103,-10.9999293843911,23.6751829562798));
#2649=CARTESIAN_POINT('',(-96.5000014156103,-14.2287678422543,18.7348410994206));
#2650=CARTESIAN_POINT('',(-96.4824774527248,-11.0000000002088,23.6752742507324));
#2651=CARTESIAN_POINT('Origin',(-96.4749295356971,-11.0000000001918,21.4583426133085));
#2652=CARTESIAN_POINT('',(-96.4824774527248,-11.0000000002088,23.6752742507324));
#2653=CARTESIAN_POINT('',(-96.4749295356971,-11.0000000001918,21.4583426133085));
#2654=CARTESIAN_POINT('',(-96.4540993877932,-11.0000000001449,15.3402290024823));
#2655=CARTESIAN_POINT('',(-96.4824774527248,-11.0000000002088,23.6752742507324));
#2656=CARTESIAN_POINT('',(-96.4749295356971,-11.0000000001918,21.4583426133085));
#2657=CARTESIAN_POINT('Ctrl Pts',(-96.4663154937743,-10.0000000001842,20.4583426133162));
#2658=CARTESIAN_POINT('Ctrl Pts',(-96.4715248673257,-11.0000000001842,20.4583426133085));
#2659=CARTESIAN_POINT('Ctrl Pts',(-96.4749295356971,-11.0000000001918,21.4583426133085));
#2660=CARTESIAN_POINT('Ctrl Pts',(-96.5483139059175,-9.99957283982469,20.4580634359158));
#2661=CARTESIAN_POINT('Ctrl Pts',(-96.5535232794689,-10.9995728398247,20.4580634359082));
#2662=CARTESIAN_POINT('Ctrl Pts',(-96.5569279478403,-10.9995728398324,21.4580634359082));
#2663=CARTESIAN_POINT('',(-96.4697201621457,-10.5470849541904,20.6212655242089));
#2664=CARTESIAN_POINT('Origin',(-96.4697201621458,-10.0000000001918,21.4583426133162));
#2665=CARTESIAN_POINT('',(-96.4663154937743,-10.0000000001842,20.4583426133162));
#2666=CARTESIAN_POINT('',(-96.4663154937743,-10.0000000001842,20.4583426133162));
#2667=CARTESIAN_POINT('Origin',(-96.4697201621458,-10.0000000001918,21.4583426133162));
#2668=CARTESIAN_POINT('Origin',(-96.4479187464082,-6.46852981770564,20.4583426133433));
#2669=CARTESIAN_POINT('',(-96.4479187464082,-6.46852981770564,20.4583426133433));
#2670=CARTESIAN_POINT('',(-96.4562135647629,-8.06081692724939,20.4583426133311));
#2671=CARTESIAN_POINT('',(-96.4479187464082,-6.46852981770564,20.4583426133433));
#2672=CARTESIAN_POINT('Ctrl Pts',(-96.414022100893,-1.81877290511092,17.6168544626749));
#2673=CARTESIAN_POINT('Ctrl Pts',(-96.4307699042827,-4.6976323896421,18.1310745692673));
#2674=CARTESIAN_POINT('Ctrl Pts',(-96.4479187464082,-6.46852981770564,20.4583426133433));
#2675=CARTESIAN_POINT('Ctrl Pts',(-96.4960205130362,-1.81834574475145,17.6165752852746));
#2676=CARTESIAN_POINT('Ctrl Pts',(-96.512768316426,-4.69720522928262,18.130795391867));
#2677=CARTESIAN_POINT('Ctrl Pts',(-96.5299171585514,-6.46810265734617,20.4580634359429));
#2678=CARTESIAN_POINT('',(-96.4322892822945,-4.60313715520851,18.7219218316952));
#2679=CARTESIAN_POINT('Origin',(-96.4322892822946,-0.500000000219071,25.));
#2680=CARTESIAN_POINT('',(-96.4140225873516,-1.81885652450492,17.6168693992082));
#2681=CARTESIAN_POINT('',(-96.4570120014809,-1.81857032331999,17.6168182862323));
#2682=CARTESIAN_POINT('Origin',(-96.4322892822946,-0.500000000219071,25.));
#2683=CARTESIAN_POINT('Origin',(-96.4451384352485,-3.64707647681596,23.9587402881263));
#2684=CARTESIAN_POINT('',(-96.5000014156103,-3.32099893073238,21.4798517246643));
#2685=CARTESIAN_POINT('Ctrl Pts',(-96.5000014156103,-3.32099893073242,21.4798517246642));
#2686=CARTESIAN_POINT('Ctrl Pts',(-96.4783333053994,-3.32072634128562,21.4799761542632));
#2687=CARTESIAN_POINT('Ctrl Pts',(-96.4566651334172,-3.32045365185064,21.4801006887241));
#2688=CARTESIAN_POINT('Ctrl Pts',(-96.4349969923929,-3.3201808635954,21.4802253276724));
#2689=CARTESIAN_POINT('Origin',(-96.5000014156103,-3.64679067505711,23.9585534978723));
#2690=CARTESIAN_POINT('Origin',(-90.0000013411045,8.74999985098839,17.5));
#2691=CARTESIAN_POINT('',(-87.5000013038516,22.7500004842877,17.5));
#2692=CARTESIAN_POINT('',(-95.0000014156103,-0.500000000219072,17.5));
#2693=CARTESIAN_POINT('Origin',(-90.0000013411045,-4.29967103861802,23.7500000000191));
#2694=CARTESIAN_POINT('',(-85.0000014156103,-7.6562490024724,22.7583426133342));
#2695=CARTESIAN_POINT('',(-95.0000014156103,-7.79967103861802,23.7499999999938));
#2696=CARTESIAN_POINT('Origin',(-90.0000013411045,-0.500000000219071,25.));
#2697=CARTESIAN_POINT('',(-95.0000014156103,-6.46852981770564,20.4583426133433));
#2698=CARTESIAN_POINT('Origin',(-95.0000014156103,-8.0000000001842,20.4583426133315));
#2699=CARTESIAN_POINT('',(-91.0000014156103,-10.0000000001842,20.4583426133162));
#2700=CARTESIAN_POINT('',(-90.0000014156103,-10.0000000001842,20.4583426133162));
#2701=CARTESIAN_POINT('',(-89.0000014156103,-10.0000000001842,20.4583426133162));
#2702=CARTESIAN_POINT('',(-90.0000014156103,-10.0000000001842,20.4583426133162));
#2703=CARTESIAN_POINT('',(-89.0000014156102,-8.49999999999469,20.4583426133277));
#2704=CARTESIAN_POINT('',(-89.0000014156102,-9.2500000000793,20.4583426133219));
#2705=CARTESIAN_POINT('',(-91.0000014156102,-8.49999999999458,20.4583426133277));
#2706=CARTESIAN_POINT('',(-92.0000014156103,-8.49999999999453,20.4583426133277));
#2707=CARTESIAN_POINT('',(-91.0000014156102,-8.25000000007919,20.4583426133296));
#2708=CARTESIAN_POINT('Origin',(-90.0000014156103,-10.0000000001918,21.4583426133162));
#2709=CARTESIAN_POINT('',(-91.0000014156103,-11.0000000001918,21.4583426133085));
#2710=CARTESIAN_POINT('',(-90.0000014156103,-11.0000000001918,21.4583426133085));
#2711=CARTESIAN_POINT('Origin',(-91.0000014156103,-10.0000000001918,21.4583426133162));
#2712=CARTESIAN_POINT('Origin',(-85.0000014156103,-11.0000000002018,22.7583426133085));
#2713=CARTESIAN_POINT('',(-91.0000014156103,-11.0000000002117,24.0459999999693));
#2714=CARTESIAN_POINT('',(-96.5000014156103,-11.0000000002117,24.0459999999693));
#2715=CARTESIAN_POINT('',(-90.0000014156103,-11.0000000002117,24.0459999999693));
#2716=CARTESIAN_POINT('',(-96.5000014156103,-11.0000000002094,23.7499999999693));
#2717=CARTESIAN_POINT('',(-91.0000014156103,-11.0000000001956,21.9537141333063));
#2718=CARTESIAN_POINT('Origin',(-85.0000014156103,-8.0000000002117,24.0459999999923));
#2719=CARTESIAN_POINT('',(-85.0000014156103,-7.78713200614367,24.0459999999939));
#2720=CARTESIAN_POINT('',(-96.5000014156103,-10.5000000002117,24.0459999999731));
#2721=CARTESIAN_POINT('',(-91.0000014156102,-8.49999999999459,24.0459999999884));
#2722=CARTESIAN_POINT('',(-91.0000014156102,-8.25000000010643,24.0459999999904));
#2723=CARTESIAN_POINT('',(-89.0000014156102,-8.4999999999947,24.0459999999884));
#2724=CARTESIAN_POINT('',(-87.0000014156103,-8.49999999999482,24.0459999999884));
#2725=CARTESIAN_POINT('',(-89.0000014156103,-11.0000000002117,24.0459999999693));
#2726=CARTESIAN_POINT('',(-89.0000014156102,-9.25000000010653,24.0459999999827));
#2727=CARTESIAN_POINT('',(-85.0000014156103,-11.0000000002117,24.0459999999693));
#2728=CARTESIAN_POINT('Origin',(-90.0000013411045,-4.29967103861802,23.7500000000191));
#2729=CARTESIAN_POINT('',(-90.5000023543835,-4.29967103861802,27.2500000000191));
#2730=CARTESIAN_POINT('',(-90.0000013411045,-4.29967103861802,27.2500000000191));
#2731=CARTESIAN_POINT('',(-89.5000023543835,-4.29967103861802,27.2500000000191));
#2732=CARTESIAN_POINT('',(-90.0000013411045,-4.29967103861802,27.2500000000191));
#2733=CARTESIAN_POINT('',(-89.500002356022,-5.87705819970657,26.8743959006746));
#2734=CARTESIAN_POINT('Origin',(-89.5000023543835,-4.29967103861802,23.7500000000191));
#2735=CARTESIAN_POINT('',(-89.9999987520277,-7.56563321506217,25.0083684127013));
#2736=CARTESIAN_POINT('Ctrl Pts',(-89.5000023576606,-5.87705819970658,26.8743959006746));
#2737=CARTESIAN_POINT('Ctrl Pts',(-89.4498352781615,-5.93442779351065,26.8454322022251));
#2738=CARTESIAN_POINT('Ctrl Pts',(-89.4040815158917,-5.99426973643373,26.8131378199519));
#2739=CARTESIAN_POINT('Ctrl Pts',(-89.2584073774051,-6.20210383196991,26.6929138568038));
#2740=CARTESIAN_POINT('Ctrl Pts',(-89.1665835150495,-6.36907161693198,26.5803288153221));
#2741=CARTESIAN_POINT('Ctrl Pts',(-89.0370148555755,-6.68943254535777,26.3155838507273));
#2742=CARTESIAN_POINT('Ctrl Pts',(-88.9999987520277,-6.84287151927976,26.1631233451276));
#2743=CARTESIAN_POINT('Ctrl Pts',(-88.9999987520277,-7.07119249410541,25.8927915559828));
#2744=CARTESIAN_POINT('Ctrl Pts',(-89.0213344008613,-7.16838879885196,25.7608434722298));
#2745=CARTESIAN_POINT('Ctrl Pts',(-89.1249840563865,-7.33168113631998,25.5049779184985));
#2746=CARTESIAN_POINT('Ctrl Pts',(-89.2077978329836,-7.39811204685923,25.3814771433256));
#2747=CARTESIAN_POINT('Ctrl Pts',(-89.3968787284127,-7.48546255851455,25.2021613789871));
#2748=CARTESIAN_POINT('Ctrl Pts',(-89.5053487955271,-7.51668153439524,25.1297063869032));
#2749=CARTESIAN_POINT('Ctrl Pts',(-89.7451550711861,-7.55654555893359,25.0327760634829));
#2750=CARTESIAN_POINT('Ctrl Pts',(-89.8764448486003,-7.56563321506212,25.0083684127013));
#2751=CARTESIAN_POINT('Ctrl Pts',(-89.9999987520277,-7.56563321506212,25.0083684127013));
#2752=CARTESIAN_POINT('',(-90.5000023527448,-5.8770664388545,26.8743917410325));
#2753=CARTESIAN_POINT('Ctrl Pts',(-89.9999987520277,-7.56563321506212,25.0083684127013));
#2754=CARTESIAN_POINT('Ctrl Pts',(-90.1235526554551,-7.56563321506212,25.0083684127013));
#2755=CARTESIAN_POINT('Ctrl Pts',(-90.2548424328692,-7.55654555893359,25.0327760634829));
#2756=CARTESIAN_POINT('Ctrl Pts',(-90.4946487085282,-7.51668153439524,25.1297063869032));
#2757=CARTESIAN_POINT('Ctrl Pts',(-90.6031187756427,-7.48546255851455,25.2021613789871));
#2758=CARTESIAN_POINT('Ctrl Pts',(-90.7921996710717,-7.39811204685923,25.3814771433256));
#2759=CARTESIAN_POINT('Ctrl Pts',(-90.8750134476688,-7.33168113631998,25.5049779184985));
#2760=CARTESIAN_POINT('Ctrl Pts',(-90.978663103194,-7.16838879885196,25.7608434722298));
#2761=CARTESIAN_POINT('Ctrl Pts',(-90.9999987520277,-7.07119249410541,25.8927915559828));
#2762=CARTESIAN_POINT('Ctrl Pts',(-90.9999987520277,-6.84287151927976,26.1631233451276));
#2763=CARTESIAN_POINT('Ctrl Pts',(-90.9629826484799,-6.68943254535777,26.3155838507273));
#2764=CARTESIAN_POINT('Ctrl Pts',(-90.8334139890059,-6.36907161693198,26.5803288153221));
#2765=CARTESIAN_POINT('Ctrl Pts',(-90.7415901266502,-6.20210383196991,26.6929138568038));
#2766=CARTESIAN_POINT('Ctrl Pts',(-90.5959179318299,-5.99427250947323,26.8131362158561));
#2767=CARTESIAN_POINT('Ctrl Pts',(-90.5501666051467,-5.93443352769214,26.8454291174057));
#2768=CARTESIAN_POINT('Ctrl Pts',(-90.5000023511062,-5.8770664388545,26.8743917410325));
#2769=CARTESIAN_POINT('Origin',(-90.5000023543835,-4.29967103861802,23.7500000000191));
#2770=CARTESIAN_POINT('Origin',(-96.5000014156103,-4.29967103861802,27.2500000000191));
#2771=CARTESIAN_POINT('',(-90.5000023543835,-4.79967103861802,27.2500000000191));
#2772=CARTESIAN_POINT('',(-90.0000013411045,-4.79967103861802,27.2500000000191));
#2773=CARTESIAN_POINT('',(-90.5000023543835,-4.29967103861802,27.2500000000191));
#2774=CARTESIAN_POINT('Origin',(-95.0000014156103,-4.79967103861802,27.2500000000191));
#2775=CARTESIAN_POINT('',(-90.5000023543835,-4.79967103861802,27.7590000000191));
#2776=CARTESIAN_POINT('',(-92.5000014156103,-4.79967103861802,27.7590000000191));
#2777=CARTESIAN_POINT('',(-90.5000023543835,-4.79967103861802,27.3249999965304));
#2778=CARTESIAN_POINT('Origin',(-92.5000014156103,-4.24967103861802,27.7590000000191));
#2779=CARTESIAN_POINT('',(-90.5000023543835,-4.24967103861802,28.3090000000191));
#2780=CARTESIAN_POINT('',(-92.5000014156103,-4.24967103861802,28.3090000000191));
#2781=CARTESIAN_POINT('Origin',(-90.5000023543835,-4.24967103861802,27.7590000000191));
#2782=CARTESIAN_POINT('Origin',(-90.0000014156103,-5.,28.3090000000191));
#2783=CARTESIAN_POINT('',(-90.5000023543835,-3.33420540106825,28.3090000000191));
#2784=CARTESIAN_POINT('',(-93.3750014156101,-3.33420540106825,28.3090000000191));
#2785=CARTESIAN_POINT('',(-90.5000023543835,-4.29967103861802,28.3090000000191));
#2786=CARTESIAN_POINT('Origin',(-95.0000014156104,-4.35913722231097,23.7541139979209));
#2787=CARTESIAN_POINT('',(-96.5000014156103,-4.34368450154037,26.2540662401489));
#2788=CARTESIAN_POINT('Origin',(-96.5000014156103,-4.35913722231097,23.7541139979209));
#2789=CARTESIAN_POINT('',(-90.9693452225662,-4.34368449704099,26.254066240121));
#2790=CARTESIAN_POINT('',(-95.0000014156104,-4.34368450154037,26.2540662401489));
#2791=CARTESIAN_POINT('',(-89.0306643878039,-4.35913722599125,26.2541139979208));
#2792=CARTESIAN_POINT('Ctrl Pts',(-90.9693452225662,-4.34368449254162,26.2540662400932));
#2793=CARTESIAN_POINT('Ctrl Pts',(-90.969337148195,-4.34883811784327,26.2540980957334));
#2794=CARTESIAN_POINT('Ctrl Pts',(-90.9693331162514,-4.35398908822476,26.2541139979284));
#2795=CARTESIAN_POINT('Ctrl Pts',(-90.9693331162514,-4.720963231284,26.2541139973882));
#2796=CARTESIAN_POINT('Ctrl Pts',(-90.9990012568909,-5.09671774110084,26.1705746555091));
#2797=CARTESIAN_POINT('Ctrl Pts',(-91.000468004121,-5.59192577275916,25.9366719721414));
#2798=CARTESIAN_POINT('Ctrl Pts',(-90.9921218529913,-5.74596930261102,25.8414507855944));
#2799=CARTESIAN_POINT('Ctrl Pts',(-90.9318796414879,-6.02176345985056,25.6292012117592));
#2800=CARTESIAN_POINT('Ctrl Pts',(-90.8808341402416,-6.14356455688655,25.5119978833513));
#2801=CARTESIAN_POINT('Ctrl Pts',(-90.7096478460207,-6.33480854567967,25.2919968418));
#2802=CARTESIAN_POINT('Ctrl Pts',(-90.5950947855535,-6.40752956373062,25.1898264217284));
#2803=CARTESIAN_POINT('Ctrl Pts',(-90.3877343691661,-6.4769153703087,25.0833282246271));
#2804=CARTESIAN_POINT('Ctrl Pts',(-90.3129219909647,-6.49395900513988,25.0552653506227));
#2805=CARTESIAN_POINT('Ctrl Pts',(-90.1583378320307,-6.51636389840224,25.0177863627243));
#2806=CARTESIAN_POINT('Ctrl Pts',(-90.0785684830342,-6.52173886365617,25.008368414238));
#2807=CARTESIAN_POINT('Ctrl Pts',(-89.9214290210212,-6.52173886365617,25.008368414238));
#2808=CARTESIAN_POINT('Ctrl Pts',(-89.8416596720246,-6.51636389840224,25.0177863627243));
#2809=CARTESIAN_POINT('Ctrl Pts',(-89.6870755130907,-6.49395900513988,25.0552653506227));
#2810=CARTESIAN_POINT('Ctrl Pts',(-89.6122631348892,-6.4769153703087,25.0833282246271));
#2811=CARTESIAN_POINT('Ctrl Pts',(-89.4049027185019,-6.40752956373063,25.1898264217283));
#2812=CARTESIAN_POINT('Ctrl Pts',(-89.2903496580346,-6.33480854567966,25.2919968418));
#2813=CARTESIAN_POINT('Ctrl Pts',(-89.1191633638137,-6.14356455688655,25.5119978833513));
#2814=CARTESIAN_POINT('Ctrl Pts',(-89.0681178625674,-6.02176345985055,25.6292012117592));
#2815=CARTESIAN_POINT('Ctrl Pts',(-89.0078756510641,-5.74596930261101,25.8414507855944));
#2816=CARTESIAN_POINT('Ctrl Pts',(-88.9995294999343,-5.59192577275916,25.9366719721414));
#2817=CARTESIAN_POINT('Ctrl Pts',(-89.0009962471645,-5.09671774110084,26.1705746555091));
#2818=CARTESIAN_POINT('Ctrl Pts',(-89.0306643878039,-4.720963231284,26.2541139973882));
#2819=CARTESIAN_POINT('Ctrl Pts',(-89.0306643878039,-4.35913722599125,26.2541139979208));
#2820=CARTESIAN_POINT('',(-89.0306522814891,-4.34368449704099,26.254066240121));
#2821=CARTESIAN_POINT('Ctrl Pts',(-89.0306643878039,-4.35913722599125,26.2541139979208));
#2822=CARTESIAN_POINT('Ctrl Pts',(-89.0306643878039,-4.35398908822476,26.2541139979284));
#2823=CARTESIAN_POINT('Ctrl Pts',(-89.0306603558604,-4.34883811784327,26.2540980957334));
#2824=CARTESIAN_POINT('Ctrl Pts',(-89.0306522814891,-4.34368449254162,26.2540662400932));
#2825=CARTESIAN_POINT('',(-95.0000014156104,-4.34368450154037,26.2540662401489));
#2826=CARTESIAN_POINT('Ctrl Pts',(-89.0306522814891,-4.34368449254162,26.2540662400932));
#2827=CARTESIAN_POINT('Ctrl Pts',(-89.0300928657044,-3.98662643271464,26.2518591892474));
#2828=CARTESIAN_POINT('Ctrl Pts',(-89.000982334369,-3.61685942679153,26.1683559794342));
#2829=CARTESIAN_POINT('Ctrl Pts',(-88.9995294999343,-3.12634867828872,25.936671975771));
#2830=CARTESIAN_POINT('Ctrl Pts',(-89.0078756510641,-2.97230514815652,25.8414507896776));
#2831=CARTESIAN_POINT('Ctrl Pts',(-89.0681178625674,-2.69651099029206,25.6292012166544));
#2832=CARTESIAN_POINT('Ctrl Pts',(-89.1191633638137,-2.574709892911,25.511997888605));
#2833=CARTESIAN_POINT('Ctrl Pts',(-89.2903496580346,-2.38346590347015,25.2919968476168));
#2834=CARTESIAN_POINT('Ctrl Pts',(-89.4049027185019,-2.31074488511838,25.1898264277593));
#2835=CARTESIAN_POINT('Ctrl Pts',(-89.6122631348892,-2.24135907822675,25.0833282308623));
#2836=CARTESIAN_POINT('Ctrl Pts',(-89.6870755130907,-2.22431544331294,25.0552653569081));
#2837=CARTESIAN_POINT('Ctrl Pts',(-89.8416596720246,-2.20191054994023,25.0177863690757));
#2838=CARTESIAN_POINT('Ctrl Pts',(-89.9214290210212,-2.19653558465858,25.0083684206052));
#2839=CARTESIAN_POINT('Ctrl Pts',(-90.0785684830342,-2.19653558465858,25.0083684206052));
#2840=CARTESIAN_POINT('Ctrl Pts',(-90.1583378320307,-2.20191054994023,25.0177863690757));
#2841=CARTESIAN_POINT('Ctrl Pts',(-90.3129219909646,-2.22431544331294,25.0552653569081));
#2842=CARTESIAN_POINT('Ctrl Pts',(-90.3877343691661,-2.24135907822674,25.0833282308623));
#2843=CARTESIAN_POINT('Ctrl Pts',(-90.5950947855534,-2.31074488511837,25.1898264277593));
#2844=CARTESIAN_POINT('Ctrl Pts',(-90.7096478460207,-2.38346590347015,25.2919968476168));
#2845=CARTESIAN_POINT('Ctrl Pts',(-90.8808341402416,-2.57470989291099,25.511997888605));
#2846=CARTESIAN_POINT('Ctrl Pts',(-90.931879641488,-2.69651099029206,25.6292012166544));
#2847=CARTESIAN_POINT('Ctrl Pts',(-90.9921218529913,-2.97230514815651,25.8414507896776));
#2848=CARTESIAN_POINT('Ctrl Pts',(-91.000468004121,-3.12634867828871,25.936671975771));
#2849=CARTESIAN_POINT('Ctrl Pts',(-90.9990151696864,-3.61685942679152,26.1683559794342));
#2850=CARTESIAN_POINT('Ctrl Pts',(-90.9699046383509,-3.98662643271464,26.2518591892474));
#2851=CARTESIAN_POINT('Ctrl Pts',(-90.9693452225662,-4.34368449254162,26.2540662400932));
#2852=CARTESIAN_POINT('Origin',(-96.5000014156103,-4.35913722231097,23.7541139979209));
#2853=CARTESIAN_POINT('Origin',(-95.0000014156103,-8.00000000020183,22.7583426133315));
#2854=CARTESIAN_POINT('',(-95.7500014156103,-7.79967103861042,22.7583426133331));
#2855=CARTESIAN_POINT('Origin',(-96.5000014156103,-10.0000000002018,22.7583426133162));
#2856=CARTESIAN_POINT('Origin',(-83.5000014156103,-3.3342054008804,28.3089999935461));
#2857=CARTESIAN_POINT('',(-89.5000023543835,-0.00347564684251289,28.4056619432828));
#2858=CARTESIAN_POINT('',(-83.5000014156103,-0.00347564684251428,28.4056619432828));
#2859=CARTESIAN_POINT('',(-89.5000023543835,-3.3342054008804,28.3089999935461));
#2860=CARTESIAN_POINT('',(-89.5000023543835,-1.82251638742864,28.35287110235));
#2861=CARTESIAN_POINT('',(-93.3750014156101,-3.3342054008804,28.3089999935461));
#2862=CARTESIAN_POINT('Origin',(-90.5000023543835,-3.33420540106825,28.3090000000191));
#2863=CARTESIAN_POINT('',(-95.0000014156103,-0.0035749807883594,28.4056590669657));
#2864=CARTESIAN_POINT('',(-92.7500018849969,-0.00357498078836033,28.4056590669657));
#2865=CARTESIAN_POINT('',(-90.5000023543835,-0.00347564703038539,28.4056619497558));
#2866=CARTESIAN_POINT('',(-90.5000023543835,-4.69347906992954,28.2695521754399));
#2867=CARTESIAN_POINT('',(-90.5000023543835,-0.00347564703038539,28.4056619497558));
#2868=CARTESIAN_POINT('Origin',(-83.5000014156103,9.93337579923564E-5,28.2824770262741));
#2869=CARTESIAN_POINT('',(-89.5000023543835,9.93337579746276E-5,28.2824770262741));
#2870=CARTESIAN_POINT('',(-86.7500014156101,9.93337579923564E-5,28.2824770262741));
#2871=CARTESIAN_POINT('',(-89.5000023543835,9.93337579746276E-5,28.2824770262741));
#2872=CARTESIAN_POINT('Origin',(-90.5000023543835,9.93337579745929E-5,28.2824770262741));
#2873=CARTESIAN_POINT('',(-90.5000023543835,9.93337579746276E-5,28.2824770262741));
#2874=CARTESIAN_POINT('',(-90.5000023543835,9.93337579746276E-5,28.2824770262741));
#2875=CARTESIAN_POINT('',(-95.0000014156103,0.,28.282474143484));
#2876=CARTESIAN_POINT('',(-90.2500018849966,9.93337579745929E-5,28.2824770262741));
#2877=CARTESIAN_POINT('',(-95.0000014156103,0.,28.282474143484));
#2878=CARTESIAN_POINT('Origin',(-90.5000023543835,-6.02866207048774,27.3999999930417));
#2879=CARTESIAN_POINT('',(-90.5000023543835,1.0545159546732E-13,27.4000000000191));
#2880=CARTESIAN_POINT('',(-90.5000023543835,9.93337579746276E-5,27.9999999935461));
#2881=CARTESIAN_POINT('',(-90.5000023543835,0.,26.8743917477921));
#2882=CARTESIAN_POINT('',(-90.5000023543835,-1.1919098087779E-7,26.8743917477921));
#2883=CARTESIAN_POINT('',(-90.5000023543835,0.,23.4371958736885));
#2884=CARTESIAN_POINT('Origin',(-96.5000014156103,-10.0000000002018,22.7583426133162));
#2885=CARTESIAN_POINT('Origin',(-95.0000014156103,0.,28.282474143484));
#2886=CARTESIAN_POINT('',(-87.50000141561,0.,28.282474143484));
#2887=CARTESIAN_POINT('Origin',(-83.5000014156103,9.93337579923911E-5,27.4000000000191));
#2888=CARTESIAN_POINT('',(-89.5000023543835,4.12925173654682E-13,27.4000000032556));
#2889=CARTESIAN_POINT('',(-84.2500014156103,0.,27.4000000000191));
#2890=CARTESIAN_POINT('',(-89.5000023543835,9.93337579746276E-5,27.3999999935461));
#2891=CARTESIAN_POINT('Origin',(-85.0000014156103,0.,20.));
#2892=CARTESIAN_POINT('',(-95.0000014156103,0.,27.4000000000191));
#2893=CARTESIAN_POINT('',(-95.0000014156103,0.,23.7000000000095));
#2894=CARTESIAN_POINT('',(-87.7500018849969,0.,27.4000000000191));
#2895=CARTESIAN_POINT('',(-89.5000023543835,0.,26.8743959074342));
#2896=CARTESIAN_POINT('Origin',(-89.9999987520277,0.,26.0083684238387));
#2897=CARTESIAN_POINT('',(-89.5000023543835,0.,23.6999999967731));
#2898=CARTESIAN_POINT('',(-88.7500014156103,1.04217134921919E-10,23.6874999999999));
#2899=CARTESIAN_POINT('Origin',(-90.0000014156103,3.2362162949439E-10,23.6874999999999));
#2900=CARTESIAN_POINT('Origin',(-90.0000014156103,3.2362162949439E-10,23.6874999999999));
#2901=CARTESIAN_POINT('Origin',(-96.5000014156103,-7.79967103861802,23.7499999999938));
#2902=CARTESIAN_POINT('Origin',(-92.5000013783574,27.266907942831,19.));
#2903=CARTESIAN_POINT('',(-95.0000014156103,28.266907942831,19.));
#2904=CARTESIAN_POINT('',(-92.5000013783574,28.266907942831,19.));
#2905=CARTESIAN_POINT('',(-95.2472687740769,27.266907942831,20.));
#2906=CARTESIAN_POINT('',(-92.5000013783574,27.266907942831,20.));
#2907=CARTESIAN_POINT('Ctrl Pts',(-95.2472687740769,27.266907942831,20.));
#2908=CARTESIAN_POINT('Ctrl Pts',(-95.246903968511,27.2684188917684,20.));
#2909=CARTESIAN_POINT('Ctrl Pts',(-95.2465391273617,27.2699298305129,19.99999657555));
#2910=CARTESIAN_POINT('Ctrl Pts',(-95.2293218274965,27.341225438501,19.999673403171));
#2911=CARTESIAN_POINT('Ctrl Pts',(-95.2124354835438,27.4108106213429,19.9920529125592));
#2912=CARTESIAN_POINT('Ctrl Pts',(-95.1791850753769,27.5471759624222,19.9624493861025));
#2913=CARTESIAN_POINT('Ctrl Pts',(-95.1628921325629,27.6136658958628,19.9405568220249));
#2914=CARTESIAN_POINT('Ctrl Pts',(-95.1181200916131,27.795566012216,19.8586666608853));
#2915=CARTESIAN_POINT('Ctrl Pts',(-95.0914653419031,27.902832700043,19.782759496686));
#2916=CARTESIAN_POINT('Ctrl Pts',(-95.0471881079787,28.0799887010245,19.5957902916053));
#2917=CARTESIAN_POINT('Ctrl Pts',(-95.0297217528299,28.1493205132996,19.4875799495105));
#2918=CARTESIAN_POINT('Ctrl Pts',(-95.0060886160622,28.2429236765872,19.2515063078498));
#2919=CARTESIAN_POINT('Ctrl Pts',(-95.0000014156103,28.266907942831,19.1264689673928));
#2920=CARTESIAN_POINT('Ctrl Pts',(-95.0000014156103,28.266907942831,19.));
#2921=CARTESIAN_POINT('Origin',(-90.0000013411045,37.5000005587935,19.));
#2922=CARTESIAN_POINT('',(-85.0000014156103,28.2669078621367,19.));
#2923=CARTESIAN_POINT('Origin',(-90.0000013411045,37.5000005587935,19.));
#2924=CARTESIAN_POINT('',(-84.7527340655002,27.2669078621367,20.));
#2925=CARTESIAN_POINT('Origin',(-90.0000013411045,37.5000005587935,20.));
#2926=CARTESIAN_POINT('Ctrl Pts',(-84.7527340655002,27.2669078621367,20.));
#2927=CARTESIAN_POINT('Ctrl Pts',(-84.7530988710542,27.2684188110757,20.));
#2928=CARTESIAN_POINT('Ctrl Pts',(-84.7534637121915,27.2699297498215,19.9999965755499));
#2929=CARTESIAN_POINT('Ctrl Pts',(-84.7706810114228,27.3412253575867,19.9996734031717));
#2930=CARTESIAN_POINT('Ctrl Pts',(-84.7875673547509,27.4108105402031,19.9920529126077));
#2931=CARTESIAN_POINT('Ctrl Pts',(-84.8208177616929,27.5471758808643,19.9624493863382));
#2932=CARTESIAN_POINT('Ctrl Pts',(-84.8371107039081,27.6136658141091,19.940556822398));
#2933=CARTESIAN_POINT('Ctrl Pts',(-84.8818827433287,27.7955659304041,19.8586666615809));
#2934=CARTESIAN_POINT('Ctrl Pts',(-84.908537492161,27.9028326183315,19.7827594975068));
#2935=CARTESIAN_POINT('Ctrl Pts',(-84.9528147246806,28.0799886196943,19.5957902925214));
#2936=CARTESIAN_POINT('Ctrl Pts',(-84.9702810792891,28.1493204321746,19.4875799503286));
#2937=CARTESIAN_POINT('Ctrl Pts',(-84.9939142153412,28.2429235958002,19.2515063083473));
#2938=CARTESIAN_POINT('Ctrl Pts',(-85.0000014156103,28.2669078621367,19.1264689676359));
#2939=CARTESIAN_POINT('Ctrl Pts',(-85.0000014156103,28.2669078621367,19.));
#2940=CARTESIAN_POINT('Origin',(-87.5000013783574,27.2669078621367,19.));
#2941=CARTESIAN_POINT('',(-87.5000013783574,27.2669078621367,20.));
#2942=CARTESIAN_POINT('',(-87.5000013783574,28.2669078621367,19.));
#2943=CARTESIAN_POINT('Origin',(-95.0000014156103,28.266907942831,20.));
#2944=CARTESIAN_POINT('',(-95.0000014156103,28.266907942831,10.));
#2945=CARTESIAN_POINT('',(-95.0000014156103,28.266907942831,20.));
#2946=CARTESIAN_POINT('',(-95.0000014156103,28.266907942831,10.));
#2947=CARTESIAN_POINT('Origin',(-90.0000013411045,37.5000005587935,20.));
#2948=CARTESIAN_POINT('',(-85.0000014156103,28.2669078621367,10.));
#2949=CARTESIAN_POINT('',(-85.0000014156103,28.2669078621367,20.));
#2950=CARTESIAN_POINT('Origin',(-90.0000013411045,37.5000005587935,10.));
#2951=CARTESIAN_POINT('Origin',(-85.0000014156103,28.2669078621367,10.));
#2952=CARTESIAN_POINT('',(-85.0000014156103,28.2669078621367,10.));
#2953=CARTESIAN_POINT('Origin',(-87.5000013038516,25.0000004842877,9.));
#2954=CARTESIAN_POINT('',(-87.5000013038516,24.0000004842877,9.));
#2955=CARTESIAN_POINT('',(-87.5000013038516,25.0000004842877,8.));
#2956=CARTESIAN_POINT('Origin',(-90.0000013411045,32.2500001676381,8.));
#2957=CARTESIAN_POINT('',(-96.2272129128458,39.7587169831578,7.99999991277126));
#2958=CARTESIAN_POINT('Origin',(-95.0000014156103,38.8961905292249,8.));
#2959=CARTESIAN_POINT('',(-94.9775244373129,40.3960221149193,8.));
#2960=CARTESIAN_POINT('Origin',(-95.0000014156103,38.8961905292249,8.));
#2961=CARTESIAN_POINT('',(-91.5000014156103,43.4999998509884,8.));
#2962=CARTESIAN_POINT('Origin',(-91.5000014156103,39.9999998509884,8.));
#2963=CARTESIAN_POINT('',(-88.5000014156103,43.4999998509884,8.));
#2964=CARTESIAN_POINT('',(-85.0000012665987,43.4999998509884,8.));
#2965=CARTESIAN_POINT('',(-85.0224783943405,40.3960221187187,8.));
#2966=CARTESIAN_POINT('Origin',(-88.5000014156103,39.9999998509884,8.));
#2967=CARTESIAN_POINT('',(-83.7727898727795,39.7587169887931,8.00000005873992));
#2968=CARTESIAN_POINT('Origin',(-85.0000014156103,38.8961905330308,8.));
#2969=CARTESIAN_POINT('Origin',(-85.0000014156103,38.8961905330308,8.));
#2970=CARTESIAN_POINT('',(-85.750001296401,34.5000005140901,8.));
#2971=CARTESIAN_POINT('Origin',(-87.000001296401,34.5000005140901,8.));
#2972=CARTESIAN_POINT('',(-87.5000013411045,37.4999998509884,8.));
#2973=CARTESIAN_POINT('Origin',(-90.0000013411045,37.4999998509884,8.));
#2974=CARTESIAN_POINT('',(-91.750001385808,34.5000005140901,8.));
#2975=CARTESIAN_POINT('Origin',(-93.000001385808,34.5000005140901,8.));
#2976=CARTESIAN_POINT('',(-85.750001296401,40.5000005140901,8.));
#2977=CARTESIAN_POINT('Origin',(-87.000001296401,40.5000005140901,8.));
#2978=CARTESIAN_POINT('',(-91.750001385808,40.5000005140901,8.));
#2979=CARTESIAN_POINT('Origin',(-93.000001385808,40.5000005140901,8.));
#2980=CARTESIAN_POINT('Origin',(-87.5000013038516,22.7500004842877,16.25));
#2981=CARTESIAN_POINT('',(-87.5000013038516,24.0000004842877,16.25));
#2982=CARTESIAN_POINT('Origin',(-85.0000012665987,24.0000004842877,17.5));
#2983=CARTESIAN_POINT('Origin',(-90.0000014151474,37.3148565414692,9.99999998560393));
#2984=CARTESIAN_POINT('',(-83.77278989622,39.758716988669,10.0000000587399));
#2985=CARTESIAN_POINT('',(-96.2272129362863,39.7587169830337,9.99999991277126));
#2986=CARTESIAN_POINT('Origin',(-90.0000014151474,37.3148565414692,10.));
#2987=CARTESIAN_POINT('',(-83.7727898962199,39.7587169886687,10.0000000587399));
#2988=CARTESIAN_POINT('Origin',(-90.0000013917069,37.3148565415933,7.99999998560393));
#2989=CARTESIAN_POINT('',(-96.2272129362862,39.7587169830338,9.99999991277127));
#2990=CARTESIAN_POINT('Origin',(-89.9915569112568,35.5021680488171,7.99999998559041));
#2991=CARTESIAN_POINT('Origin',(-95.0000014156103,38.8961905292249,20.));
#2992=CARTESIAN_POINT('Origin',(-95.0000014156103,38.8961905292249,10.));
#2993=CARTESIAN_POINT('Origin',(-90.0000013411045,37.5000005587935,10.));
#2994=CARTESIAN_POINT('Origin',(-85.0000014156103,38.8961905330308,10.));
#2995=CARTESIAN_POINT('',(-91.750001385808,40.5000005140901,10.));
#2996=CARTESIAN_POINT('Origin',(-93.000001385808,40.5000005140901,10.));
#2997=CARTESIAN_POINT('',(-85.750001296401,40.5000005140901,10.));
#2998=CARTESIAN_POINT('Origin',(-87.000001296401,40.5000005140901,10.));
#2999=CARTESIAN_POINT('',(-91.750001385808,34.5000005140901,10.));
#3000=CARTESIAN_POINT('Origin',(-93.000001385808,34.5000005140901,10.));
#3001=CARTESIAN_POINT('',(-87.5000013411045,37.4999998509884,10.));
#3002=CARTESIAN_POINT('Origin',(-90.0000013411045,37.4999998509884,10.));
#3003=CARTESIAN_POINT('',(-85.750001296401,34.5000005140901,10.));
#3004=CARTESIAN_POINT('Origin',(-87.000001296401,34.5000005140901,10.));
#3005=CARTESIAN_POINT('Origin',(-85.0000014156103,38.8961905330308,9.));
#3006=CARTESIAN_POINT('Origin',(-92.5000014156103,-4.24967103861802,27.7589999935461));
#3007=CARTESIAN_POINT('',(-89.5000023543835,-4.24967103861802,28.3089999935461));
#3008=CARTESIAN_POINT('',(-92.5000014156103,-4.24967103861802,28.3089999935461));
#3009=CARTESIAN_POINT('',(-89.5000023543835,-4.79967103861802,27.7589999935461));
#3010=CARTESIAN_POINT('Origin',(-89.5000023543835,-4.24967103861802,27.7589999935461));
#3011=CARTESIAN_POINT('',(-92.5000014156103,-4.79967103861802,27.7589999935461));
#3012=CARTESIAN_POINT('Origin',(-95.0000014156103,-4.79967103861802,27.2500000000191));
#3013=CARTESIAN_POINT('',(-89.5000023543835,-4.79967103861802,27.2500000000191));
#3014=CARTESIAN_POINT('',(-89.5000023543835,-4.79967103861802,28.0000000000191));
#3015=CARTESIAN_POINT('',(-90.0000013411045,-4.79967103861802,27.2500000000191));
#3016=CARTESIAN_POINT('Origin',(-90.0000014156103,-5.,28.3089999935461));
#3017=CARTESIAN_POINT('',(-89.5000023543835,-0.281900666242025,28.3089999935461));
#3018=CARTESIAN_POINT('Origin',(-89.5000023543835,-4.29967103861802,27.2500000000191));
#3019=CARTESIAN_POINT('',(-89.5000023543835,-4.29967103861802,27.2500000000191));
#3020=CARTESIAN_POINT('Origin',(-90.5000023543835,9.93337579746276E-5,27.3999999935461));
#3021=CARTESIAN_POINT('Origin',(-90.0000014156103,-10.0000000001918,21.4583426133162));
#3022=CARTESIAN_POINT('',(-89.0000014156103,-11.0000000001918,21.4583426133085));
#3023=CARTESIAN_POINT('',(-90.0000014156103,-11.0000000001918,21.4583426133085));
#3024=CARTESIAN_POINT('Origin',(-89.0000014156103,-10.0000000001918,21.4583426133162));
#3025=CARTESIAN_POINT('Origin',(-85.0000014156103,-11.0000000002018,22.7583426133085));
#3026=CARTESIAN_POINT('',(-89.0000014156103,-11.0000000002094,23.7499999999693));
#3027=CARTESIAN_POINT('Origin',(-89.9999987520277,-1.17916099107163E-7,
26.0083684238387));
#3028=CARTESIAN_POINT('',(-89.5000023543835,-1.19190987009856E-7,26.8743959074342));
#3029=CARTESIAN_POINT('Origin',(-89.5000023543835,-0.281900666242016,27.3999999935461));
#3030=CARTESIAN_POINT('Origin',(-91.0000014156102,-8.49999999999459,23.1490856533079));
#3031=CARTESIAN_POINT('',(-91.0000014156102,-8.49999999999459,23.1490856533079));
#3032=CARTESIAN_POINT('Origin',(-89.0000014156102,-8.4999999999947,23.149085653308));
#3033=CARTESIAN_POINT('',(-89.0000014156102,-8.4999999999947,23.149085653308));
#3034=CARTESIAN_POINT('Origin',(-89.0000014156103,-10.4999999999947,23.149085653308));
#3035=CARTESIAN_POINT('Ctrl Pts',(-90.0000014156103,5.00000000679352,22.4374999995611));
#3036=CARTESIAN_POINT('Ctrl Pts',(-91.2500014156103,5.00000000679352,22.4374999995611));
#3037=CARTESIAN_POINT('Ctrl Pts',(-91.2500014156103,5.00000000690322,23.6874999995611));
#3038=CARTESIAN_POINT('Ctrl Pts',(-91.2500014156103,5.00000000701293,24.9374999995611));
#3039=CARTESIAN_POINT('Ctrl Pts',(-90.0000014156103,5.00000000701293,24.9374999995611));
#3040=CARTESIAN_POINT('Ctrl Pts',(-88.7500014156103,5.00000000701293,24.9374999995611));
#3041=CARTESIAN_POINT('Ctrl Pts',(-88.7500014156103,5.00000000690322,23.6874999995611));
#3042=CARTESIAN_POINT('Ctrl Pts',(-88.7500014156103,5.00000000679352,22.4374999995611));
#3043=CARTESIAN_POINT('Ctrl Pts',(-90.0000014156103,5.00000000679352,22.4374999995611));
#3044=CARTESIAN_POINT('Ctrl Pts',(-90.0000014156103,6.00000000679352,22.4374999994733));
#3045=CARTESIAN_POINT('Ctrl Pts',(-91.2500014156103,6.00000000679352,22.4374999994733));
#3046=CARTESIAN_POINT('Ctrl Pts',(-91.2500014156103,6.00000000690323,23.6874999994733));
#3047=CARTESIAN_POINT('Ctrl Pts',(-91.2500014156103,6.00000000701293,24.9374999994733));
#3048=CARTESIAN_POINT('Ctrl Pts',(-90.0000014156103,6.00000000701293,24.9374999994733));
#3049=CARTESIAN_POINT('Ctrl Pts',(-88.7500014156103,6.00000000701293,24.9374999994733));
#3050=CARTESIAN_POINT('Ctrl Pts',(-88.7500014156103,6.00000000690323,23.6874999994733));
#3051=CARTESIAN_POINT('Ctrl Pts',(-88.7500014156103,6.00000000679352,22.4374999994733));
#3052=CARTESIAN_POINT('Ctrl Pts',(-90.0000014156103,6.00000000679352,22.4374999994733));
#3053=CARTESIAN_POINT('Ctrl Pts',(-90.0000014156103,6.00000000688128,23.4374999994733));
#3054=CARTESIAN_POINT('Ctrl Pts',(-90.2500014156103,6.00000000688128,23.4374999994733));
#3055=CARTESIAN_POINT('Ctrl Pts',(-90.2500014156103,6.00000000690322,23.6874999994733));
#3056=CARTESIAN_POINT('Ctrl Pts',(-90.2500014156103,6.00000000692516,23.9374999994733));
#3057=CARTESIAN_POINT('Ctrl Pts',(-90.0000014156103,6.00000000692516,23.9374999994733));
#3058=CARTESIAN_POINT('Ctrl Pts',(-89.7500014156103,6.00000000692516,23.9374999994733));
#3059=CARTESIAN_POINT('Ctrl Pts',(-89.7500014156103,6.00000000690322,23.6874999994733));
#3060=CARTESIAN_POINT('Ctrl Pts',(-89.7500014156103,6.00000000688128,23.4374999994733));
#3061=CARTESIAN_POINT('Ctrl Pts',(-90.0000014156103,6.00000000688128,23.4374999994733));
#3062=CARTESIAN_POINT('',(-90.0000014156103,6.00000000688128,23.4374999994733));
#3063=CARTESIAN_POINT('Origin',(-90.0000014156103,6.00000000690323,23.6874999994733));
#3064=CARTESIAN_POINT('',(-90.0000014156103,5.00000000679352,22.4374999995611));
#3065=CARTESIAN_POINT('Origin',(-90.0000014156103,5.00000000688128,23.4374999995611));
#3066=CARTESIAN_POINT('',(-88.7500014156103,5.00000000690322,23.6874999995611));
#3067=CARTESIAN_POINT('Origin',(-90.0000014156103,5.00000000690322,23.6874999995611));
#3068=CARTESIAN_POINT('Origin',(-90.0000014156103,5.00000000690322,23.6874999995611));
#3069=CARTESIAN_POINT('Origin',(-90.0000014156103,6.00000000690323,23.6874999994733));
#3070=CARTESIAN_POINT('Origin',(-90.0000014156103,6.90322465857207E-9,23.6874999999999));
#3071=CARTESIAN_POINT('',(-88.7500014156103,6.90322465857207E-9,23.6874999999999));
#3072=CARTESIAN_POINT('Origin',(-87.000001296401,34.5000005140901,20.));
#3073=CARTESIAN_POINT('',(-85.750001296401,34.5000005140901,20.));
#3074=CARTESIAN_POINT('Origin',(-90.0000013411045,37.4999998509884,20.));
#3075=CARTESIAN_POINT('',(-87.5000013411045,37.4999998509884,20.));
#3076=CARTESIAN_POINT('Origin',(-93.000001385808,34.5000005140901,20.));
#3077=CARTESIAN_POINT('',(-91.750001385808,34.5000005140901,20.));
#3078=CARTESIAN_POINT('Origin',(-87.000001296401,40.5000005140901,20.));
#3079=CARTESIAN_POINT('',(-85.750001296401,40.5000005140901,20.));
#3080=CARTESIAN_POINT('Origin',(-93.000001385808,40.5000005140901,20.));
#3081=CARTESIAN_POINT('',(-91.750001385808,40.5000005140901,20.));
#3082=CARTESIAN_POINT('Origin',(-90.0000013411045,8.74999985098839,20.));
#3083=UNCERTAINTY_MEASURE_WITH_UNIT(LENGTH_MEASURE(0.01),#3087,
'DISTANCE_ACCURACY_VALUE',
'Maximum model space distance between geometric entities at asserted c
onnectivities');
#3084=UNCERTAINTY_MEASURE_WITH_UNIT(LENGTH_MEASURE(0.01),#3087,
'DISTANCE_ACCURACY_VALUE',
'Maximum model space distance between geometric entities at asserted c
onnectivities');
#3085=(
GEOMETRIC_REPRESENTATION_CONTEXT(3)
GLOBAL_UNCERTAINTY_ASSIGNED_CONTEXT((#3083))
GLOBAL_UNIT_ASSIGNED_CONTEXT((#3087,#3089,#3090))
REPRESENTATION_CONTEXT('','3D')
);
#3086=(
GEOMETRIC_REPRESENTATION_CONTEXT(3)
GLOBAL_UNCERTAINTY_ASSIGNED_CONTEXT((#3084))
GLOBAL_UNIT_ASSIGNED_CONTEXT((#3087,#3089,#3090))
REPRESENTATION_CONTEXT('','3D')
);
#3087=(
LENGTH_UNIT()
NAMED_UNIT(*)
SI_UNIT(.MILLI.,.METRE.)
);
#3088=(
LENGTH_UNIT()
NAMED_UNIT(*)
SI_UNIT($,.METRE.)
);
#3089=(
NAMED_UNIT(*)
PLANE_ANGLE_UNIT()
SI_UNIT($,.RADIAN.)
);
#3090=(
NAMED_UNIT(*)
SI_UNIT($,.STERADIAN.)
SOLID_ANGLE_UNIT()
);
#3091=SHAPE_DEFINITION_REPRESENTATION(#3092,#3093);
#3092=PRODUCT_DEFINITION_SHAPE('',$,#3095);
#3093=SHAPE_REPRESENTATION('',(#1702),#3085);
#3094=PRODUCT_DEFINITION_CONTEXT('part definition',#3099,'design');
#3095=PRODUCT_DEFINITION('ArmV20(Original)','ArmV20(Original)',#3096,#3094);
#3096=PRODUCT_DEFINITION_FORMATION('',$,#3101);
#3097=PRODUCT_RELATED_PRODUCT_CATEGORY('ArmV20(Original)',
'ArmV20(Original)',(#3101));
#3098=APPLICATION_PROTOCOL_DEFINITION('international standard',
'automotive_design',2009,#3099);
#3099=APPLICATION_CONTEXT(
'Core Data for Automotive Mechanical Design Process');
#3100=PRODUCT_CONTEXT('part definition',#3099,'mechanical');
#3101=PRODUCT('ArmV20(Original)','ArmV20(Original)',$,(#3100));
#3102=PRESENTATION_STYLE_ASSIGNMENT((#3104));
#3103=PRESENTATION_STYLE_ASSIGNMENT((#3105));
#3104=SURFACE_STYLE_USAGE(.BOTH.,#3106);
#3105=SURFACE_STYLE_USAGE(.BOTH.,#3107);
#3106=SURFACE_SIDE_STYLE('',(#3108));
#3107=SURFACE_SIDE_STYLE('',(#3109));
#3108=SURFACE_STYLE_FILL_AREA(#3110);
#3109=SURFACE_STYLE_FILL_AREA(#3111);
#3110=FILL_AREA_STYLE('Steel - Satin',(#3112));
#3111=FILL_AREA_STYLE('Powder Coat (Dark Grey)',(#3113));
#3112=FILL_AREA_STYLE_COLOUR('Steel - Satin',#3114);
#3113=FILL_AREA_STYLE_COLOUR('Powder Coat (Dark Grey)',#3115);
#3114=COLOUR_RGB('Steel - Satin',0.627450980392157,0.627450980392157,0.627450980392157);
#3115=COLOUR_RGB('Powder Coat (Dark Grey)',0.349019607843137,0.349019607843137,
0.349019607843137);
ENDSEC;
END-ISO-10303-21;
